{"type":"FeatureCollection","features":[{"type":"Feature","properties":{"name":"Sahnewal","scalerank":9,"iata":"LUH"},"geometry":{"type":"Point","coordinates":[75.95707224036518,30.850359856170176]}},{"type":"Feature","properties":{"name":"Solapur","scalerank":9,"iata":"SSE"},"geometry":{"type":"Point","coordinates":[75.93305977107549,17.625415183635024]}},{"type":"Feature","properties":{"name":"Birsa Munda","scalerank":9,"iata":"IXR"},"geometry":{"type":"Point","coordinates":[85.3235970368767,23.317724598996193]}},{"type":"Feature","properties":{"name":"Ahwaz","scalerank":9,"iata":"AWZ"},"geometry":{"type":"Point","coordinates":[48.74710654359313,31.343158556075725]}},{"type":"Feature","properties":{"name":"Gwalior","scalerank":9,"iata":"GWL"},"geometry":{"type":"Point","coordinates":[78.21721865463483,26.28548769793701]}},{"type":"Feature","properties":{"name":"Hodeidah Int'l","scalerank":9,"iata":"HOD"},"geometry":{"type":"Point","coordinates":[42.97109630194003,14.755253441372462]}},{"type":"Feature","properties":{"name":"Devi Ahilyabai Holkar Int'l","scalerank":9,"iata":"IDR"},"geometry":{"type":"Point","coordinates":[75.8092915005895,22.72774918757095]}},{"type":"Feature","properties":{"name":"Gandhinagar","scalerank":9,"iata":"ISK"},"geometry":{"type":"Point","coordinates":[73.81056749246886,19.966020567280626]}},{"type":"Feature","properties":{"name":"Chandigarh Int'l","scalerank":9,"iata":"IXC"},"geometry":{"type":"Point","coordinates":[76.80172611052417,30.670724894966725]}},{"type":"Feature","properties":{"name":"Aurangabad","scalerank":9,"iata":"IXU"},"geometry":{"type":"Point","coordinates":[75.39584329220051,19.867296962108234]}},{"type":"Feature","properties":{"name":"Faisalabad Int'l","scalerank":9,"iata":"LYP"},"geometry":{"type":"Point","coordinates":[72.9878190922305,31.362743548086222]}},{"type":"Feature","properties":{"name":"Omsk Tsentralny","scalerank":9,"iata":"OMS"},"geometry":{"type":"Point","coordinates":[73.3163595376585,54.95764829340594]}},{"type":"Feature","properties":{"name":"Novosibirsk Tolmachev","scalerank":9,"iata":"OVB"},"geometry":{"type":"Point","coordinates":[82.66715245258652,55.00958471362636]}},{"type":"Feature","properties":{"name":"Zaporozhye Int'l","scalerank":9,"iata":"OZH"},"geometry":{"type":"Point","coordinates":[35.30187285752786,47.873263557902284]}},{"type":"Feature","properties":{"name":"Simpang Tiga","scalerank":9,"iata":"PKU"},"geometry":{"type":"Point","coordinates":[101.44656929844086,0.464600872998505]}},{"type":"Feature","properties":{"name":"Rota Int'l","scalerank":9,"iata":"ROP"},"geometry":{"type":"Point","coordinates":[145.24398029858185,14.171771297121616]}},{"type":"Feature","properties":{"name":"Surgut","scalerank":9,"iata":"SGC"},"geometry":{"type":"Point","coordinates":[73.40849647643748,61.340167219448126]}},{"type":"Feature","properties":{"name":"Tiruchirappalli","scalerank":9,"iata":"TRZ"},"geometry":{"type":"Point","coordinates":[78.7089578747476,10.76035713065535]}},{"type":"Feature","properties":{"name":"Turbat Int'l","scalerank":9,"iata":"TUK"},"geometry":{"type":"Point","coordinates":[63.027933351918136,25.988794590011004]}},{"type":"Feature","properties":{"name":"Quetta Int'l","scalerank":9,"iata":"UET"},"geometry":{"type":"Point","coordinates":[66.94873114809494,30.249043186181034]}},{"type":"Feature","properties":{"name":"Zahedan Int'l","scalerank":9,"iata":"ZAH"},"geometry":{"type":"Point","coordinates":[60.90070856491495,29.475294195657344]}},{"type":"Feature","properties":{"name":"Abdul Rachman Saleh","scalerank":9,"iata":"MLG"},"geometry":{"type":"Point","coordinates":[112.71141861725775,-7.929980028405668]}},{"type":"Feature","properties":{"name":"Barnaul","scalerank":9,"iata":"BAX"},"geometry":{"type":"Point","coordinates":[83.55045321240377,53.3633850813046]}},{"type":"Feature","properties":{"name":"Adampur","scalerank":9,"iata":null},"geometry":{"type":"Point","coordinates":[75.75848284560045,31.43294223977149]}},{"type":"Feature","properties":{"name":"Bareilly","scalerank":9,"iata":null},"geometry":{"type":"Point","coordinates":[79.45200268765704,28.421808716114356]}},{"type":"Feature","properties":{"name":"Dhamial","scalerank":9,"iata":null},"geometry":{"type":"Point","coordinates":[73.03204983920023,33.56141462788605]}},{"type":"Feature","properties":{"name":"Cheongju Int'l","scalerank":9,"iata":"CJJ"},"geometry":{"type":"Point","coordinates":[127.49591612468085,36.72202277666726]}},{"type":"Feature","properties":{"name":"Gwangju","scalerank":9,"iata":"KWJ"},"geometry":{"type":"Point","coordinates":[126.81083948122644,35.14000513901977]}},{"type":"Feature","properties":{"name":"Daegu Int'l","scalerank":9,"iata":"TAE"},"geometry":{"type":"Point","coordinates":[128.63753769993312,35.89992779690866]}},{"type":"Feature","properties":{"name":"Ulsan","scalerank":9,"iata":"USN"},"geometry":{"type":"Point","coordinates":[129.35573104752825,35.59289575271069]}},{"type":"Feature","properties":{"name":"Radin Inten II","scalerank":9,"iata":"TKG"},"geometry":{"type":"Point","coordinates":[105.17606041916142,-5.242566777131995]}},{"type":"Feature","properties":{"name":"Allahabad","scalerank":9,"iata":"IXD"},"geometry":{"type":"Point","coordinates":[81.73172714621872,25.443522027820965]}},{"type":"Feature","properties":{"name":"Chelyabinsk","scalerank":9,"iata":"CEK"},"geometry":{"type":"Point","coordinates":[61.51225897402009,55.29779194960553]}},{"type":"Feature","properties":{"name":"Tainan","scalerank":8,"iata":"TNN"},"geometry":{"type":"Point","coordinates":[120.20973331809326,22.950667918346994]}},{"type":"Feature","properties":{"name":"Taichung","scalerank":8,"iata":"RMQ"},"geometry":{"type":"Point","coordinates":[120.63070354758395,24.26665555671146]}},{"type":"Feature","properties":{"name":"Rotterdam The Hague","scalerank":8,"iata":"RTM"},"geometry":{"type":"Point","coordinates":[4.433844349628765,51.94913018993815]}},{"type":"Feature","properties":{"name":"Voronezh-Chertovitskoye","scalerank":8,"iata":"VOZ"},"geometry":{"type":"Point","coordinates":[39.22544964479734,51.81261712683441]}},{"type":"Feature","properties":{"name":"Liverpool John Lennon","scalerank":8,"iata":"LPL"},"geometry":{"type":"Point","coordinates":[-2.858620657849379,53.336375105442215]}},{"type":"Feature","properties":{"name":"Vishakapatnam","scalerank":8,"iata":"VTZ"},"geometry":{"type":"Point","coordinates":[83.2235216387465,17.7279577384364]}},{"type":"Feature","properties":{"name":"Sultan Hasanuddin Int'l","scalerank":8,"iata":"UPG"},"geometry":{"type":"Point","coordinates":[119.54569134215063,-5.058936894557788]}},{"type":"Feature","properties":{"name":"Vava'u Int'l","scalerank":8,"iata":"VAV"},"geometry":{"type":"Point","coordinates":[-173.96809394415877,-18.586005855065373]}},{"type":"Feature","properties":{"name":"Newcastle Int'l","scalerank":8,"iata":"NCL"},"geometry":{"type":"Point","coordinates":[-1.71034578407216,55.037084860801954]}},{"type":"Feature","properties":{"name":"Goloson Int'l","scalerank":8,"iata":"LCE"},"geometry":{"type":"Point","coordinates":[-86.8514685020011,15.74515966591258]}},{"type":"Feature","properties":{"name":"Madinah Int'l","scalerank":8,"iata":"MED"},"geometry":{"type":"Point","coordinates":[39.69913595604174,24.54423396056608]}},{"type":"Feature","properties":{"name":"Mirabel Int'l","scalerank":8,"iata":"YMX"},"geometry":{"type":"Point","coordinates":[-74.02873829848139,45.68322509792671]}},{"type":"Feature","properties":{"name":"Palanga Int'l","scalerank":8,"iata":"PLQ"},"geometry":{"type":"Point","coordinates":[21.09744639862514,55.971342623535804]}},{"type":"Feature","properties":{"name":"Jaipur Int'l","scalerank":8,"iata":"JAI"},"geometry":{"type":"Point","coordinates":[75.80101041926682,26.821179810060464]}},{"type":"Feature","properties":{"name":"Sonari","scalerank":8,"iata":"IXW"},"geometry":{"type":"Point","coordinates":[86.17246623637757,22.815414511024233]}},{"type":"Feature","properties":{"name":"Yenisehir","scalerank":8,"iata":"YEI"},"geometry":{"type":"Point","coordinates":[29.54492,40.255539500747304]}},{"type":"Feature","properties":{"name":"Sakirpasa","scalerank":8,"iata":"ADA"},"geometry":{"type":"Point","coordinates":[35.29696142683381,36.9852090641795]}},{"type":"Feature","properties":{"name":"Kodiak","scalerank":8,"iata":"ADQ"},"geometry":{"type":"Point","coordinates":[-152.4856385152345,57.74859210704827]}},{"type":"Feature","properties":{"name":"Amarillo Int'l","scalerank":8,"iata":"AMA"},"geometry":{"type":"Point","coordinates":[-101.70535277269678,35.218403191939814]}},{"type":"Feature","properties":{"name":"Alice Springs","scalerank":8,"iata":"ASP"},"geometry":{"type":"Point","coordinates":[133.902918,-23.801968]}},{"type":"Feature","properties":{"name":"Raja Sansi Int'l","scalerank":8,"iata":"ATQ"},"geometry":{"type":"Point","coordinates":[74.80715597198244,31.706822025888847]}},{"type":"Feature","properties":{"name":"Biju Patnaik","scalerank":8,"iata":"BBI"},"geometry":{"type":"Point","coordinates":[85.81688995444293,20.252665975473413]}},{"type":"Feature","properties":{"name":"Bethel","scalerank":8,"iata":"BET"},"geometry":{"type":"Point","coordinates":[-161.8389869594397,60.77873798340883]}},{"type":"Feature","properties":{"name":"Palonegro","scalerank":8,"iata":"BGA"},"geometry":{"type":"Point","coordinates":[-73.18092077253607,7.127709154026846]}},{"type":"Feature","properties":{"name":"Birmingham Int'l","scalerank":8,"iata":"BHM"},"geometry":{"type":"Point","coordinates":[-86.75237736154624,33.56186728280577]}},{"type":"Feature","properties":{"name":"Broken Hill","scalerank":8,"iata":"BHQ"},"geometry":{"type":"Point","coordinates":[141.47040730309726,-31.998996737463017]}},{"type":"Feature","properties":{"name":"Logan Int'l","scalerank":8,"iata":"BIL"},"geometry":{"type":"Point","coordinates":[-108.53692938812462,45.803685571527836]}},{"type":"Feature","properties":{"name":"Bismarck Muni.","scalerank":8,"iata":"BIS"},"geometry":{"type":"Point","coordinates":[-100.75747130371745,46.77510666616138]}},{"type":"Feature","properties":{"name":"Del Bajio Int'l","scalerank":8,"iata":"BJX"},"geometry":{"type":"Point","coordinates":[-101.47875338246688,20.98588712119381]}},{"type":"Feature","properties":{"name":"Benin","scalerank":8,"iata":"BNI"},"geometry":{"type":"Point","coordinates":[5.603682560067003,6.317166892078184]}},{"type":"Feature","properties":{"name":"Bourgas","scalerank":8,"iata":"BOJ"},"geometry":{"type":"Point","coordinates":[27.51640936629526,42.56708354877019]}},{"type":"Feature","properties":{"name":"Bremen","scalerank":8,"iata":"BRE"},"geometry":{"type":"Point","coordinates":[8.7858617703132,53.052287104156015]}},{"type":"Feature","properties":{"name":"Jacinto Lara Int'l","scalerank":8,"iata":"BRM"},"geometry":{"type":"Point","coordinates":[-69.356102,10.0453]}},{"type":"Feature","properties":{"name":"Brownsville-South Padre Island Int'l","scalerank":8,"iata":"BRO"},"geometry":{"type":"Point","coordinates":[-97.43176534023202,25.906274354534673]}},{"type":"Feature","properties":{"name":"Bristol Int'l","scalerank":8,"iata":"BRS"},"geometry":{"type":"Point","coordinates":[-2.710864691343084,51.38629341891484]}},{"type":"Feature","properties":{"name":"Baton Rouge Metro","scalerank":8,"iata":"BTR"},"geometry":{"type":"Point","coordinates":[-91.15675440481048,30.532613804058556]}},{"type":"Feature","properties":{"name":"Bratislava-M.R. Stefanik","scalerank":8,"iata":"BTS"},"geometry":{"type":"Point","coordinates":[17.19998500222079,48.16983790625349]}},{"type":"Feature","properties":{"name":"Burlington Int'l","scalerank":8,"iata":"BTV"},"geometry":{"type":"Point","coordinates":[-73.15507877906677,44.469206604073214]}},{"type":"Feature","properties":{"name":"Columbia Metro","scalerank":8,"iata":"CAE"},"geometry":{"type":"Point","coordinates":[-81.10933524293772,33.934205458427535]}},{"type":"Feature","properties":{"name":"Calicut Int'l","scalerank":8,"iata":"CCJ"},"geometry":{"type":"Point","coordinates":[75.95099306305104,11.1395520526064]}},{"type":"Feature","properties":{"name":"Cocos (Keeling) Islands","scalerank":8,"iata":"CCK"},"geometry":{"type":"Point","coordinates":[96.82874721442073,-12.185158595329305]}},{"type":"Feature","properties":{"name":"Corfu Int'l (Ioannis Kapodistrias)","scalerank":8,"iata":"CFU"},"geometry":{"type":"Point","coordinates":[19.914756164166214,39.60675545052586]}},{"type":"Feature","properties":{"name":"Changchun Longjia Int'l","scalerank":8,"iata":"CGQ"},"geometry":{"type":"Point","coordinates":[125.69045681299836,43.99301147957697]}},{"type":"Feature","properties":{"name":"Charleston Int'l","scalerank":8,"iata":"CHS"},"geometry":{"type":"Point","coordinates":[-80.03693374382624,32.884530156296464]}},{"type":"Feature","properties":{"name":"Coimbatore","scalerank":8,"iata":"CJB"},"geometry":{"type":"Point","coordinates":[77.03889377226204,11.030141512598268]}},{"type":"Feature","properties":{"name":"Someseni","scalerank":8,"iata":"CLJ"},"geometry":{"type":"Point","coordinates":[23.68698126804856,46.78266263402428]}},{"type":"Feature","properties":{"name":"Ignacio Agramonte","scalerank":8,"iata":"CMW"},"geometry":{"type":"Point","coordinates":[-77.84510399351666,21.424703728196057]}},{"type":"Feature","properties":{"name":"Casper/Natrona County Int'l","scalerank":8,"iata":"CPR"},"geometry":{"type":"Point","coordinates":[-106.46444480969178,42.89719004830057]}},{"type":"Feature","properties":{"name":"Clark Int'l","scalerank":8,"iata":"CRK"},"geometry":{"type":"Point","coordinates":[120.55077022391397,15.187642242388833]}},{"type":"Feature","properties":{"name":"Yeager","scalerank":8,"iata":"CRW"},"geometry":{"type":"Point","coordinates":[-81.5964164667526,38.37059143728646]}},{"type":"Feature","properties":{"name":"Catania Fontanarossa","scalerank":8,"iata":"CTA"},"geometry":{"type":"Point","coordinates":[15.067460500705343,37.470072800341015]}},{"type":"Feature","properties":{"name":"Chetumal Int'l","scalerank":8,"iata":"CTM"},"geometry":{"type":"Point","coordinates":[-88.3242600415365,18.506434233376005]}},{"type":"Feature","properties":{"name":"Cardiff","scalerank":8,"iata":"CWL"},"geometry":{"type":"Point","coordinates":[-3.339568764291176,51.39862209110174]}},{"type":"Feature","properties":{"name":"Gerrard Smith","scalerank":8,"iata":"CYB"},"geometry":{"type":"Point","coordinates":[-79.87946163800297,19.68986539628435]}},{"type":"Feature","properties":{"name":"Cozumel Int'l","scalerank":8,"iata":"CZM"},"geometry":{"type":"Point","coordinates":[-86.93040640704362,20.51155437716472]}},{"type":"Feature","properties":{"name":"James M. Cox Dayton Int'l","scalerank":8,"iata":"DAY"},"geometry":{"type":"Point","coordinates":[-84.22045942381024,39.8990402865362]}},{"type":"Feature","properties":{"name":"Dubbo","scalerank":8,"iata":"DBO"},"geometry":{"type":"Point","coordinates":[148.569717,-32.218681]}},{"type":"Feature","properties":{"name":"Washington Nat'l","scalerank":8,"iata":"DCA"},"geometry":{"type":"Point","coordinates":[-77.04333739256312,38.853716201212265]}},{"type":"Feature","properties":{"name":"Durango Int'l","scalerank":8,"iata":"DGO"},"geometry":{"type":"Point","coordinates":[-104.53384602496385,24.12619483261825]}},{"type":"Feature","properties":{"name":"Voloskoye","scalerank":8,"iata":"DNK"},"geometry":{"type":"Point","coordinates":[35.09390602249747,48.36757180211169]}},{"type":"Feature","properties":{"name":"Donetsk","scalerank":8,"iata":"DOK"},"geometry":{"type":"Point","coordinates":[37.744808557210334,48.06916712855819]}},{"type":"Feature","properties":{"name":"Santa Bernardina Int'l","scalerank":8,"iata":"DZO"},"geometry":{"type":"Point","coordinates":[-56.49926362137442,-33.35910844755007]}},{"type":"Feature","properties":{"name":"Edinburgh Int'l","scalerank":8,"iata":"EDI"},"geometry":{"type":"Point","coordinates":[-3.364284685135545,55.9485540113639]}},{"type":"Feature","properties":{"name":"Terrance B. Lettsome Int'l","scalerank":8,"iata":"EIS"},"geometry":{"type":"Point","coordinates":[-64.53715143657945,18.444361855798306]}},{"type":"Feature","properties":{"name":"Elko Reg.","scalerank":8,"iata":"EKO"},"geometry":{"type":"Point","coordinates":[-115.78647923224912,40.82760588152249]}},{"type":"Feature","properties":{"name":"Ensenada","scalerank":8,"iata":"ESE"},"geometry":{"type":"Point","coordinates":[-116.59572440041782,31.797713976056865]}},{"type":"Feature","properties":{"name":"Vagar","scalerank":8,"iata":"FAE"},"geometry":{"type":"Point","coordinates":[-7.2708,62.0625]}},{"type":"Feature","properties":{"name":"Hector Int'l","scalerank":8,"iata":"FAR"},"geometry":{"type":"Point","coordinates":[-96.8254561269675,46.919817881132275]}},{"type":"Feature","properties":{"name":"Fresno Yosemite Int'l","scalerank":8,"iata":"FAT"},"geometry":{"type":"Point","coordinates":[-119.72000132357581,36.76981283739594]}},{"type":"Feature","properties":{"name":"Flagstaff Pulliam","scalerank":8,"iata":"FLG"},"geometry":{"type":"Point","coordinates":[-111.6746561716751,35.13891167579759]}},{"type":"Feature","properties":{"name":"Mundo Maya Int'l","scalerank":8,"iata":"FRS"},"geometry":{"type":"Point","coordinates":[-89.87784042265082,16.914974164222567]}},{"type":"Feature","properties":{"name":"Sioux Falls Reg.","scalerank":8,"iata":"FSD"},"geometry":{"type":"Point","coordinates":[-96.73138310175408,43.58019349727632]}},{"type":"Feature","properties":{"name":"Spokane Int'l","scalerank":8,"iata":"GEG"},"geometry":{"type":"Point","coordinates":[-117.53683662858516,47.62547812783678]}},{"type":"Feature","properties":{"name":"Exuma Int'l","scalerank":8,"iata":"GGT"},"geometry":{"type":"Point","coordinates":[-75.87261308530395,23.56388290692585]}},{"type":"Feature","properties":{"name":"Gibraltar","scalerank":8,"iata":"GIB"},"geometry":{"type":"Point","coordinates":[-5.346771800333878,36.15127475041734]}},{"type":"Feature","properties":{"name":"Gerald R. Ford Int'l","scalerank":8,"iata":"GRR"},"geometry":{"type":"Point","coordinates":[-85.52957320727401,42.88477760209079]}},{"type":"Feature","properties":{"name":"Triad Int'l","scalerank":8,"iata":"GSO"},"geometry":{"type":"Point","coordinates":[-79.93648675774836,36.105378199893245]}},{"type":"Feature","properties":{"name":"Great Falls Int'l","scalerank":8,"iata":"GTF"},"geometry":{"type":"Point","coordinates":[-111.35668472784,47.482270729263035]}},{"type":"Feature","properties":{"name":"Gaziantep Oguzeli Int'l","scalerank":8,"iata":"GZT"},"geometry":{"type":"Point","coordinates":[37.473803252189995,36.945363344687536]}},{"type":"Feature","properties":{"name":"Hubli","scalerank":8,"iata":"HBX"},"geometry":{"type":"Point","coordinates":[75.08631556802813,15.359183338622918]}},{"type":"Feature","properties":{"name":"Hat Yai Int'l","scalerank":8,"iata":"HDY"},"geometry":{"type":"Point","coordinates":[100.39375127467132,6.93634231940664]}},{"type":"Feature","properties":{"name":"Hefei-Luogang","scalerank":8,"iata":"HFE"},"geometry":{"type":"Point","coordinates":[117.30419701588772,31.77985767957784]}},{"type":"Feature","properties":{"name":"Hurghada Int'l","scalerank":8,"iata":"HRG"},"geometry":{"type":"Point","coordinates":[33.807160641411784,27.18042609181859]}},{"type":"Feature","properties":{"name":"Kharkov Int'l","scalerank":8,"iata":"HRK"},"geometry":{"type":"Point","coordinates":[36.28220107735029,49.92153606315507]}},{"type":"Feature","properties":{"name":"Huntsville Int'l","scalerank":8,"iata":"HSV"},"geometry":{"type":"Point","coordinates":[-86.77494305633734,34.648334460931935]}},{"type":"Feature","properties":{"name":"Ibadan","scalerank":8,"iata":"IBA"},"geometry":{"type":"Point","coordinates":[3.973813343322902,7.360343972693927]}},{"type":"Feature","properties":{"name":"Kansas City Int'l","scalerank":8,"iata":"ICT"},"geometry":{"type":"Point","coordinates":[-97.4287387683976,37.6529279603903]}},{"type":"Feature","properties":{"name":"Wilmington Int'l","scalerank":8,"iata":"ILM"},"geometry":{"type":"Point","coordinates":[-77.91037565604692,34.266784067199566]}},{"type":"Feature","properties":{"name":"Ilorin Int'l","scalerank":8,"iata":"ILR"},"geometry":{"type":"Point","coordinates":[4.494840388199345,8.435376519352406]}},{"type":"Feature","properties":{"name":"Falls Int'l","scalerank":8,"iata":"INL"},"geometry":{"type":"Point","coordinates":[-93.39800275527939,48.56599308484143]}},{"type":"Feature","properties":{"name":"Inverness","scalerank":8,"iata":"INV"},"geometry":{"type":"Point","coordinates":[-4.063591755871405,57.53950029234238]}},{"type":"Feature","properties":{"name":"Imperial Cty.","scalerank":8,"iata":"IPL"},"geometry":{"type":"Point","coordinates":[-115.57199556657955,32.8339586685524]}},{"type":"Feature","properties":{"name":"Jammu","scalerank":8,"iata":"IXJ"},"geometry":{"type":"Point","coordinates":[74.8423077638915,32.68104288862249]}},{"type":"Feature","properties":{"name":"Madurai","scalerank":8,"iata":"IXM"},"geometry":{"type":"Point","coordinates":[78.09113949371941,9.837186278775658]}},{"type":"Feature","properties":{"name":"Jodhpur","scalerank":8,"iata":"JDH"},"geometry":{"type":"Point","coordinates":[73.05054918956712,26.26376234583514]}},{"type":"Feature","properties":{"name":"Jabalpur","scalerank":8,"iata":"JLR"},"geometry":{"type":"Point","coordinates":[80.0587438885277,23.1845328746465]}},{"type":"Feature","properties":{"name":"Kilimanjaro Int'l","scalerank":8,"iata":"JRO"},"geometry":{"type":"Point","coordinates":[37.06518960677478,-3.424444959981779]}},{"type":"Feature","properties":{"name":"Kaduna","scalerank":8,"iata":"KAD"},"geometry":{"type":"Point","coordinates":[7.325253474074342,10.694619286239067]}},{"type":"Feature","properties":{"name":"Kananga","scalerank":8,"iata":"KGA"},"geometry":{"type":"Point","coordinates":[22.47833324826895,-5.900166562270408]}},{"type":"Feature","properties":{"name":"Kumasi","scalerank":8,"iata":"KMS"},"geometry":{"type":"Point","coordinates":[-1.592575265823615,6.714606387503645]}},{"type":"Feature","properties":{"name":"Vina del Mar","scalerank":8,"iata":"KNA"},"geometry":{"type":"Point","coordinates":[-71.4806025354969,-32.94839176513599]}},{"type":"Feature","properties":{"name":"Kanpur","scalerank":8,"iata":"KNU"},"geometry":{"type":"Point","coordinates":[80.36753387720022,26.43883344670418]}},{"type":"Feature","properties":{"name":"Kona Int'l at Keahole","scalerank":8,"iata":"KOA"},"geometry":{"type":"Point","coordinates":[-156.04088947105768,19.737099139944235]}},{"type":"Feature","properties":{"name":"Kirkwall","scalerank":8,"iata":"KOI"},"geometry":{"type":"Point","coordinates":[-2.901378495245077,58.95442887883035]}},{"type":"Feature","properties":{"name":"Kota","scalerank":8,"iata":"KTU"},"geometry":{"type":"Point","coordinates":[75.85049779445515,25.16341871667427]}},{"type":"Feature","properties":{"name":"Konya","scalerank":8,"iata":"KYA"},"geometry":{"type":"Point","coordinates":[32.575673266968714,37.98399455316949]}},{"type":"Feature","properties":{"name":"Blue Grass","scalerank":8,"iata":"LEX"},"geometry":{"type":"Point","coordinates":[-84.59826819187857,38.03742731813716]}},{"type":"Feature","properties":{"name":"Lihue","scalerank":8,"iata":"LIH"},"geometry":{"type":"Point","coordinates":[-159.34908429052206,21.978124316208824]}},{"type":"Feature","properties":{"name":"Little Rock National","scalerank":8,"iata":"LIT"},"geometry":{"type":"Point","coordinates":[-92.22058813192886,34.728430041517875]}},{"type":"Feature","properties":{"name":"Los Mochis","scalerank":8,"iata":"LMM"},"geometry":{"type":"Point","coordinates":[-109.08269464526103,25.68850882609902]}},{"type":"Feature","properties":{"name":"Venustiano Carranza Int'l","scalerank":8,"iata":"LOV"},"geometry":{"type":"Point","coordinates":[-101.46496003175058,26.955392716069884]}},{"type":"Feature","properties":{"name":"Laredo Int'l","scalerank":8,"iata":"LRD"},"geometry":{"type":"Point","coordinates":[-99.45566039765133,27.54366571758247]}},{"type":"Feature","properties":{"name":"Sumburgh","scalerank":8,"iata":"LSI"},"geometry":{"type":"Point","coordinates":[-1.288060688387535,59.87668995989993]}},{"type":"Feature","properties":{"name":"Bassel Al-Assad Int'l","scalerank":8,"iata":"LTK"},"geometry":{"type":"Point","coordinates":[35.944240709666296,35.407311459674354]}},{"type":"Feature","properties":{"name":"London Luton","scalerank":8,"iata":"LTN"},"geometry":{"type":"Point","coordinates":[-0.376227267397439,51.8802952570969]}},{"type":"Feature","properties":{"name":"Svalbard Longyear","scalerank":8,"iata":"LYR"},"geometry":{"type":"Point","coordinates":[15.495229,78.246717]}},{"type":"Feature","properties":{"name":"Sangster Int'l","scalerank":8,"iata":"MBJ"},"geometry":{"type":"Point","coordinates":[-77.91839076357516,18.501154929824885]}},{"type":"Feature","properties":{"name":"Mandalay Int'l","scalerank":8,"iata":"MDL"},"geometry":{"type":"Point","coordinates":[95.97065359502169,21.705549068027405]}},{"type":"Feature","properties":{"name":"Chicago Midway Int'l","scalerank":8,"iata":"MDW"},"geometry":{"type":"Point","coordinates":[-87.74212668856121,41.78834925974092]}},{"type":"Feature","properties":{"name":"Eloy Alfaro Int'l","scalerank":8,"iata":"MEC"},"geometry":{"type":"Point","coordinates":[-80.68338459957742,-0.949557002112883]}},{"type":"Feature","properties":{"name":"Montgomery Reg.","scalerank":8,"iata":"MGM"},"geometry":{"type":"Point","coordinates":[-86.39030746026862,32.304587990963064]}},{"type":"Feature","properties":{"name":"Manchester-Boston Reg.","scalerank":8,"iata":"MHT"},"geometry":{"type":"Point","coordinates":[-71.43752390918567,42.92791399458855]}},{"type":"Feature","properties":{"name":"Maiduguri Int'l","scalerank":8,"iata":"MIU"},"geometry":{"type":"Point","coordinates":[13.085139016247085,11.853471318852687]}},{"type":"Feature","properties":{"name":"Mbuji Mayi","scalerank":8,"iata":"MJM"},"geometry":{"type":"Point","coordinates":[23.572109198905228,-6.124845413488115]}},{"type":"Feature","properties":{"name":"Minot Int'l","scalerank":8,"iata":"MOT"},"geometry":{"type":"Point","coordinates":[-101.29138553129988,48.25560492128391]}},{"type":"Feature","properties":{"name":"Missoula Int'l","scalerank":8,"iata":"MSO"},"geometry":{"type":"Point","coordinates":[-114.08369492365063,46.91876047688307]}},{"type":"Feature","properties":{"name":"Gen R.S. Taboada Int'l","scalerank":8,"iata":"MXL"},"geometry":{"type":"Point","coordinates":[-115.24787404784124,32.628564332460684]}},{"type":"Feature","properties":{"name":"Malpensa","scalerank":8,"iata":"MXP"},"geometry":{"type":"Point","coordinates":[8.712959535024368,45.62744051403809]}},{"type":"Feature","properties":{"name":"Norfolk Island","scalerank":8,"iata":"NLK"},"geometry":{"type":"Point","coordinates":[167.94339411620473,-29.035159255527493]}},{"type":"Feature","properties":{"name":"Nurnberg","scalerank":8,"iata":"NUE"},"geometry":{"type":"Point","coordinates":[11.077417973909556,49.49450521703445]}},{"type":"Feature","properties":{"name":"Odessa Int'l","scalerank":8,"iata":"ODS"},"geometry":{"type":"Point","coordinates":[30.676830831020588,46.44062687591064]}},{"type":"Feature","properties":{"name":"Gold Coast","scalerank":8,"iata":"OOL"},"geometry":{"type":"Point","coordinates":[153.5128762643033,-28.166516854020163]}},{"type":"Feature","properties":{"name":"Oran Es Senia","scalerank":8,"iata":"ORN"},"geometry":{"type":"Point","coordinates":[-0.60679696443112,35.62027473127345]}},{"type":"Feature","properties":{"name":"Lok Nayak Jaiprakash","scalerank":8,"iata":"PAT"},"geometry":{"type":"Point","coordinates":[85.09090213146632,25.594443429560453]}},{"type":"Feature","properties":{"name":"Paysandu","scalerank":8,"iata":"PDU"},"geometry":{"type":"Point","coordinates":[-58.0685346825257,-32.36145452927226]}},{"type":"Feature","properties":{"name":"Paphos Int'l","scalerank":8,"iata":"PFO"},"geometry":{"type":"Point","coordinates":[32.483232206492644,34.71340128173351]}},{"type":"Feature","properties":{"name":"Sultan Mahmud Badaruddin II","scalerank":8,"iata":"PLM"},"geometry":{"type":"Point","coordinates":[104.69912832676162,-2.899993450059967]}},{"type":"Feature","properties":{"name":"Polokwane Int'l","scalerank":8,"iata":"PTG"},"geometry":{"type":"Point","coordinates":[29.45334036456435,-23.858986270165953]}},{"type":"Feature","properties":{"name":"Punta Cana","scalerank":8,"iata":"PUJ"},"geometry":{"type":"Point","coordinates":[-68.3632351074649,18.56303903398704]}},{"type":"Feature","properties":{"name":"Queretaro Int'l","scalerank":8,"iata":"QRO"},"geometry":{"type":"Point","coordinates":[-100.18735943002979,20.62246607127796]}},{"type":"Feature","properties":{"name":"Rajkot","scalerank":8,"iata":"RAJ"},"geometry":{"type":"Point","coordinates":[70.7799548311565,22.309281698836052]}},{"type":"Feature","properties":{"name":"Richmond Int'l","scalerank":8,"iata":"RIC"},"geometry":{"type":"Point","coordinates":[-77.33311963811302,37.50828997509012]}},{"type":"Feature","properties":{"name":"Shah Makhdum","scalerank":8,"iata":"RJH"},"geometry":{"type":"Point","coordinates":[88.61380457044305,24.44480686230351]}},{"type":"Feature","properties":{"name":"Greater Rochester Int'l","scalerank":8,"iata":"ROC"},"geometry":{"type":"Point","coordinates":[-77.66524450621966,43.127551982648235]}},{"type":"Feature","properties":{"name":"Rockhampton","scalerank":8,"iata":"ROK"},"geometry":{"type":"Point","coordinates":[150.4789,-23.378599]}},{"type":"Feature","properties":{"name":"Rostov-on-Don","scalerank":8,"iata":"ROV"},"geometry":{"type":"Point","coordinates":[39.80351444453908,47.255111951975394]}},{"type":"Feature","properties":{"name":"Saratov","scalerank":8,"iata":"RTW"},"geometry":{"type":"Point","coordinates":[46.03502324989101,51.560645650884204]}},{"type":"Feature","properties":{"name":"Ramon Villeda Morales Int'l","scalerank":8,"iata":"SAP"},"geometry":{"type":"Point","coordinates":[-87.92723651254093,15.455863052488276]}},{"type":"Feature","properties":{"name":"Santa Barbara Muni.","scalerank":8,"iata":"SBA"},"geometry":{"type":"Point","coordinates":[-119.83660158079981,34.42573129787832]}},{"type":"Feature","properties":{"name":"Deadhorse","scalerank":8,"iata":"SCC"},"geometry":{"type":"Point","coordinates":[-148.457855,70.19751]}},{"type":"Feature","properties":{"name":"Kangerlussuaq","scalerank":8,"iata":"SFJ"},"geometry":{"type":"Point","coordinates":[-50.694199,67.018097]}},{"type":"Feature","properties":{"name":"Springfield Reg.","scalerank":8,"iata":"SGF"},"geometry":{"type":"Point","coordinates":[-93.3826379012003,37.24214449030243]}},{"type":"Feature","properties":{"name":"Shreveport Reg.","scalerank":8,"iata":"SHV"},"geometry":{"type":"Point","coordinates":[-93.82852222295027,32.45457988665127]}},{"type":"Feature","properties":{"name":"Simferopol Int'l","scalerank":8,"iata":"SIP"},"geometry":{"type":"Point","coordinates":[33.99605292445367,45.020217397816495]}},{"type":"Feature","properties":{"name":"Sitka Rocky Gutierrez","scalerank":8,"iata":"SIT"},"geometry":{"type":"Point","coordinates":[-135.365692,57.05349]}},{"type":"Feature","properties":{"name":"Los Cabos Int'l","scalerank":8,"iata":"SJD"},"geometry":{"type":"Point","coordinates":[-109.71785838690921,23.162657448359653]}},{"type":"Feature","properties":{"name":"McNary Field","scalerank":8,"iata":"SLE"},"geometry":{"type":"Point","coordinates":[-123.00787147940393,44.91051384521425]}},{"type":"Feature","properties":{"name":"Plan de Guadalupe","scalerank":8,"iata":"SLW"},"geometry":{"type":"Point","coordinates":[-100.93226054858748,25.54799764199738]}},{"type":"Feature","properties":{"name":"Shannon","scalerank":8,"iata":"SNN"},"geometry":{"type":"Point","coordinates":[-8.922428855576857,52.693453710253166]}},{"type":"Feature","properties":{"name":"Santo Pekoa Int'l","scalerank":8,"iata":"SON"},"geometry":{"type":"Point","coordinates":[167.22089491937467,-15.505538737085832]}},{"type":"Feature","properties":{"name":"Achmad Yani","scalerank":8,"iata":"SRG"},"geometry":{"type":"Point","coordinates":[110.37855625566573,-6.978734849569817]}},{"type":"Feature","properties":{"name":"Srinagar","scalerank":8,"iata":"SXR"},"geometry":{"type":"Point","coordinates":[74.78262436723114,33.98309094316232]}},{"type":"Feature","properties":{"name":"Tapachula Int'l","scalerank":8,"iata":"TAP"},"geometry":{"type":"Point","coordinates":[-92.370003,14.791128133877267]}},{"type":"Feature","properties":{"name":"Podgorica","scalerank":8,"iata":"TGD"},"geometry":{"type":"Point","coordinates":[19.246686861887266,42.367933519542824]}},{"type":"Feature","properties":{"name":"Tallahassee Reg.","scalerank":8,"iata":"TLH"},"geometry":{"type":"Point","coordinates":[-84.34499539848576,30.395557617693783]}},{"type":"Feature","properties":{"name":"Turin Int'l","scalerank":8,"iata":"TRN"},"geometry":{"type":"Point","coordinates":[7.644162303621328,45.19166007346417]}},{"type":"Feature","properties":{"name":"Taiyuan Wusu Int'l","scalerank":8,"iata":"TYN"},"geometry":{"type":"Point","coordinates":[112.62589153931525,37.754511779151215]}},{"type":"Feature","properties":{"name":"Narsarsuaq","scalerank":8,"iata":"UAK"},"geometry":{"type":"Point","coordinates":[-45.41640089231083,61.16259683373283]}},{"type":"Feature","properties":{"name":"Rayong","scalerank":8,"iata":"UTP"},"geometry":{"type":"Point","coordinates":[101.00020929048034,12.685293091266386]}},{"type":"Feature","properties":{"name":"Victoria Falls","scalerank":8,"iata":"VFA"},"geometry":{"type":"Point","coordinates":[25.846767720882564,-18.099015598368197]}},{"type":"Feature","properties":{"name":"Vijaywada","scalerank":8,"iata":"VGA"},"geometry":{"type":"Point","coordinates":[80.7973080000675,16.528642778235014]}},{"type":"Feature","properties":{"name":"Varanasi","scalerank":8,"iata":"VNS"},"geometry":{"type":"Point","coordinates":[82.85387419135274,25.449907732982243]}},{"type":"Feature","properties":{"name":"Juan Gualberto Gomez","scalerank":8,"iata":"VRA"},"geometry":{"type":"Point","coordinates":[-81.43671038506231,23.039542233963147]}},{"type":"Feature","properties":{"name":"Villahermosa","scalerank":8,"iata":"VSA"},"geometry":{"type":"Point","coordinates":[-92.81906758362618,17.993066011311075]}},{"type":"Feature","properties":{"name":"Brandon","scalerank":8,"iata":"YBR"},"geometry":{"type":"Point","coordinates":[-99.94589590024634,49.904727941027694]}},{"type":"Feature","properties":{"name":"CFB Edmonton","scalerank":8,"iata":"YED"},"geometry":{"type":"Point","coordinates":[-113.47883905449686,53.67491566186677]}},{"type":"Feature","properties":{"name":"Iqaluit","scalerank":8,"iata":"YFB"},"geometry":{"type":"Point","coordinates":[-68.53672924418116,63.751152353780704]}},{"type":"Feature","properties":{"name":"John C. Munro Hamilton Int'l","scalerank":8,"iata":"YHM"},"geometry":{"type":"Point","coordinates":[-79.92642309599673,43.16336053050961]}},{"type":"Feature","properties":{"name":"Fort McMurray","scalerank":8,"iata":"YMM"},"geometry":{"type":"Point","coordinates":[-111.22384004661691,56.65631713909619]}},{"type":"Feature","properties":{"name":"Yantai","scalerank":8,"iata":"YNT"},"geometry":{"type":"Point","coordinates":[121.37204741777312,37.407704472692394]}},{"type":"Feature","properties":{"name":"Peace River","scalerank":8,"iata":"YPE"},"geometry":{"type":"Point","coordinates":[-117.4436632080815,56.231924036744985]}},{"type":"Feature","properties":{"name":"Greater Moncton Int'l","scalerank":8,"iata":"YQM"},"geometry":{"type":"Point","coordinates":[-64.68866968073613,46.11620596392595]}},{"type":"Feature","properties":{"name":"Sydney/J.A. Douglas McCurdy","scalerank":8,"iata":"YQY"},"geometry":{"type":"Point","coordinates":[-60.04693721170264,46.16734058905036]}},{"type":"Feature","properties":{"name":"Resolute Bay","scalerank":8,"iata":"YRB"},"geometry":{"type":"Point","coordinates":[-94.97080232440061,74.71818609875942]}},{"type":"Feature","properties":{"name":"Fort Smith","scalerank":8,"iata":"YSM"},"geometry":{"type":"Point","coordinates":[-111.96105993815773,60.01987496024426]}},{"type":"Feature","properties":{"name":"Thompson","scalerank":8,"iata":"YTH"},"geometry":{"type":"Point","coordinates":[-97.860733,55.797482]}},{"type":"Feature","properties":{"name":"Timmins","scalerank":8,"iata":"YTS"},"geometry":{"type":"Point","coordinates":[-81.372047,48.566158]}},{"type":"Feature","properties":{"name":"Repulse Bay","scalerank":8,"iata":"YUT"},"geometry":{"type":"Point","coordinates":[-86.25,66.533302]}},{"type":"Feature","properties":{"name":"Kuujjuaq","scalerank":8,"iata":"YVP"},"geometry":{"type":"Point","coordinates":[-68.433342,58.101959]}},{"type":"Feature","properties":{"name":"Wabush","scalerank":8,"iata":"YWK"},"geometry":{"type":"Point","coordinates":[-66.873009,52.926071]}},{"type":"Feature","properties":{"name":"Edmonton City Centre","scalerank":8,"iata":"YXD"},"geometry":{"type":"Point","coordinates":[-113.52297368858079,53.57094365828116]}},{"type":"Feature","properties":{"name":"Fort St. John (N. Peace)","scalerank":8,"iata":"YXJ"},"geometry":{"type":"Point","coordinates":[-120.736439,56.246035]}},{"type":"Feature","properties":{"name":"North Bay/Jack Garland","scalerank":8,"iata":"YYB"},"geometry":{"type":"Point","coordinates":[-79.42491,46.358711]}},{"type":"Feature","properties":{"name":"Zaria","scalerank":8,"iata":"ZAR"},"geometry":{"type":"Point","coordinates":[7.687267643105769,11.135295860107082]}},{"type":"Feature","properties":{"name":"Skopje","scalerank":8,"iata":"SKP"},"geometry":{"type":"Point","coordinates":[21.62819718582291,41.95645460815443]}},{"type":"Feature","properties":{"name":"Burnpur","scalerank":8,"iata":null},"geometry":{"type":"Point","coordinates":[86.97454677657299,23.631217910776442]}},{"type":"Feature","properties":{"name":"Hindon Air Force Station","scalerank":8,"iata":null},"geometry":{"type":"Point","coordinates":[77.35078887791173,28.70779686010708]}},{"type":"Feature","properties":{"name":"Sunchon","scalerank":8,"iata":null},"geometry":{"type":"Point","coordinates":[125.89082505748561,39.411965971056546]}},{"type":"Feature","properties":{"name":"Lodz Wladyslaw Reymont","scalerank":8,"iata":"LCJ"},"geometry":{"type":"Point","coordinates":[19.403214874403695,51.727207045169955]}},{"type":"Feature","properties":{"name":"Alma Ata N.W.","scalerank":8,"iata":"BXJ"},"geometry":{"type":"Point","coordinates":[76.87826400966476,43.355419083791865]}},{"type":"Feature","properties":{"name":"Jiamusi Dongjiao","scalerank":8,"iata":"JMU"},"geometry":{"type":"Point","coordinates":[130.4562047044068,46.843015022337944]}},{"type":"Feature","properties":{"name":"Mudanjiang Hailang","scalerank":8,"iata":"MDG"},"geometry":{"type":"Point","coordinates":[129.5801515322203,44.53429362999352]}},{"type":"Feature","properties":{"name":"Severomorsk-3 (Murmansk N.E.)","scalerank":8,"iata":null},"geometry":{"type":"Point","coordinates":[33.29035276162853,69.0168711826804]}},{"type":"Feature","properties":{"name":"Mosul Int'l","scalerank":8,"iata":"OSB"},"geometry":{"type":"Point","coordinates":[43.145802,36.308601]}},{"type":"Feature","properties":{"name":"Rostov N.","scalerank":8,"iata":null},"geometry":{"type":"Point","coordinates":[39.635399634366465,47.277420920286694]}},{"type":"Feature","properties":{"name":"Rostov S.W.","scalerank":8,"iata":null},"geometry":{"type":"Point","coordinates":[39.797221534514875,47.1158577255835]}},{"type":"Feature","properties":{"name":"Oulu","scalerank":8,"iata":"OUL"},"geometry":{"type":"Point","coordinates":[25.372837470430696,64.92879923588488]}},{"type":"Feature","properties":{"name":"Bordeaux","scalerank":8,"iata":"BOD"},"geometry":{"type":"Point","coordinates":[-0.701793449075243,44.832110866267385]}},{"type":"Feature","properties":{"name":"Mandelieu","scalerank":8,"iata":"CEQ"},"geometry":{"type":"Point","coordinates":[6.954316120289373,43.54609798704497]}},{"type":"Feature","properties":{"name":"St Gatien","scalerank":8,"iata":"DOL"},"geometry":{"type":"Point","coordinates":[0.158653528230218,49.361660998660916]}},{"type":"Feature","properties":{"name":"Lille-Lesquin","scalerank":8,"iata":"LIL"},"geometry":{"type":"Point","coordinates":[3.105964997998135,50.57164239295806]}},{"type":"Feature","properties":{"name":"Toulouse-Blagnac","scalerank":8,"iata":"TLS"},"geometry":{"type":"Point","coordinates":[1.373509185511527,43.63046256616009]}},{"type":"Feature","properties":{"name":"Fukuoka","scalerank":8,"iata":"FUK"},"geometry":{"type":"Point","coordinates":[130.44418954188373,33.58481643325734]}},{"type":"Feature","properties":{"name":"Hiroshima-Nishi","scalerank":8,"iata":"HIW"},"geometry":{"type":"Point","coordinates":[132.419372741681,34.37138156288289]}},{"type":"Feature","properties":{"name":"Nagoya","scalerank":8,"iata":"NKM"},"geometry":{"type":"Point","coordinates":[136.9196283841399,35.254053205286695]}},{"type":"Feature","properties":{"name":"Sendai","scalerank":8,"iata":"SDJ"},"geometry":{"type":"Point","coordinates":[140.93024738136907,38.138207561528674]}},{"type":"Feature","properties":{"name":"Kirkenes Hoybuktmoen","scalerank":8,"iata":"KKN"},"geometry":{"type":"Point","coordinates":[29.891348950040616,69.72383181136918]}},{"type":"Feature","properties":{"name":"Marechal Rondon Int'l","scalerank":8,"iata":"CGB"},"geometry":{"type":"Point","coordinates":[-56.120177475472424,-15.651147019195495]}},{"type":"Feature","properties":{"name":"Hercilio Luz Int'l","scalerank":8,"iata":"FLN"},"geometry":{"type":"Point","coordinates":[-48.544812204959904,-27.664627694163833]}},{"type":"Feature","properties":{"name":"Joinville-Lauro C. de Loyola","scalerank":8,"iata":"JOI"},"geometry":{"type":"Point","coordinates":[-48.80164981656161,-26.224294137478456]}},{"type":"Feature","properties":{"name":"Presidente Castro Pinto Int'l","scalerank":8,"iata":"JPA"},"geometry":{"type":"Point","coordinates":[-34.9488925911125,-7.146174624020474]}},{"type":"Feature","properties":{"name":"Augusto Severo Int'l","scalerank":8,"iata":"NAT"},"geometry":{"type":"Point","coordinates":[-35.24884101653892,-5.899120544771162]}},{"type":"Feature","properties":{"name":"Francisco Sa Carneiro","scalerank":8,"iata":"OPO"},"geometry":{"type":"Point","coordinates":[-8.671272407196472,41.23687089204524]}},{"type":"Feature","properties":{"name":"Marechal Cunha Machado Int'l","scalerank":8,"iata":"SLZ"},"geometry":{"type":"Point","coordinates":[-44.236234470049205,-2.583509210430185]}},{"type":"Feature","properties":{"name":"Santos Air Force Base","scalerank":8,"iata":"SSZ"},"geometry":{"type":"Point","coordinates":[-46.30527049310029,-23.9237590410637]}},{"type":"Feature","properties":{"name":"Teresina-Senador Petronio Portella","scalerank":8,"iata":"THE"},"geometry":{"type":"Point","coordinates":[-42.82124023178447,-5.06346299167191]}},{"type":"Feature","properties":{"name":"Viracopos-Campinas Int'l","scalerank":8,"iata":"VCP"},"geometry":{"type":"Point","coordinates":[-47.141079191101426,-23.00962390853391]}},{"type":"Feature","properties":{"name":"Eurico de Aguiar Salles","scalerank":8,"iata":"VIX"},"geometry":{"type":"Point","coordinates":[-40.28853687599133,-20.25741627594185]}},{"type":"Feature","properties":{"name":"Alicante","scalerank":8,"iata":"ALC"},"geometry":{"type":"Point","coordinates":[-0.557230440363588,38.286640899392886]}},{"type":"Feature","properties":{"name":"Almeria","scalerank":8,"iata":"LEI"},"geometry":{"type":"Point","coordinates":[-2.371601440591205,36.84776727096432]}},{"type":"Feature","properties":{"name":"Valencia","scalerank":8,"iata":"VLC"},"geometry":{"type":"Point","coordinates":[-0.473474930771676,39.49145978844889]}},{"type":"Feature","properties":{"name":"Kiruna_Airport","scalerank":8,"iata":"KRN"},"geometry":{"type":"Point","coordinates":[20.335152295489802,67.8256066056432]}},{"type":"Feature","properties":{"name":"Norrkoping Airport","scalerank":8,"iata":"NRK"},"geometry":{"type":"Point","coordinates":[16.23394076958144,58.583380501754064]}},{"type":"Feature","properties":{"name":"Husein Sastranegara Int'l","scalerank":8,"iata":"BDO"},"geometry":{"type":"Point","coordinates":[107.57561185220892,-6.900424083534088]}},{"type":"Feature","properties":{"name":"Rosario  Islas Malvinas Int'l","scalerank":8,"iata":"ROS"},"geometry":{"type":"Point","coordinates":[-60.78007872165863,-32.91622697438119]}},{"type":"Feature","properties":{"name":"Maceio/Zumbi dos Palmares Int'l","scalerank":8,"iata":"MCZ"},"geometry":{"type":"Point","coordinates":[-35.79249512158329,-9.514941185401165]}},{"type":"Feature","properties":{"name":"Sharm el-Sheikh Int'l","scalerank":8,"iata":"SSH"},"geometry":{"type":"Point","coordinates":[34.39011892672875,27.980404419916844]}},{"type":"Feature","properties":{"name":"Taba Int'l","scalerank":8,"iata":"TCP"},"geometry":{"type":"Point","coordinates":[34.775837899677896,29.594499056801894]}},{"type":"Feature","properties":{"name":"Agra","scalerank":8,"iata":"AGR"},"geometry":{"type":"Point","coordinates":[77.96090917650903,27.157727734749972]}},{"type":"Feature","properties":{"name":"Vadodara","scalerank":8,"iata":"BDQ"},"geometry":{"type":"Point","coordinates":[73.2262889533239,22.33616400211708]}},{"type":"Feature","properties":{"name":"Shahid Ashrafi Esfahani","scalerank":8,"iata":"KSH"},"geometry":{"type":"Point","coordinates":[47.156583516563856,34.34641677391081]}},{"type":"Feature","properties":{"name":"Benina Int'l","scalerank":8,"iata":"BEN"},"geometry":{"type":"Point","coordinates":[20.268039801851568,32.08727746065531]}},{"type":"Feature","properties":{"name":"King Abdulaziz Ab","scalerank":8,"iata":"DHA"},"geometry":{"type":"Point","coordinates":[50.1477245727844,26.270368085476772]}},{"type":"Feature","properties":{"name":"Nueva Hesperides Int'l","scalerank":8,"iata":"STY"},"geometry":{"type":"Point","coordinates":[-57.98408211764924,-31.437388338779797]}},{"type":"Feature","properties":{"name":"Baikonur Cosmodrome","scalerank":8,"iata":null},"geometry":{"type":"Point","coordinates":[63.30735442387505,45.963573940312365]}},{"type":"Feature","properties":{"name":"Kennedy Space Center","scalerank":8,"iata":null},"geometry":{"type":"Point","coordinates":[-80.6369680911892,28.516370477202706]}},{"type":"Feature","properties":{"name":"Centre Spatial Guyanais","scalerank":8,"iata":null},"geometry":{"type":"Point","coordinates":[-52.76842968934524,5.239410012580352]}},{"type":"Feature","properties":{"name":"Queen Beatrix Int'l","scalerank":7,"iata":"AUA"},"geometry":{"type":"Point","coordinates":[-70.00762285634964,12.503464363029721]}},{"type":"Feature","properties":{"name":"Djibouti-Ambouli Int'l","scalerank":7,"iata":"JIB"},"geometry":{"type":"Point","coordinates":[43.149712785995575,11.552101823017216]}},{"type":"Feature","properties":{"name":"Diego Aracena Int'l","scalerank":7,"iata":"IQQ"},"geometry":{"type":"Point","coordinates":[-70.17863539553298,-20.547840087830867]}},{"type":"Feature","properties":{"name":"Sabiha Gokcen Havaalani","scalerank":7,"iata":"SAW"},"geometry":{"type":"Point","coordinates":[29.309599142388944,40.90430035539573]}},{"type":"Feature","properties":{"name":"Kosrae Island","scalerank":7,"iata":"KSA"},"geometry":{"type":"Point","coordinates":[162.95704122507613,5.352009857182798]}},{"type":"Feature","properties":{"name":"Funafuti Int'l","scalerank":7,"iata":"FUN"},"geometry":{"type":"Point","coordinates":[179.19544202302,-8.52485415059424]}},{"type":"Feature","properties":{"name":"Dr. Babasaheb Ambedkar Int'l","scalerank":7,"iata":"NAG"},"geometry":{"type":"Point","coordinates":[79.0537976421986,21.089931763008746]}},{"type":"Feature","properties":{"name":"Phuket Int'l","scalerank":7,"iata":"HKT"},"geometry":{"type":"Point","coordinates":[98.30603849005591,8.107684759527347]}},{"type":"Feature","properties":{"name":"Nadi Int'l","scalerank":7,"iata":"NAN"},"geometry":{"type":"Point","coordinates":[177.45115119805948,-17.752912947979222]}},{"type":"Feature","properties":{"name":"Lic. Jesus Teran Peredo Int'l","scalerank":7,"iata":"AGU"},"geometry":{"type":"Point","coordinates":[-102.3140937400579,21.701339032920746]}},{"type":"Feature","properties":{"name":"Albenga","scalerank":7,"iata":"ALL"},"geometry":{"type":"Point","coordinates":[8.12314535436409,44.04587735981584]}},{"type":"Feature","properties":{"name":"Queen Alia Int'l","scalerank":7,"iata":"AMM"},"geometry":{"type":"Point","coordinates":[35.989707162192985,31.722662160043214]}},{"type":"Feature","properties":{"name":"Chacalluta Int'l","scalerank":7,"iata":"ARI"},"geometry":{"type":"Point","coordinates":[-70.3357301410959,-18.349206163957913]}},{"type":"Feature","properties":{"name":"Atar Int'l","scalerank":7,"iata":"ATR"},"geometry":{"type":"Point","coordinates":[-13.05117043233154,20.498270610156464]}},{"type":"Feature","properties":{"name":"Ernesto Cortissoz Int'l","scalerank":7,"iata":"BAQ"},"geometry":{"type":"Point","coordinates":[-74.77655597826495,10.886677595941366]}},{"type":"Feature","properties":{"name":"Teniente Luis Candelaria Int'l","scalerank":7,"iata":"BRC"},"geometry":{"type":"Point","coordinates":[-71.16143008697632,-41.14599769581051]}},{"type":"Feature","properties":{"name":"Bouake","scalerank":7,"iata":"BYK"},"geometry":{"type":"Point","coordinates":[-5.068942222753114,7.736104955550318]}},{"type":"Feature","properties":{"name":"Philip S. W. Goldson Int'l","scalerank":7,"iata":"BZE"},"geometry":{"type":"Point","coordinates":[-88.30820640330747,17.536068657552093]}},{"type":"Feature","properties":{"name":"Corpus Christi Int'l","scalerank":7,"iata":"CRP"},"geometry":{"type":"Point","coordinates":[-97.50226787102976,27.77445607008226]}},{"type":"Feature","properties":{"name":"Hato Int'l","scalerank":7,"iata":"CUR"},"geometry":{"type":"Point","coordinates":[-68.95687880727611,12.184834605201921]}},{"type":"Feature","properties":{"name":"Velazco Astete Int'l","scalerank":7,"iata":"CUZ"},"geometry":{"type":"Point","coordinates":[-71.94366414497216,-13.538218699263911]}},{"type":"Feature","properties":{"name":"Julius Nyerere Int'l","scalerank":7,"iata":"DAR"},"geometry":{"type":"Point","coordinates":[39.207471503916466,-6.866720042491186]}},{"type":"Feature","properties":{"name":"Detroit City","scalerank":7,"iata":"DET"},"geometry":{"type":"Point","coordinates":[-83.00396814177334,42.40909384319068]}},{"type":"Feature","properties":{"name":"Presidente Nicolau Lobato Int'l","scalerank":7,"iata":"DIL"},"geometry":{"type":"Point","coordinates":[125.52485420918208,-8.549311574145644]}},{"type":"Feature","properties":{"name":"Moscow Domodedovo Int'l","scalerank":7,"iata":"DME"},"geometry":{"type":"Point","coordinates":[37.90025312894517,55.41415282230229]}},{"type":"Feature","properties":{"name":"Dunedin Int'l","scalerank":7,"iata":"DUD"},"geometry":{"type":"Point","coordinates":[170.200027,-45.923431]}},{"type":"Feature","properties":{"name":"Dzaoudzi Pamanzi Int'l","scalerank":7,"iata":"DZA"},"geometry":{"type":"Point","coordinates":[45.281786419789874,-12.80494743816432]}},{"type":"Feature","properties":{"name":"El Paso Int'l","scalerank":7,"iata":"ELP"},"geometry":{"type":"Point","coordinates":[-106.39571467936567,31.799086027258937]}},{"type":"Feature","properties":{"name":"Zvartnots Int'l","scalerank":7,"iata":"EVN"},"geometry":{"type":"Point","coordinates":[44.40006305369384,40.15236794518844]}},{"type":"Feature","properties":{"name":"Fort Worth Meacham Field","scalerank":7,"iata":"FTW"},"geometry":{"type":"Point","coordinates":[-97.35513485615866,32.82075290479723]}},{"type":"Feature","properties":{"name":"JAGS McCartney Int'l","scalerank":7,"iata":"GDT"},"geometry":{"type":"Point","coordinates":[-71.14613374488756,21.442123743906283]}},{"type":"Feature","properties":{"name":"Scholes Int'l","scalerank":7,"iata":"GLS"},"geometry":{"type":"Point","coordinates":[-94.85540138762639,29.2671239212096]}},{"type":"Feature","properties":{"name":"Goma Int'l","scalerank":7,"iata":"GOM"},"geometry":{"type":"Point","coordinates":[29.240053495222842,-1.658317950020695]}},{"type":"Feature","properties":{"name":"Garoua Int'l","scalerank":7,"iata":"GOU"},"geometry":{"type":"Point","coordinates":[13.372430937787765,9.33068867678854]}},{"type":"Feature","properties":{"name":"Antonio B. Won Pat Int'l","scalerank":7,"iata":"GUM"},"geometry":{"type":"Point","coordinates":[144.8058503570926,13.492646235946513]}},{"type":"Feature","properties":{"name":"Gary/Chicago Int'l","scalerank":7,"iata":"GYY"},"geometry":{"type":"Point","coordinates":[-87.40835962474056,41.617793001516596]}},{"type":"Feature","properties":{"name":"Prince Said Ibrahim Int'l","scalerank":7,"iata":"HAH"},"geometry":{"type":"Point","coordinates":[43.274561217961576,-11.536639382912684]}},{"type":"Feature","properties":{"name":"Hobart Int'l","scalerank":7,"iata":"HBA"},"geometry":{"type":"Point","coordinates":[147.50599619040787,-42.83760836948221]}},{"type":"Feature","properties":{"name":"Honiara Int'l","scalerank":7,"iata":"HIR"},"geometry":{"type":"Point","coordinates":[160.04585512992452,-9.427575664001457]}},{"type":"Feature","properties":{"name":"Kiev Zhuliany Int'l","scalerank":7,"iata":"IEV"},"geometry":{"type":"Point","coordinates":[30.445130518210362,50.412808165984956]}},{"type":"Feature","properties":{"name":"Irkutsk S.E.","scalerank":7,"iata":"IKT"},"geometry":{"type":"Point","coordinates":[104.35585974800242,52.272889388224414]}},{"type":"Feature","properties":{"name":"Indianapolis Int'l","scalerank":7,"iata":"IND"},"geometry":{"type":"Point","coordinates":[-86.27340036508855,39.730204370396905]}},{"type":"Feature","properties":{"name":"Nauru Int'l","scalerank":7,"iata":"INU"},"geometry":{"type":"Point","coordinates":[166.91613965881993,-0.545037226856384]}},{"type":"Feature","properties":{"name":"Mataveri Int'l","scalerank":7,"iata":"IPC"},"geometry":{"type":"Point","coordinates":[-109.4300644100096,-27.158773838853794]}},{"type":"Feature","properties":{"name":"Gob. Horacio Guzman Int'l","scalerank":7,"iata":"JUJ"},"geometry":{"type":"Point","coordinates":[-65.09376654588122,-24.386101077584634]}},{"type":"Feature","properties":{"name":"Nanchang Changbei Int'l","scalerank":7,"iata":"KHN"},"geometry":{"type":"Point","coordinates":[115.91197991860221,28.862489120066552]}},{"type":"Feature","properties":{"name":"Kunming Wujiaba Int'l","scalerank":7,"iata":"KMG"},"geometry":{"type":"Point","coordinates":[102.74211757882347,24.99999611008102]}},{"type":"Feature","properties":{"name":"Leeds Bradford","scalerank":7,"iata":"LBA"},"geometry":{"type":"Point","coordinates":[-1.659831067347459,53.86908194744343]}},{"type":"Feature","properties":{"name":"Libreville Leon M'ba Int'l","scalerank":7,"iata":"LBV"},"geometry":{"type":"Point","coordinates":[9.410223378207123,0.457139229503759]}},{"type":"Feature","properties":{"name":"Lome Tokoin","scalerank":7,"iata":"LFW"},"geometry":{"type":"Point","coordinates":[1.25093205640014,6.16687362722297]}},{"type":"Feature","properties":{"name":"Lviv Danylo Halytskyi Int'l","scalerank":7,"iata":"LWO"},"geometry":{"type":"Point","coordinates":[23.946126959894446,49.817850605000466]}},{"type":"Feature","properties":{"name":"Marshall Islands Int'l","scalerank":7,"iata":"MAJ"},"geometry":{"type":"Point","coordinates":[171.28191937064796,7.068118485570912]}},{"type":"Feature","properties":{"name":"Macau Int'l","scalerank":7,"iata":"MFM"},"geometry":{"type":"Point","coordinates":[113.57451294861951,22.15765725296336]}},{"type":"Feature","properties":{"name":"Aden Adde Int'l","scalerank":7,"iata":"MGQ"},"geometry":{"type":"Point","coordinates":[45.30363741862018,2.016353112149878]}},{"type":"Feature","properties":{"name":"Maputo Int'l","scalerank":7,"iata":"MPM"},"geometry":{"type":"Point","coordinates":[32.57419151947824,-25.924276711787034]}},{"type":"Feature","properties":{"name":"Sir Seewoosagur Ramgoolam Int'l","scalerank":7,"iata":"MRU"},"geometry":{"type":"Point","coordinates":[57.67698600766355,-20.431756779321564]}},{"type":"Feature","properties":{"name":"Naples Int'l","scalerank":7,"iata":"NAP"},"geometry":{"type":"Point","coordinates":[14.282844434020328,40.87807288436389]}},{"type":"Feature","properties":{"name":"Nouadhibou Int'l","scalerank":7,"iata":"NDB"},"geometry":{"type":"Point","coordinates":[-17.03343986915384,20.92905230643873]}},{"type":"Feature","properties":{"name":"Ningbo Lishe Int'l","scalerank":7,"iata":"NGB"},"geometry":{"type":"Point","coordinates":[121.46181938848366,29.820823190686056]}},{"type":"Feature","properties":{"name":"Nouakchott Int'l","scalerank":7,"iata":"NKC"},"geometry":{"type":"Point","coordinates":[-15.95192592522014,18.09792317181745]}},{"type":"Feature","properties":{"name":"La Tontouta Int'l","scalerank":7,"iata":"NOU"},"geometry":{"type":"Point","coordinates":[166.21723211869872,-22.013638624898107]}},{"type":"Feature","properties":{"name":"Oakland Int'l","scalerank":7,"iata":"OAK"},"geometry":{"type":"Point","coordinates":[-122.21326125786332,37.71230369516912]}},{"type":"Feature","properties":{"name":"Ontario Int'l","scalerank":7,"iata":"ONT"},"geometry":{"type":"Point","coordinates":[-117.5923276516506,34.06019110206596]}},{"type":"Feature","properties":{"name":"Cork","scalerank":7,"iata":"ORK"},"geometry":{"type":"Point","coordinates":[-8.490141999838173,51.84854054199235]}},{"type":"Feature","properties":{"name":"Minangkabau Int'l","scalerank":7,"iata":"PDG"},"geometry":{"type":"Point","coordinates":[100.28545585179133,-0.786045714026273]}},{"type":"Feature","properties":{"name":"Joao Paulo II","scalerank":7,"iata":"PDL"},"geometry":{"type":"Point","coordinates":[-25.696988219871116,37.743331647293275]}},{"type":"Feature","properties":{"name":"Bacha Khan Int'l","scalerank":7,"iata":"PEW"},"geometry":{"type":"Point","coordinates":[71.51881499126668,33.99140278895964]}},{"type":"Feature","properties":{"name":"Glasgow Prestwick","scalerank":7,"iata":"PIK"},"geometry":{"type":"Point","coordinates":[-4.610971639010682,55.50889181051421]}},{"type":"Feature","properties":{"name":"Ponta Pora Int'l","scalerank":7,"iata":"PMG"},"geometry":{"type":"Point","coordinates":[-55.70607937485728,-22.551786560876014]}},{"type":"Feature","properties":{"name":"Palmerston N. Int'l","scalerank":7,"iata":"PMR"},"geometry":{"type":"Point","coordinates":[175.62128328195985,-40.32331788520548]}},{"type":"Feature","properties":{"name":"Pohnpei Int'l","scalerank":7,"iata":"PNI"},"geometry":{"type":"Point","coordinates":[158.2033044909644,6.981306765121233]}},{"type":"Feature","properties":{"name":"Tahiti Faa'a Int'l","scalerank":7,"iata":"PPT"},"geometry":{"type":"Point","coordinates":[-149.60975793242872,-17.55945776599425]}},{"type":"Feature","properties":{"name":"Pisa Galileo Galilei Int'l","scalerank":7,"iata":"PSA"},"geometry":{"type":"Point","coordinates":[10.400134371805603,43.69832241576641]}},{"type":"Feature","properties":{"name":"Port Sudan","scalerank":7,"iata":"PZU"},"geometry":{"type":"Point","coordinates":[37.216065757541976,19.576063653196776]}},{"type":"Feature","properties":{"name":"Praia Int'l","scalerank":7,"iata":"RAI"},"geometry":{"type":"Point","coordinates":[-23.486201988358683,14.944988935283243]}},{"type":"Feature","properties":{"name":"Marrakech-Menara","scalerank":7,"iata":"RAK"},"geometry":{"type":"Point","coordinates":[-8.024605359079887,31.60229465977643]}},{"type":"Feature","properties":{"name":"Rarotonga Int'l","scalerank":7,"iata":"RAR"},"geometry":{"type":"Point","coordinates":[-159.7981563083873,-21.20098217246316]}},{"type":"Feature","properties":{"name":"Siem Reap Int'l","scalerank":7,"iata":"REP"},"geometry":{"type":"Point","coordinates":[103.81578052811155,13.408796969353801]}},{"type":"Feature","properties":{"name":"Hermes Quijada Int'l","scalerank":7,"iata":"RGA"},"geometry":{"type":"Point","coordinates":[-67.75302684626753,-53.7814746058316]}},{"type":"Feature","properties":{"name":"Piloto Civil Norberto Fernandez Int'l","scalerank":7,"iata":"RGL"},"geometry":{"type":"Point","coordinates":[-69.30647117767309,-51.61169808554019]}},{"type":"Feature","properties":{"name":"Reno-Tahoe Int'l","scalerank":7,"iata":"RNO"},"geometry":{"type":"Point","coordinates":[-119.77528330810486,39.505849901470334]}},{"type":"Feature","properties":{"name":"Roman Tmetuchl Int'l","scalerank":7,"iata":"ROR"},"geometry":{"type":"Point","coordinates":[134.5329534661587,7.364495536129204]}},{"type":"Feature","properties":{"name":"Amilcar Cabral Int'l","scalerank":7,"iata":"SID"},"geometry":{"type":"Point","coordinates":[-22.9440574079648,16.734793269338514]}},{"type":"Feature","properties":{"name":"Sarajevo","scalerank":7,"iata":"SJJ"},"geometry":{"type":"Point","coordinates":[18.336618545712724,43.825887224679725]}},{"type":"Feature","properties":{"name":"Robert L. Bradshaw Int'l","scalerank":7,"iata":"SKB"},"geometry":{"type":"Point","coordinates":[-62.714212504731584,17.311125840442042]}},{"type":"Feature","properties":{"name":"Martín Miguel de Güemes Int","scalerank":7,"iata":"SLA"},"geometry":{"type":"Point","coordinates":[-65.47847604377958,-24.84437427133154]}},{"type":"Feature","properties":{"name":"Saipan Int'l","scalerank":7,"iata":"SPN"},"geometry":{"type":"Point","coordinates":[145.7236946586376,15.121516719766413]}},{"type":"Feature","properties":{"name":"Juana Azurduy de Padilla Int'l","scalerank":7,"iata":"SRE"},"geometry":{"type":"Point","coordinates":[-65.29286313878465,-19.01391579246574]}},{"type":"Feature","properties":{"name":"Princess Juliana Int'l","scalerank":7,"iata":"SXM"},"geometry":{"type":"Point","coordinates":[-63.1122760858602,18.042244021474033]}},{"type":"Feature","properties":{"name":"Ta'izz Int'l","scalerank":7,"iata":"TAI"},"geometry":{"type":"Point","coordinates":[44.134782731062046,13.685497002557412]}},{"type":"Feature","properties":{"name":"Qingdao Liuting Int'l","scalerank":7,"iata":"TAO"},"geometry":{"type":"Point","coordinates":[120.3806859490605,36.267757808103866]}},{"type":"Feature","properties":{"name":"Chuuk Int'l","scalerank":7,"iata":"TKK"},"geometry":{"type":"Point","coordinates":[151.84204603740326,7.457617802884429]}},{"type":"Feature","properties":{"name":"Tangier Ibn Battouta","scalerank":7,"iata":"TNG"},"geometry":{"type":"Point","coordinates":[-5.912880876559137,35.725765640927385]}},{"type":"Feature","properties":{"name":"Bonriki Int'l","scalerank":7,"iata":"TRW"},"geometry":{"type":"Point","coordinates":[173.14599079530137,1.380668697538304]}},{"type":"Feature","properties":{"name":"Astana Int'l","scalerank":7,"iata":"TSE"},"geometry":{"type":"Point","coordinates":[71.46094413999357,51.0269352907712]}},{"type":"Feature","properties":{"name":"Tianjin Binhai Int'l","scalerank":7,"iata":"TSN"},"geometry":{"type":"Point","coordinates":[117.35272315991853,39.12946099090075]}},{"type":"Feature","properties":{"name":"Townsville","scalerank":7,"iata":"TSV"},"geometry":{"type":"Point","coordinates":[146.77067890477002,-19.256181437621244]}},{"type":"Feature","properties":{"name":"Teniente Gen. Benjamin Matienzo Int'l","scalerank":7,"iata":"TUC"},"geometry":{"type":"Point","coordinates":[-65.10812462362482,-26.835731005071423]}},{"type":"Feature","properties":{"name":"Aeroport Tunis","scalerank":7,"iata":"TUN"},"geometry":{"type":"Point","coordinates":[10.21769924471112,36.84744821772193]}},{"type":"Feature","properties":{"name":"Tucson Int'l","scalerank":7,"iata":"TUS"},"geometry":{"type":"Point","coordinates":[-110.93771323213196,32.12035234418979]}},{"type":"Feature","properties":{"name":"Chinggis Khaan Int'l","scalerank":7,"iata":"ULN"},"geometry":{"type":"Point","coordinates":[106.76287399492858,47.852526096668434]}},{"type":"Feature","properties":{"name":"Urumqi Diwopu Int'l","scalerank":7,"iata":"URC"},"geometry":{"type":"Point","coordinates":[87.46712984878084,43.898338219365286]}},{"type":"Feature","properties":{"name":"Bauerfield Int'l","scalerank":7,"iata":"VLI"},"geometry":{"type":"Point","coordinates":[168.3196227396616,-17.701699068178094]}},{"type":"Feature","properties":{"name":"Wewak Int'l","scalerank":7,"iata":"WWK"},"geometry":{"type":"Point","coordinates":[143.66910229969758,-3.580226894447444]}},{"type":"Feature","properties":{"name":"Chalons Vatry","scalerank":7,"iata":"XCR"},"geometry":{"type":"Point","coordinates":[4.19111982574289,48.78039461385664]}},{"type":"Feature","properties":{"name":"Xiamen Gaoqi Int'l","scalerank":7,"iata":"XMN"},"geometry":{"type":"Point","coordinates":[118.12696884672026,24.537192570557004]}},{"type":"Feature","properties":{"name":"Yap Int'l","scalerank":7,"iata":"YAP"},"geometry":{"type":"Point","coordinates":[138.08643028361917,9.497917333613481]}},{"type":"Feature","properties":{"name":"Playa de Oro Int'l","scalerank":7,"iata":"ZLO"},"geometry":{"type":"Point","coordinates":[-104.56009520009748,19.148086028585354]}},{"type":"Feature","properties":{"name":"Cayenne  Rochambeau","scalerank":7,"iata":"CAY"},"geometry":{"type":"Point","coordinates":[-52.363806857235694,4.821267143089237]}},{"type":"Feature","properties":{"name":"Irkutsk N.W.","scalerank":7,"iata":"UIIR"},"geometry":{"type":"Point","coordinates":[104.19735928449404,52.36164767001315]}},{"type":"Feature","properties":{"name":"Shijiazhuang Zhengding Int'l","scalerank":7,"iata":"SJW"},"geometry":{"type":"Point","coordinates":[114.6922665989016,38.27814091311202]}},{"type":"Feature","properties":{"name":"Heydar Aliyev Int'l","scalerank":7,"iata":"GYD"},"geometry":{"type":"Point","coordinates":[50.04983948674051,40.46274688390803]}},{"type":"Feature","properties":{"name":"Lakatamia Airbase","scalerank":7,"iata":"LAK"},"geometry":{"type":"Point","coordinates":[33.322201334898956,35.10634480673619]}},{"type":"Feature","properties":{"name":"Cabo Frio Int'l","scalerank":7,"iata":"CFB"},"geometry":{"type":"Point","coordinates":[-42.079251752018415,-22.925631709132773]}},{"type":"Feature","properties":{"name":"Helsinki-Malmi","scalerank":7,"iata":"HEM"},"geometry":{"type":"Point","coordinates":[25.045535369831455,60.24937784995868]}},{"type":"Feature","properties":{"name":"Luxembourg-Findel","scalerank":7,"iata":"LUX"},"geometry":{"type":"Point","coordinates":[6.216421217287305,49.63430409251016]}},{"type":"Feature","properties":{"name":"Venice Marco Polo","scalerank":7,"iata":"VCE"},"geometry":{"type":"Point","coordinates":[12.341067300436913,45.504847758845486]}},{"type":"Feature","properties":{"name":"Yangyang Int'l","scalerank":7,"iata":"YNY"},"geometry":{"type":"Point","coordinates":[128.66298866883957,38.058782416258545]}},{"type":"Feature","properties":{"name":"Tabatinga Int'l","scalerank":7,"iata":"TBT"},"geometry":{"type":"Point","coordinates":[-69.93947393390899,-4.250324694933793]}},{"type":"Feature","properties":{"name":"Boa Vista Int'l","scalerank":7,"iata":"BVB"},"geometry":{"type":"Point","coordinates":[-60.69222063386823,2.84119534121157]}},{"type":"Feature","properties":{"name":"Gran Canaria","scalerank":7,"iata":"LPA"},"geometry":{"type":"Point","coordinates":[-15.389924515846113,27.936889971657408]}},{"type":"Feature","properties":{"name":"Com. Armando Tola Int'l","scalerank":7,"iata":"ING"},"geometry":{"type":"Point","coordinates":[-72.05385691012962,-50.283900869003766]}},{"type":"Feature","properties":{"name":"Stockholm-Skavsta","scalerank":7,"iata":"NYO"},"geometry":{"type":"Point","coordinates":[16.92160555842542,58.785104130344784]}},{"type":"Feature","properties":{"name":"Polonia Int'l","scalerank":7,"iata":"MES"},"geometry":{"type":"Point","coordinates":[98.67619257146407,3.56659179990894]}},{"type":"Feature","properties":{"name":"Bangui M'Poko Int'l","scalerank":7,"iata":"BGF"},"geometry":{"type":"Point","coordinates":[18.524123630208024,4.398851536959572]}},{"type":"Feature","properties":{"name":"Hangzhou Xiaoshan Int'l","scalerank":7,"iata":"HGH"},"geometry":{"type":"Point","coordinates":[120.43209737631294,30.235186279041436]}},{"type":"Feature","properties":{"name":"Cassidy Int'l","scalerank":7,"iata":"CXI"},"geometry":{"type":"Point","coordinates":[-157.34977789343037,1.986161197924021]}},{"type":"Feature","properties":{"name":"Siauliai Int'l","scalerank":7,"iata":"SQQ"},"geometry":{"type":"Point","coordinates":[23.383188573869113,55.90376945403999]}},{"type":"Feature","properties":{"name":"Niue Int'l","scalerank":7,"iata":"IUE"},"geometry":{"type":"Point","coordinates":[-169.92612977421672,-19.076712935451056]}},{"type":"Feature","properties":{"name":"Guarani Int'l","scalerank":7,"iata":"AGT"},"geometry":{"type":"Point","coordinates":[-54.83939952960621,-25.456857071581247]}},{"type":"Feature","properties":{"name":"Rodriguez Ballon Int'l","scalerank":7,"iata":"AQP"},"geometry":{"type":"Point","coordinates":[-71.56793353852852,-16.344552065351998]}},{"type":"Feature","properties":{"name":"Vladivostok Int'l","scalerank":7,"iata":"VVO"},"geometry":{"type":"Point","coordinates":[132.13984172071468,43.377649253388505]}},{"type":"Feature","properties":{"name":"Pristina","scalerank":7,"iata":"PRN"},"geometry":{"type":"Point","coordinates":[21.03026901247459,42.58503311534483]}},{"type":"Feature","properties":{"name":"Deurne","scalerank":6,"iata":"ANR"},"geometry":{"type":"Point","coordinates":[4.450922773999088,51.18912850638064]}},{"type":"Feature","properties":{"name":"Gen. Marquez de Leon Int'l","scalerank":6,"iata":"LAP"},"geometry":{"type":"Point","coordinates":[-110.36719785980947,24.076090352180334]}},{"type":"Feature","properties":{"name":"Harbin Taiping","scalerank":6,"iata":"HRB"},"geometry":{"type":"Point","coordinates":[126.2369830308627,45.62060117232452]}},{"type":"Feature","properties":{"name":"Trivandrum Int'l","scalerank":6,"iata":"TRV"},"geometry":{"type":"Point","coordinates":[76.91890256129132,8.476509938945144]}},{"type":"Feature","properties":{"name":"Adnan Menderes","scalerank":6,"iata":"ADB"},"geometry":{"type":"Point","coordinates":[27.149297595266408,38.29123476451746]}},{"type":"Feature","properties":{"name":"Nanjing Lukou Int'l","scalerank":6,"iata":"NKG"},"geometry":{"type":"Point","coordinates":[118.86610214690592,31.73532492961766]}},{"type":"Feature","properties":{"name":"Freeport Int'l","scalerank":6,"iata":"FPO"},"geometry":{"type":"Point","coordinates":[-78.70393431144967,26.548246747188983]}},{"type":"Feature","properties":{"name":"Tripoli Int'l","scalerank":6,"iata":"TIP"},"geometry":{"type":"Point","coordinates":[13.144258981071262,32.66916955049933]}},{"type":"Feature","properties":{"name":"Gander Int'l","scalerank":6,"iata":"YQX"},"geometry":{"type":"Point","coordinates":[-54.57557190935781,48.946598006073565]}},{"type":"Feature","properties":{"name":"Doha Int'l","scalerank":6,"iata":"DOH"},"geometry":{"type":"Point","coordinates":[51.558548787654715,25.268246131050645]}},{"type":"Feature","properties":{"name":"Albuquerque Int'l","scalerank":6,"iata":"ABQ"},"geometry":{"type":"Point","coordinates":[-106.6166851616002,35.04915780182765]}},{"type":"Feature","properties":{"name":"V.C. Bird Int'l","scalerank":6,"iata":"ANU"},"geometry":{"type":"Point","coordinates":[-61.792367669835826,17.140359937161683]}},{"type":"Feature","properties":{"name":"Faleolo","scalerank":6,"iata":"APW"},"geometry":{"type":"Point","coordinates":[-171.99732221833983,-13.832501332395603]}},{"type":"Feature","properties":{"name":"Asyut","scalerank":6,"iata":"ATZ"},"geometry":{"type":"Point","coordinates":[31.016249043801107,27.05081584069781]}},{"type":"Feature","properties":{"name":"Bahrain Int'l","scalerank":6,"iata":"BAH"},"geometry":{"type":"Point","coordinates":[50.62600287575336,26.269697149949714]}},{"type":"Feature","properties":{"name":"Bradley Int'l","scalerank":6,"iata":"BDL"},"geometry":{"type":"Point","coordinates":[-72.68539474333903,41.93031600583518]}},{"type":"Feature","properties":{"name":"Grantley Adams Int'l","scalerank":6,"iata":"BGI"},"geometry":{"type":"Point","coordinates":[-59.48741889531585,13.079661104553033]}},{"type":"Feature","properties":{"name":"Yundum Int'l","scalerank":6,"iata":"BJL"},"geometry":{"type":"Point","coordinates":[-16.652313269807472,13.343860478894186]}},{"type":"Feature","properties":{"name":"Bujumbura Int'l","scalerank":6,"iata":"BJM"},"geometry":{"type":"Point","coordinates":[29.32098401699387,-3.322044349131131]}},{"type":"Feature","properties":{"name":"Chileka Int'l","scalerank":6,"iata":"BLZ"},"geometry":{"type":"Point","coordinates":[34.971944183793276,-15.68138447932725]}},{"type":"Feature","properties":{"name":"Broome Int'l","scalerank":6,"iata":"BME"},"geometry":{"type":"Point","coordinates":[122.23385051502184,-17.95257612926801]}},{"type":"Feature","properties":{"name":"Bandar Abbass Int'l","scalerank":6,"iata":"BND"},"geometry":{"type":"Point","coordinates":[56.368886456411,27.210325845514543]}},{"type":"Feature","properties":{"name":"Basrah Int'l","scalerank":6,"iata":"BSR"},"geometry":{"type":"Point","coordinates":[47.668376663351836,30.552799016106043]}},{"type":"Feature","properties":{"name":"Ciudad Juarez Int'l","scalerank":6,"iata":"CJS"},"geometry":{"type":"Point","coordinates":[-106.4358466310554,31.635756620195146]}},{"type":"Feature","properties":{"name":"Katunayake Int'l","scalerank":6,"iata":"CMB"},"geometry":{"type":"Point","coordinates":[79.88525734215062,7.178077105442211]}},{"type":"Feature","properties":{"name":"Cairns Int'l","scalerank":6,"iata":"CNS"},"geometry":{"type":"Point","coordinates":[145.75358484439977,-16.876742155406177]}},{"type":"Feature","properties":{"name":"Chiang Mai Int'l","scalerank":6,"iata":"CNX"},"geometry":{"type":"Point","coordinates":[98.96811812415933,18.768847391967526]}},{"type":"Feature","properties":{"name":"City of Colorado Springs","scalerank":6,"iata":"COS"},"geometry":{"type":"Point","coordinates":[-104.70088027411134,38.79742487791252]}},{"type":"Feature","properties":{"name":"Ign. Alberto Ongay Int'l","scalerank":6,"iata":"CPE"},"geometry":{"type":"Point","coordinates":[-90.50362837340384,19.81422479920744]}},{"type":"Feature","properties":{"name":"Changsha Huanghua Int'l","scalerank":6,"iata":"CSX"},"geometry":{"type":"Point","coordinates":[113.21405420325205,28.189921861945066]}},{"type":"Feature","properties":{"name":"Greater Cincinnati Int'l","scalerank":6,"iata":"CVG"},"geometry":{"type":"Point","coordinates":[-84.65616991533919,39.05541890478304]}},{"type":"Feature","properties":{"name":"Da Nang","scalerank":6,"iata":"DAD"},"geometry":{"type":"Point","coordinates":[108.20270625793569,16.05314414516696]}},{"type":"Feature","properties":{"name":"Dallas Love Field","scalerank":6,"iata":"DAL"},"geometry":{"type":"Point","coordinates":[-96.84986377097995,32.84442537327384]}},{"type":"Feature","properties":{"name":"Damascus Int'l","scalerank":6,"iata":"DAM"},"geometry":{"type":"Point","coordinates":[36.51289547181257,33.41143667027319]}},{"type":"Feature","properties":{"name":"Enrique Malek Int'l","scalerank":6,"iata":"DAV"},"geometry":{"type":"Point","coordinates":[-82.43175833693866,8.391261061169175]}},{"type":"Feature","properties":{"name":"Aba Tenna D. Yilma Int'l","scalerank":6,"iata":"DIR"},"geometry":{"type":"Point","coordinates":[41.857756722253,9.61267784753569]}},{"type":"Feature","properties":{"name":"Bali Int'l","scalerank":6,"iata":"DPS"},"geometry":{"type":"Point","coordinates":[115.16232296110661,-8.744757315956518]}},{"type":"Feature","properties":{"name":"Des Moines Int'l","scalerank":6,"iata":"DSM"},"geometry":{"type":"Point","coordinates":[-93.64846125637362,41.5327904242113]}},{"type":"Feature","properties":{"name":"Entebbe Int'l","scalerank":6,"iata":"EBB"},"geometry":{"type":"Point","coordinates":[32.4427573135214,0.044940949388672]}},{"type":"Feature","properties":{"name":"Kisangani Bangoka Int'l","scalerank":6,"iata":"FKI"},"geometry":{"type":"Point","coordinates":[25.330271489621154,0.492225136917501]}},{"type":"Feature","properties":{"name":"Fuzhou Changle Int'l","scalerank":6,"iata":"FOC"},"geometry":{"type":"Point","coordinates":[119.6680438209992,25.931823314814313]}},{"type":"Feature","properties":{"name":"Lokpriya G. Bordoloi Int'l","scalerank":6,"iata":"GAU"},"geometry":{"type":"Point","coordinates":[91.58822905818697,26.105247592425503]}},{"type":"Feature","properties":{"name":"Gdansk Lech Walesa","scalerank":6,"iata":"GDN"},"geometry":{"type":"Point","coordinates":[18.468442216591136,54.380702535292464]}},{"type":"Feature","properties":{"name":"Point Salines Int'l","scalerank":6,"iata":"GND"},"geometry":{"type":"Point","coordinates":[-61.78585299092849,12.007268305428271]}},{"type":"Feature","properties":{"name":"Nizhny Novgorod Int'l","scalerank":6,"iata":"GOJ"},"geometry":{"type":"Point","coordinates":[43.789633706293515,56.21855259106556]}},{"type":"Feature","properties":{"name":"Gen. Jose M. Yanez Int'l","scalerank":6,"iata":"GYM"},"geometry":{"type":"Point","coordinates":[-110.9216512704022,27.969455396282893]}},{"type":"Feature","properties":{"name":"Hohhot Baita Int'l","scalerank":6,"iata":"HET"},"geometry":{"type":"Point","coordinates":[111.81468182162591,40.85406009065522]}},{"type":"Feature","properties":{"name":"Helena Reg.","scalerank":6,"iata":"HLN"},"geometry":{"type":"Point","coordinates":[-111.9898968960076,46.61020435289996]}},{"type":"Feature","properties":{"name":"Gen. Ignacio P. Garcia Int'l","scalerank":6,"iata":"HMO"},"geometry":{"type":"Point","coordinates":[-111.0519017118191,29.090077252344535]}},{"type":"Feature","properties":{"name":"Dulles Int'l","scalerank":6,"iata":"IAD"},"geometry":{"type":"Point","coordinates":[-77.44779257692062,38.95277403795302]}},{"type":"Feature","properties":{"name":"Hilo Int'l","scalerank":6,"iata":"ITO"},"geometry":{"type":"Point","coordinates":[-155.0396297334349,19.714797686866262]}},{"type":"Feature","properties":{"name":"Jackson Int'l","scalerank":6,"iata":"JAN"},"geometry":{"type":"Point","coordinates":[-90.07509862769238,32.31006002736351]}},{"type":"Feature","properties":{"name":"Jacksonville Int'l","scalerank":6,"iata":"JAX"},"geometry":{"type":"Point","coordinates":[-81.68357672783112,30.491352730947966]}},{"type":"Feature","properties":{"name":"Kuching Int'l","scalerank":6,"iata":"KCH"},"geometry":{"type":"Point","coordinates":[110.3418370543153,1.487207937790097]}},{"type":"Feature","properties":{"name":"Kigali Int'l","scalerank":6,"iata":"KGL"},"geometry":{"type":"Point","coordinates":[30.13487681878561,-1.96365443664138]}},{"type":"Feature","properties":{"name":"Balice","scalerank":6,"iata":"KRK"},"geometry":{"type":"Point","coordinates":[19.800977284450408,50.07226306483314]}},{"type":"Feature","properties":{"name":"Kurumoch","scalerank":6,"iata":"KUF"},"geometry":{"type":"Point","coordinates":[50.14726552101905,53.50838481909353]}},{"type":"Feature","properties":{"name":"Guilin Liangjiang Int'l","scalerank":6,"iata":"KWL"},"geometry":{"type":"Point","coordinates":[110.04689349777009,25.217605525229324]}},{"type":"Feature","properties":{"name":"Laoag Int'l","scalerank":6,"iata":"LAO"},"geometry":{"type":"Point","coordinates":[120.53387619612701,18.182418086637874]}},{"type":"Feature","properties":{"name":"LaGuardia","scalerank":6,"iata":"LGA"},"geometry":{"type":"Point","coordinates":[-73.8719858204814,40.77455393988576]}},{"type":"Feature","properties":{"name":"London Gatwick","scalerank":6,"iata":"LGW"},"geometry":{"type":"Point","coordinates":[-0.162961639139456,51.155756751927456]}},{"type":"Feature","properties":{"name":"Ljubljana","scalerank":6,"iata":"LJU"},"geometry":{"type":"Point","coordinates":[14.454812628326566,46.230544555448624]}},{"type":"Feature","properties":{"name":"Amausi Int'l","scalerank":6,"iata":"LKO"},"geometry":{"type":"Point","coordinates":[80.88417197324722,26.763932870091633]}},{"type":"Feature","properties":{"name":"La Plata","scalerank":6,"iata":"LPG"},"geometry":{"type":"Point","coordinates":[-57.89538206365101,-34.9655441559234]}},{"type":"Feature","properties":{"name":"Gen. Sevando Canales","scalerank":6,"iata":"MAM"},"geometry":{"type":"Point","coordinates":[-97.53082171211871,25.770841264061858]}},{"type":"Feature","properties":{"name":"Manchester Int'l","scalerank":6,"iata":"MAN"},"geometry":{"type":"Point","coordinates":[-2.273371590694274,53.36248960665181]}},{"type":"Feature","properties":{"name":"Kansas City Int'l","scalerank":6,"iata":"MCI"},"geometry":{"type":"Point","coordinates":[-94.71591485791544,39.297895826365945]}},{"type":"Feature","properties":{"name":"Seeb Int'l","scalerank":6,"iata":"MCT"},"geometry":{"type":"Point","coordinates":[58.2904804753493,23.588570417585636]}},{"type":"Feature","properties":{"name":"Habib Bourguiba Int'l","scalerank":6,"iata":"MIR"},"geometry":{"type":"Point","coordinates":[10.75336818505404,35.76071044217803]}},{"type":"Feature","properties":{"name":"Marseille Provence Airport","scalerank":6,"iata":"MRS"},"geometry":{"type":"Point","coordinates":[5.221379177203373,43.44106000164679]}},{"type":"Feature","properties":{"name":"Quetzalcoatl Int'l","scalerank":6,"iata":"NLD"},"geometry":{"type":"Point","coordinates":[-99.5680081930063,27.449689650831623]}},{"type":"Feature","properties":{"name":"Nanning Wuwu Int'l","scalerank":6,"iata":"NNG"},"geometry":{"type":"Point","coordinates":[108.16801227333096,22.612037054178508]}},{"type":"Feature","properties":{"name":"Xoxocotlan Int'l","scalerank":6,"iata":"OAX"},"geometry":{"type":"Point","coordinates":[-96.72179593849754,17.000559256974505]}},{"type":"Feature","properties":{"name":"Kahului","scalerank":6,"iata":"OGG"},"geometry":{"type":"Point","coordinates":[-156.4374295813534,20.89328851511117]}},{"type":"Feature","properties":{"name":"Will Rogers","scalerank":6,"iata":"OKC"},"geometry":{"type":"Point","coordinates":[-97.59611775420922,35.39527749117442]}},{"type":"Feature","properties":{"name":"Norfolk Int'l","scalerank":6,"iata":"ORF"},"geometry":{"type":"Point","coordinates":[-76.2044231712327,36.89823946736742]}},{"type":"Feature","properties":{"name":"Palm Beach Int'l","scalerank":6,"iata":"PBI"},"geometry":{"type":"Point","coordinates":[-80.09018933833873,26.688441666432965]}},{"type":"Feature","properties":{"name":"Pengel Int'l","scalerank":6,"iata":"PBM"},"geometry":{"type":"Point","coordinates":[-55.199911389290236,5.455999677974393]}},{"type":"Feature","properties":{"name":"Bolshesavino","scalerank":6,"iata":"PEE"},"geometry":{"type":"Point","coordinates":[56.019560282029694,57.919771123169134]}},{"type":"Feature","properties":{"name":"Penang Int'l","scalerank":6,"iata":"PEN"},"geometry":{"type":"Point","coordinates":[100.26578638095476,5.292656277904887]}},{"type":"Feature","properties":{"name":"Port Harcourt Int'l","scalerank":6,"iata":"PHC"},"geometry":{"type":"Point","coordinates":[6.949897427231909,5.007003476739435]}},{"type":"Feature","properties":{"name":"Port Hedland Int'l","scalerank":6,"iata":"PHE"},"geometry":{"type":"Point","coordinates":[118.63179781561529,-20.378127296072336]}},{"type":"Feature","properties":{"name":"Pierre Regional","scalerank":6,"iata":"PIR"},"geometry":{"type":"Point","coordinates":[-100.29264198170532,44.38015346687622]}},{"type":"Feature","properties":{"name":"Greater Pittsburgh Int'l","scalerank":6,"iata":"PIT"},"geometry":{"type":"Point","coordinates":[-80.2561290571918,40.496051891528495]}},{"type":"Feature","properties":{"name":"Pago Pago Int'l","scalerank":6,"iata":"PPG"},"geometry":{"type":"Point","coordinates":[-170.71330705373444,-14.329064185030566]}},{"type":"Feature","properties":{"name":"Birmingham Int'l","scalerank":6,"iata":"BHX"},"geometry":{"type":"Point","coordinates":[-1.733731704344524,52.45290855428381]}},{"type":"Feature","properties":{"name":"Roberts Int'l","scalerank":6,"iata":"ROB"},"geometry":{"type":"Point","coordinates":[-10.353085186793352,6.241834565545255]}},{"type":"Feature","properties":{"name":"Raipur","scalerank":6,"iata":"RPR"},"geometry":{"type":"Point","coordinates":[81.74037759152014,21.18598685614469]}},{"type":"Feature","properties":{"name":"El Salvador Int'l","scalerank":6,"iata":"SAL"},"geometry":{"type":"Point","coordinates":[-89.0572035692743,13.444748122861604]}},{"type":"Feature","properties":{"name":"San Diego Int'l","scalerank":6,"iata":"SAN"},"geometry":{"type":"Point","coordinates":[-117.19751102573103,32.73226455701319]}},{"type":"Feature","properties":{"name":"San Antonio Int'l","scalerank":6,"iata":"SAT"},"geometry":{"type":"Point","coordinates":[-98.4719699991559,29.526620339131505]}},{"type":"Feature","properties":{"name":"Savannah Int'l","scalerank":6,"iata":"SAV"},"geometry":{"type":"Point","coordinates":[-81.20996477509134,32.13564155229021]}},{"type":"Feature","properties":{"name":"Antonio Maceo","scalerank":6,"iata":"SCU"},"geometry":{"type":"Point","coordinates":[-75.83988776397909,19.972428871762215]}},{"type":"Feature","properties":{"name":"Ponciano Arriaga Int'l","scalerank":6,"iata":"SLP"},"geometry":{"type":"Point","coordinates":[-100.93647781626697,22.255713049590337]}},{"type":"Feature","properties":{"name":"Sacramento Int'l","scalerank":6,"iata":"SMF"},"geometry":{"type":"Point","coordinates":[-121.58789487772277,38.6927238925554]}},{"type":"Feature","properties":{"name":"Cibao Int'l","scalerank":6,"iata":"STI"},"geometry":{"type":"Point","coordinates":[-70.69417832244676,19.46592191528884]}},{"type":"Feature","properties":{"name":"Koltsovo","scalerank":6,"iata":"SVX"},"geometry":{"type":"Point","coordinates":[60.80580334321738,56.73224561204597]}},{"type":"Feature","properties":{"name":"Syracuse Hancock Int'l","scalerank":6,"iata":"SYR"},"geometry":{"type":"Point","coordinates":[-76.1130789991049,43.13178449437413]}},{"type":"Feature","properties":{"name":"Tabriz","scalerank":6,"iata":"TBZ"},"geometry":{"type":"Point","coordinates":[46.244713373574,38.131110768817514]}},{"type":"Feature","properties":{"name":"Torreon Int'l","scalerank":6,"iata":"TRC"},"geometry":{"type":"Point","coordinates":[-103.39878782857888,25.56321643998958]}},{"type":"Feature","properties":{"name":"Tulsa Int'l","scalerank":6,"iata":"TUL"},"geometry":{"type":"Point","coordinates":[-95.88988227154202,36.19012756519499]}},{"type":"Feature","properties":{"name":"Mcghee Tyson","scalerank":6,"iata":"TYS"},"geometry":{"type":"Point","coordinates":[-83.98993783275846,35.80574480270883]}},{"type":"Feature","properties":{"name":"Ufa Int'l","scalerank":6,"iata":"UFA"},"geometry":{"type":"Point","coordinates":[55.884077341183726,54.56513235789718]}},{"type":"Feature","properties":{"name":"Hewanorra Int'l","scalerank":6,"iata":"UVF"},"geometry":{"type":"Point","coordinates":[-60.949973772346056,13.736523805048892]}},{"type":"Feature","properties":{"name":"Windhoek Hosea Kutako Int'l","scalerank":6,"iata":"WDH"},"geometry":{"type":"Point","coordinates":[17.463225902813253,-22.486953120204117]}},{"type":"Feature","properties":{"name":"Sault Ste Marie","scalerank":6,"iata":"YAM"},"geometry":{"type":"Point","coordinates":[-84.50060899997175,46.485417510192555]}},{"type":"Feature","properties":{"name":"Dawson Cr.","scalerank":6,"iata":"YDQ"},"geometry":{"type":"Point","coordinates":[-120.18559561910142,55.7394117074557]}},{"type":"Feature","properties":{"name":"Edmonton Int'l","scalerank":6,"iata":"YEG"},"geometry":{"type":"Point","coordinates":[-113.5844925644056,53.307200161918324]}},{"type":"Feature","properties":{"name":"Halifax Int'l","scalerank":6,"iata":"YHZ"},"geometry":{"type":"Point","coordinates":[-63.514965250167336,44.886545450100954]}},{"type":"Feature","properties":{"name":"Kamloops","scalerank":6,"iata":"YKA"},"geometry":{"type":"Point","coordinates":[-120.44173476396232,50.70519551845913]}},{"type":"Feature","properties":{"name":"Sudbury","scalerank":6,"iata":"YSB"},"geometry":{"type":"Point","coordinates":[-80.79577478171052,46.622750820489316]}},{"type":"Feature","properties":{"name":"Saint John","scalerank":6,"iata":"YSJ"},"geometry":{"type":"Point","coordinates":[-65.89055736811677,45.329230595501656]}},{"type":"Feature","properties":{"name":"Prince George","scalerank":6,"iata":"YXS"},"geometry":{"type":"Point","coordinates":[-122.67401474398616,53.884248575113766]}},{"type":"Feature","properties":{"name":"Victoria Int'l","scalerank":6,"iata":"YYJ"},"geometry":{"type":"Point","coordinates":[-123.43062453952774,48.64052948217902]}},{"type":"Feature","properties":{"name":"Zamboanga Int'l","scalerank":6,"iata":"ZAM"},"geometry":{"type":"Point","coordinates":[122.06243232163732,6.919757748058303]}},{"type":"Feature","properties":{"name":"Lanzhou Zhongchuan","scalerank":6,"iata":"ZGC"},"geometry":{"type":"Point","coordinates":[103.61541536304331,36.50788424612367]}},{"type":"Feature","properties":{"name":"Albany Int'l","scalerank":6,"iata":"ALB"},"geometry":{"type":"Point","coordinates":[-73.80935188431725,42.745661980172905]}},{"type":"Feature","properties":{"name":"General Mitchell Int'l","scalerank":6,"iata":"MKE"},"geometry":{"type":"Point","coordinates":[-87.90210562507438,42.94791987295855]}},{"type":"Feature","properties":{"name":"Wang-Chia Tun Airbase","scalerank":6,"iata":null},"geometry":{"type":"Point","coordinates":[114.24694737615044,30.60171411967017]}},{"type":"Feature","properties":{"name":"Sanya Phoenix Int'l","scalerank":6,"iata":"SYX"},"geometry":{"type":"Point","coordinates":[109.40823949107957,18.309095990859316]}},{"type":"Feature","properties":{"name":"Lhasa Gonggar","scalerank":6,"iata":"LXA"},"geometry":{"type":"Point","coordinates":[90.9005610194027,29.29369361231842]}},{"type":"Feature","properties":{"name":"Hotan","scalerank":6,"iata":"HTN"},"geometry":{"type":"Point","coordinates":[79.87230052121915,37.04003635097652]}},{"type":"Feature","properties":{"name":"Dresden","scalerank":6,"iata":"DRS"},"geometry":{"type":"Point","coordinates":[13.764967144004661,51.125091242887116]}},{"type":"Feature","properties":{"name":"Kenitra Air Base","scalerank":6,"iata":"NNA"},"geometry":{"type":"Point","coordinates":[-6.597753628115997,34.298667363822325]}},{"type":"Feature","properties":{"name":"Annemasse","scalerank":6,"iata":"QNJ"},"geometry":{"type":"Point","coordinates":[6.264910853641591,46.19572832862606]}},{"type":"Feature","properties":{"name":"Nogales Int'l","scalerank":6,"iata":"NOG"},"geometry":{"type":"Point","coordinates":[-110.97272130167508,31.225537174115924]}},{"type":"Feature","properties":{"name":"Strasbourg","scalerank":6,"iata":"SXB"},"geometry":{"type":"Point","coordinates":[7.627841966889242,48.54469617217594]}},{"type":"Feature","properties":{"name":"Cologne/Bonn","scalerank":6,"iata":"CGN"},"geometry":{"type":"Point","coordinates":[7.122359755245386,50.87825966294709]}},{"type":"Feature","properties":{"name":"Kimhae Int'l","scalerank":6,"iata":"PUS"},"geometry":{"type":"Point","coordinates":[128.9488013790388,35.17028406368295]}},{"type":"Feature","properties":{"name":"Jeju Int'l","scalerank":6,"iata":"CJU"},"geometry":{"type":"Point","coordinates":[126.49162940197242,33.52471731503988]}},{"type":"Feature","properties":{"name":"Stavanger Sola","scalerank":6,"iata":"SVG"},"geometry":{"type":"Point","coordinates":[5.629810329721799,58.88215648421848]}},{"type":"Feature","properties":{"name":"Trondheim Vaernes","scalerank":6,"iata":"TRD"},"geometry":{"type":"Point","coordinates":[10.916809524144515,63.472029381716986]}},{"type":"Feature","properties":{"name":"Corumba Int'l","scalerank":6,"iata":"CMG"},"geometry":{"type":"Point","coordinates":[-57.663607892554346,-19.01416628855335]}},{"type":"Feature","properties":{"name":"Madeira","scalerank":6,"iata":"FNC"},"geometry":{"type":"Point","coordinates":[-16.775637453121334,32.69336428474887]}},{"type":"Feature","properties":{"name":"Foz do Iguaçu Int'l","scalerank":6,"iata":"IGU"},"geometry":{"type":"Point","coordinates":[-54.48859227356332,-25.597683216210232]}},{"type":"Feature","properties":{"name":"Gov. Jorge Teixeira de Oliveira Int'l","scalerank":6,"iata":"PVH"},"geometry":{"type":"Point","coordinates":[-63.89846250042134,-8.714424828592882]}},{"type":"Feature","properties":{"name":"Bilbao","scalerank":6,"iata":"BIO"},"geometry":{"type":"Point","coordinates":[-2.906090116798053,43.30508298111947]}},{"type":"Feature","properties":{"name":"Palma de Mallorca","scalerank":6,"iata":"PMI"},"geometry":{"type":"Point","coordinates":[2.729976602006474,39.56577585862541]}},{"type":"Feature","properties":{"name":"Tenerife N.","scalerank":6,"iata":"TFN"},"geometry":{"type":"Point","coordinates":[-16.346317567926352,28.487577026773145]}},{"type":"Feature","properties":{"name":"Gothenburg","scalerank":6,"iata":"GOT"},"geometry":{"type":"Point","coordinates":[12.29382690925731,57.685749353487864]}},{"type":"Feature","properties":{"name":"Lulea","scalerank":6,"iata":"LLA"},"geometry":{"type":"Point","coordinates":[22.123027124394543,65.54903624776163]}},{"type":"Feature","properties":{"name":"Abu Dhabi Int'l","scalerank":6,"iata":"AUH"},"geometry":{"type":"Point","coordinates":[54.646329322555786,24.42722715297642]}},{"type":"Feature","properties":{"name":"Mohamed Boudiaf Int'l","scalerank":6,"iata":"CZL"},"geometry":{"type":"Point","coordinates":[6.621946651812188,36.28344094416007]}},{"type":"Feature","properties":{"name":"Aswan Int'l","scalerank":6,"iata":"ASW"},"geometry":{"type":"Point","coordinates":[32.82443724629733,23.968276544177797]}},{"type":"Feature","properties":{"name":"Rovaniemi","scalerank":6,"iata":"RVN"},"geometry":{"type":"Point","coordinates":[25.829440976045195,66.55955641685094]}},{"type":"Feature","properties":{"name":"Cheddi Jagan Int'l","scalerank":6,"iata":"GEO"},"geometry":{"type":"Point","coordinates":[-58.25411919258886,6.498552908135722]}},{"type":"Feature","properties":{"name":"Cochin Int'l","scalerank":6,"iata":"COK"},"geometry":{"type":"Point","coordinates":[76.39051985020242,10.155118762811767]}},{"type":"Feature","properties":{"name":"Eldoret Int'l","scalerank":6,"iata":"EDL"},"geometry":{"type":"Point","coordinates":[35.223693065830126,0.40507147546036]}},{"type":"Feature","properties":{"name":"Incheon Int'l","scalerank":6,"iata":"ICN"},"geometry":{"type":"Point","coordinates":[126.45087598079584,37.449208862434624]}},{"type":"Feature","properties":{"name":"Federal de Bachigualato Int'l","scalerank":6,"iata":"CUL"},"geometry":{"type":"Point","coordinates":[-107.46986379289618,24.766804039046114]}},{"type":"Feature","properties":{"name":"Benazir Bhutto Int'l","scalerank":6,"iata":"ISB"},"geometry":{"type":"Point","coordinates":[73.10079364718818,33.607445750752625]}},{"type":"Feature","properties":{"name":"Brussels","scalerank":5,"iata":"BRU"},"geometry":{"type":"Point","coordinates":[4.484640324082722,50.89729496415108]}},{"type":"Feature","properties":{"name":"Abuja Int'l","scalerank":5,"iata":"ABV"},"geometry":{"type":"Point","coordinates":[7.270259939743561,9.00437659781094]}},{"type":"Feature","properties":{"name":"Arcata-Eureka","scalerank":5,"iata":"ACV"},"geometry":{"type":"Point","coordinates":[-124.10706552013855,40.97192453813144]}},{"type":"Feature","properties":{"name":"Austin-Bergstrom Int'l","scalerank":5,"iata":"AUS"},"geometry":{"type":"Point","coordinates":[-97.66683676460543,30.202108192074945]}},{"type":"Feature","properties":{"name":"Antalya","scalerank":5,"iata":"AYT"},"geometry":{"type":"Point","coordinates":[30.80255264394152,36.915323305186774]}},{"type":"Feature","properties":{"name":"Belfast Int'l","scalerank":5,"iata":"BFS"},"geometry":{"type":"Point","coordinates":[-6.216169437349579,54.66155754701032]}},{"type":"Feature","properties":{"name":"Orio Al Serio","scalerank":5,"iata":"BGY"},"geometry":{"type":"Point","coordinates":[9.698917693997402,45.66549805606945]}},{"type":"Feature","properties":{"name":"Kota Kinabalu Int'l","scalerank":5,"iata":"BKI"},"geometry":{"type":"Point","coordinates":[116.05108787336903,5.922894454748071]}},{"type":"Feature","properties":{"name":"Bengaluru Int'l","scalerank":5,"iata":"BLR"},"geometry":{"type":"Point","coordinates":[77.70955798895749,13.200610806960903]}},{"type":"Feature","properties":{"name":"Canberra Int'l","scalerank":5,"iata":"CBR"},"geometry":{"type":"Point","coordinates":[149.19076053967132,-35.3071855902909]}},{"type":"Feature","properties":{"name":"Port Columbus Int'l","scalerank":5,"iata":"CMH"},"geometry":{"type":"Point","coordinates":[-82.8840306426634,39.9981181922432]}},{"type":"Feature","properties":{"name":"Mohamed V Int'l","scalerank":5,"iata":"CMN"},"geometry":{"type":"Point","coordinates":[-7.581455990257197,33.374727481539615]}},{"type":"Feature","properties":{"name":"Dusseldorf Int'l","scalerank":5,"iata":"DUS"},"geometry":{"type":"Point","coordinates":[6.76494446612174,51.2781820420774]}},{"type":"Feature","properties":{"name":"Esenboga Int'l","scalerank":5,"iata":"ESB"},"geometry":{"type":"Point","coordinates":[32.99301007720143,40.11512782732336]}},{"type":"Feature","properties":{"name":"Hamilton Int'l","scalerank":5,"iata":"HLZ"},"geometry":{"type":"Point","coordinates":[175.33622143270816,-37.865841148482694]}},{"type":"Feature","properties":{"name":"Rajiv Gandhi Int'l","scalerank":5,"iata":"HYD"},"geometry":{"type":"Point","coordinates":[78.42953613451998,17.235983150747067]}},{"type":"Feature","properties":{"name":"John F Kennedy Int'l","scalerank":5,"iata":"JFK"},"geometry":{"type":"Point","coordinates":[-73.78632686092955,40.645959558408144]}},{"type":"Feature","properties":{"name":"Boryspil Int'l","scalerank":5,"iata":"KBP"},"geometry":{"type":"Point","coordinates":[30.89516216155281,50.34090233887696]}},{"type":"Feature","properties":{"name":"Khartoum","scalerank":5,"iata":"KRT"},"geometry":{"type":"Point","coordinates":[32.550153296632956,15.59222265308578]}},{"type":"Feature","properties":{"name":"Dane Cty. Reg. (Truax Field)","scalerank":5,"iata":"MSN"},"geometry":{"type":"Point","coordinates":[-89.34578478944866,43.13630823858675]}},{"type":"Feature","properties":{"name":"Minsk Int'l","scalerank":5,"iata":"MSQ"},"geometry":{"type":"Point","coordinates":[28.034193334637767,53.88937923980054]}},{"type":"Feature","properties":{"name":"Palermo","scalerank":5,"iata":"PMO"},"geometry":{"type":"Point","coordinates":[13.105530988863753,38.186335108489494]}},{"type":"Feature","properties":{"name":"T.F. Green","scalerank":5,"iata":"PVD"},"geometry":{"type":"Point","coordinates":[-71.4357841445789,41.726001984718906]}},{"type":"Feature","properties":{"name":"Southwest Florida Int'l","scalerank":5,"iata":"RSW"},"geometry":{"type":"Point","coordinates":[-81.75512314093055,26.527928806765104]}},{"type":"Feature","properties":{"name":"Shenyang Taoxian Int'l","scalerank":5,"iata":"SHE"},"geometry":{"type":"Point","coordinates":[123.4879744303385,41.634789133958215]}},{"type":"Feature","properties":{"name":"Sharjah Int'l","scalerank":5,"iata":"SHJ"},"geometry":{"type":"Point","coordinates":[55.52050719488528,25.321196401906818]}},{"type":"Feature","properties":{"name":"San Jose Int'l","scalerank":5,"iata":"SJC"},"geometry":{"type":"Point","coordinates":[-121.92942898353154,37.36949059089655]}},{"type":"Feature","properties":{"name":"John Wayne","scalerank":5,"iata":"SNA"},"geometry":{"type":"Point","coordinates":[-117.8614892203934,33.6794857329549]}},{"type":"Feature","properties":{"name":"Stuttgart","scalerank":5,"iata":"STR"},"geometry":{"type":"Point","coordinates":[9.193951089455357,48.69010513589129]}},{"type":"Feature","properties":{"name":"Nacional Tobias Bolanos","scalerank":5,"iata":"SYQ"},"geometry":{"type":"Point","coordinates":[-84.13860919715941,9.958278519196229]}},{"type":"Feature","properties":{"name":"Shenzhen Bao'an Int'l","scalerank":5,"iata":"SZX"},"geometry":{"type":"Point","coordinates":[113.81585275108512,22.64650771478675]}},{"type":"Feature","properties":{"name":"Louisville Int'l","scalerank":5,"iata":"SDF"},"geometry":{"type":"Point","coordinates":[-85.74170275973673,38.18602071526992]}},{"type":"Feature","properties":{"name":"Geneva","scalerank":5,"iata":"GVA"},"geometry":{"type":"Point","coordinates":[6.107945774236034,46.23100951015795]}},{"type":"Feature","properties":{"name":"Lyon-Saint Exupery","scalerank":5,"iata":"LYS"},"geometry":{"type":"Point","coordinates":[5.075944318134586,45.72101868346691]}},{"type":"Feature","properties":{"name":"Kansai Int'l","scalerank":5,"iata":"KIX"},"geometry":{"type":"Point","coordinates":[135.24445977247638,34.43479416292695]}},{"type":"Feature","properties":{"name":"Lisbon Portela","scalerank":5,"iata":"LIS"},"geometry":{"type":"Point","coordinates":[-9.130694409310712,38.770762342751425]}},{"type":"Feature","properties":{"name":"Tancredo Neves Int'l","scalerank":5,"iata":"CNF"},"geometry":{"type":"Point","coordinates":[-43.96358152099491,-19.63278212187474]}},{"type":"Feature","properties":{"name":"Bromma","scalerank":5,"iata":"BMA"},"geometry":{"type":"Point","coordinates":[17.945617540614503,59.35559020651122]}},{"type":"Feature","properties":{"name":"Juanda Int'l","scalerank":5,"iata":"SUB"},"geometry":{"type":"Point","coordinates":[112.77703459493297,-7.383578985275999]}},{"type":"Feature","properties":{"name":"Astor Piazzolla Int'l","scalerank":5,"iata":"MDQ"},"geometry":{"type":"Point","coordinates":[-57.581615093239215,-37.93321612044816]}},{"type":"Feature","properties":{"name":"Owen Roberts Int'l","scalerank":5,"iata":"GCM"},"geometry":{"type":"Point","coordinates":[-81.35767061622893,19.29591074371222]}},{"type":"Feature","properties":{"name":"Zhengzhou Xinzheng Int'l","scalerank":5,"iata":"CGO"},"geometry":{"type":"Point","coordinates":[113.84183130284451,34.52630271989567]}},{"type":"Feature","properties":{"name":"Dalian Zhoushuizi Int'l","scalerank":5,"iata":"DLC"},"geometry":{"type":"Point","coordinates":[121.53891378010117,38.96157023002216]}},{"type":"Feature","properties":{"name":"Heraklion Int'l","scalerank":5,"iata":"HER"},"geometry":{"type":"Point","coordinates":[25.17405582432718,35.33690241010455]}},{"type":"Feature","properties":{"name":"Tbilisi Int'l","scalerank":5,"iata":"TBS"},"geometry":{"type":"Point","coordinates":[44.964614614166365,41.66944201872605]}},{"type":"Feature","properties":{"name":"Cascais","scalerank":5,"iata":"XXC"},"geometry":{"type":"Point","coordinates":[-9.354582402639275,38.72353532083235]}},{"type":"Feature","properties":{"name":"Kaohsiung Int'l","scalerank":4,"iata":"KHH"},"geometry":{"type":"Point","coordinates":[120.34515634215063,22.57170610544221]}},{"type":"Feature","properties":{"name":"Sadiq Abubakar III","scalerank":4,"iata":"SKO"},"geometry":{"type":"Point","coordinates":[5.200226160326513,12.917482416618078]}},{"type":"Feature","properties":{"name":"Mariscal Sucre Int'l","scalerank":4,"iata":"UIO"},"geometry":{"type":"Point","coordinates":[-78.48999255457005,-0.145552408466882]}},{"type":"Feature","properties":{"name":"Karachi Civil","scalerank":4,"iata":"KHI"},"geometry":{"type":"Point","coordinates":[67.15212835929466,24.898524368959485]}},{"type":"Feature","properties":{"name":"Kishinev S.E.","scalerank":4,"iata":"KIV"},"geometry":{"type":"Point","coordinates":[28.93604875622555,46.93416199003912]}},{"type":"Feature","properties":{"name":"Jorge Chavez","scalerank":4,"iata":"LIM"},"geometry":{"type":"Point","coordinates":[-77.10756569313422,-12.0237161502221]}},{"type":"Feature","properties":{"name":"Thunder Bay Int'l","scalerank":4,"iata":"YQT"},"geometry":{"type":"Point","coordinates":[-89.31214212381362,48.37188114925079]}},{"type":"Feature","properties":{"name":"Vilnius","scalerank":4,"iata":"VNO"},"geometry":{"type":"Point","coordinates":[25.28071644972846,54.64305493075424]}},{"type":"Feature","properties":{"name":"Hsien Yang","scalerank":4,"iata":"XIY"},"geometry":{"type":"Point","coordinates":[108.75581134215064,34.442939105442214]}},{"type":"Feature","properties":{"name":"Del Norte Int'l","scalerank":4,"iata":"NTR"},"geometry":{"type":"Point","coordinates":[-100.2383941865767,25.859873767729045]}},{"type":"Feature","properties":{"name":"Fua'amotu Int'l","scalerank":4,"iata":"TBU"},"geometry":{"type":"Point","coordinates":[-175.135635,-21.24861]}},{"type":"Feature","properties":{"name":"Esfahan Int'l","scalerank":4,"iata":"IFN"},"geometry":{"type":"Point","coordinates":[51.87639168126809,32.74608053443211]}},{"type":"Feature","properties":{"name":"Harare Int'l","scalerank":4,"iata":"HRE"},"geometry":{"type":"Point","coordinates":[31.1014,-17.9228]}},{"type":"Feature","properties":{"name":"Kuwait Int'l","scalerank":4,"iata":"KWI"},"geometry":{"type":"Point","coordinates":[47.97148255933165,29.239680058158292]}},{"type":"Feature","properties":{"name":"Macdonald-Cartier Int'l","scalerank":4,"iata":"YOW"},"geometry":{"type":"Point","coordinates":[-75.66489338702053,45.3201348196531]}},{"type":"Feature","properties":{"name":"Kabul Int'l","scalerank":4,"iata":"KBL"},"geometry":{"type":"Point","coordinates":[69.21007362708741,34.56339788641491]}},{"type":"Feature","properties":{"name":"Abidjan Port Bouet","scalerank":4,"iata":"ABJ"},"geometry":{"type":"Point","coordinates":[-3.932219291676359,5.254398445149204]}},{"type":"Feature","properties":{"name":"General Juan N Alvarez Int'l","scalerank":4,"iata":"ACA"},"geometry":{"type":"Point","coordinates":[-99.75450856196812,16.761967352779976]}},{"type":"Feature","properties":{"name":"Kotoka Int'l","scalerank":4,"iata":"ACC"},"geometry":{"type":"Point","coordinates":[-0.171402855660817,5.606981523811933]}},{"type":"Feature","properties":{"name":"Bole Int'l","scalerank":4,"iata":"ADD"},"geometry":{"type":"Point","coordinates":[38.7931904366343,8.981730275810992]}},{"type":"Feature","properties":{"name":"Aden Int'l","scalerank":4,"iata":"ADE"},"geometry":{"type":"Point","coordinates":[45.030602,12.8278]}},{"type":"Feature","properties":{"name":"Adelaide Int'l","scalerank":4,"iata":"ADL"},"geometry":{"type":"Point","coordinates":[138.5321014576991,-34.9405860275154]}},{"type":"Feature","properties":{"name":"Almaty Int'l","scalerank":4,"iata":"ALA"},"geometry":{"type":"Point","coordinates":[77.01204587711747,43.34649431447929]}},{"type":"Feature","properties":{"name":"Houari Boumediene","scalerank":4,"iata":"ALG"},"geometry":{"type":"Point","coordinates":[3.212073535165055,36.69972066635346]}},{"type":"Feature","properties":{"name":"Aleppo Int'l","scalerank":4,"iata":"ALP"},"geometry":{"type":"Point","coordinates":[37.22734140578282,36.18462373143136]}},{"type":"Feature","properties":{"name":"Sardar Vallabhbhai Patel Int'l","scalerank":4,"iata":"AMD"},"geometry":{"type":"Point","coordinates":[72.62090008843316,23.070745463588118]}},{"type":"Feature","properties":{"name":"Cerro Moreno Int'l","scalerank":4,"iata":"ANF"},"geometry":{"type":"Point","coordinates":[-70.44099085094066,-23.448954524831667]}},{"type":"Feature","properties":{"name":"Ashkhabad Northwest","scalerank":4,"iata":"ASB"},"geometry":{"type":"Point","coordinates":[58.363965920824604,37.98485343895699]}},{"type":"Feature","properties":{"name":"Yohannes Iv Int'l","scalerank":4,"iata":"ASM"},"geometry":{"type":"Point","coordinates":[38.90635401363214,15.29361596964986]}},{"type":"Feature","properties":{"name":"Silvio Pettirossi Int'l","scalerank":4,"iata":"ASU"},"geometry":{"type":"Point","coordinates":[-57.51390782471363,-25.241659253381577]}},{"type":"Feature","properties":{"name":"Bermuda Int'l","scalerank":4,"iata":"BDA"},"geometry":{"type":"Point","coordinates":[-64.70277406865142,32.359173960158074]}},{"type":"Feature","properties":{"name":"Surcin","scalerank":4,"iata":"BEG"},"geometry":{"type":"Point","coordinates":[20.291284594662077,44.81907666544326]}},{"type":"Feature","properties":{"name":"Beirut Int'l","scalerank":4,"iata":"BEY"},"geometry":{"type":"Point","coordinates":[35.4930853618161,33.825440061866765]}},{"type":"Feature","properties":{"name":"Bairagarh","scalerank":4,"iata":"BHO"},"geometry":{"type":"Point","coordinates":[77.34087147135794,23.285568486980882]}},{"type":"Feature","properties":{"name":"Bamako Senou","scalerank":4,"iata":"BKO"},"geometry":{"type":"Point","coordinates":[-7.947272269708012,12.539336342586719]}},{"type":"Feature","properties":{"name":"Nashville Int'l","scalerank":4,"iata":"BNA"},"geometry":{"type":"Point","coordinates":[-86.66928673563747,36.13148763616973]}},{"type":"Feature","properties":{"name":"Brisbane Int'l","scalerank":4,"iata":"BNE"},"geometry":{"type":"Point","coordinates":[153.1202564188439,-27.38539659390988]}},{"type":"Feature","properties":{"name":"Boise Air Terminal","scalerank":4,"iata":"BOI"},"geometry":{"type":"Point","coordinates":[-116.2218410705487,43.5689592234704]}},{"type":"Feature","properties":{"name":"Wiley Post Will Rogers Mem.","scalerank":4,"iata":"BRW"},"geometry":{"type":"Point","coordinates":[-156.771835,71.289299]}},{"type":"Feature","properties":{"name":"Greater Buffalo Int'l","scalerank":4,"iata":"BUF"},"geometry":{"type":"Point","coordinates":[-78.73199655233083,42.93403374935259]}},{"type":"Feature","properties":{"name":"Bulawayo","scalerank":4,"iata":"BUQ"},"geometry":{"type":"Point","coordinates":[28.622552042904037,-20.015568409490825]}},{"type":"Feature","properties":{"name":"Brunei Int'l","scalerank":4,"iata":"BWN"},"geometry":{"type":"Point","coordinates":[114.93311902920937,4.945475282276854]}},{"type":"Feature","properties":{"name":"Guangzhou Baiyun Int'l","scalerank":4,"iata":"CAN"},"geometry":{"type":"Point","coordinates":[113.29751655217066,23.3891511573243]}},{"type":"Feature","properties":{"name":"Carriel Sur Int'l","scalerank":4,"iata":"CCP"},"geometry":{"type":"Point","coordinates":[-73.06210617462139,-36.7763727437881]}},{"type":"Feature","properties":{"name":"Netaji Subhash Chandra Bose Int'l","scalerank":4,"iata":"CCU"},"geometry":{"type":"Point","coordinates":[88.44000101301965,22.645389378506415]}},{"type":"Feature","properties":{"name":"Chittagong","scalerank":4,"iata":"CGP"},"geometry":{"type":"Point","coordinates":[91.81471071623834,22.24556585857375]}},{"type":"Feature","properties":{"name":"Christchurch Int'l","scalerank":4,"iata":"CHC"},"geometry":{"type":"Point","coordinates":[172.53867556522317,-43.48854867841038]}},{"type":"Feature","properties":{"name":"Conakry","scalerank":4,"iata":"CKY"},"geometry":{"type":"Point","coordinates":[-13.621065625167132,9.574181158500823]}},{"type":"Feature","properties":{"name":"Hopkins Int'l","scalerank":4,"iata":"CLE"},"geometry":{"type":"Point","coordinates":[-81.83844060640457,41.41119161249661]}},{"type":"Feature","properties":{"name":"Alfonso Bonilla Aragon Int'l","scalerank":4,"iata":"CLO"},"geometry":{"type":"Point","coordinates":[-76.38507147280909,3.543286351232192]}},{"type":"Feature","properties":{"name":"Cotonou Cadjehon","scalerank":4,"iata":"COO"},"geometry":{"type":"Point","coordinates":[2.383800072435198,6.3582465034691]}},{"type":"Feature","properties":{"name":"Ingeniero Ambrosio L.V. Taravella Int'l","scalerank":4,"iata":"COR"},"geometry":{"type":"Point","coordinates":[-64.21231576708007,-31.31568116848888]}},{"type":"Feature","properties":{"name":"Rafael Nunez","scalerank":4,"iata":"CTG"},"geometry":{"type":"Point","coordinates":[-75.51233495596824,10.444938176491519]}},{"type":"Feature","properties":{"name":"Cancun","scalerank":4,"iata":"CUN"},"geometry":{"type":"Point","coordinates":[-86.87441725066944,21.04019667144003]}},{"type":"Feature","properties":{"name":"General R F Villalobos Int'l","scalerank":4,"iata":"CUU"},"geometry":{"type":"Point","coordinates":[-105.969204692629,28.70399849976794]}},{"type":"Feature","properties":{"name":"Zia Int'l Dhaka","scalerank":4,"iata":"DAC"},"geometry":{"type":"Point","coordinates":[90.40492415992367,23.84812432181269]}},{"type":"Feature","properties":{"name":"Darwin Int'l","scalerank":4,"iata":"DRW"},"geometry":{"type":"Point","coordinates":[130.8775014367739,-12.40805599665558]}},{"type":"Feature","properties":{"name":"Louis Botha","scalerank":4,"iata":"DUR"},"geometry":{"type":"Point","coordinates":[30.945708194088084,-29.965914250828032]}},{"type":"Feature","properties":{"name":"Lubumbashi Luano Int'l","scalerank":4,"iata":"FBM"},"geometry":{"type":"Point","coordinates":[27.5292,-11.5908]}},{"type":"Feature","properties":{"name":"Saiss","scalerank":4,"iata":"FEZ"},"geometry":{"type":"Point","coordinates":[-4.982146376783026,33.930525184467264]}},{"type":"Feature","properties":{"name":"Kinshasa N Djili Int'l","scalerank":4,"iata":"FIH"},"geometry":{"type":"Point","coordinates":[15.446516207456082,-4.389168821975817]}},{"type":"Feature","properties":{"name":"Freetown Lungi","scalerank":4,"iata":"FNA"},"geometry":{"type":"Point","coordinates":[-13.200229678648256,8.615423617263689]}},{"type":"Feature","properties":{"name":"Sunan","scalerank":4,"iata":"FNJ"},"geometry":{"type":"Point","coordinates":[125.67532157120056,39.200177166765556]}},{"type":"Feature","properties":{"name":"Vasilyevka","scalerank":4,"iata":"FRU"},"geometry":{"type":"Point","coordinates":[74.46880033990898,43.055452723330326]}},{"type":"Feature","properties":{"name":"Sir Seretse Khama Int'l","scalerank":4,"iata":"GBE"},"geometry":{"type":"Point","coordinates":[25.92438082641467,-24.558071808944057]}},{"type":"Feature","properties":{"name":"Don Miguel Hidalgo Int'l","scalerank":4,"iata":"GDL"},"geometry":{"type":"Point","coordinates":[-103.30076622275178,20.524686348517278]}},{"type":"Feature","properties":{"name":"Glasgow Int'l","scalerank":4,"iata":"GLA"},"geometry":{"type":"Point","coordinates":[-4.431677969951069,55.86418285703546]}},{"type":"Feature","properties":{"name":"La Aurora","scalerank":4,"iata":"GUA"},"geometry":{"type":"Point","coordinates":[-90.53018111137798,14.588160829005092]}},{"type":"Feature","properties":{"name":"Simon Bolivar Int'l","scalerank":4,"iata":"GYE"},"geometry":{"type":"Point","coordinates":[-79.88700964393296,-2.158337906991362]}},{"type":"Feature","properties":{"name":"Noi Bai","scalerank":4,"iata":"HAN"},"geometry":{"type":"Point","coordinates":[105.80375943680576,21.214559670724526]}},{"type":"Feature","properties":{"name":"Jose Marti Int'l","scalerank":4,"iata":"HAV"},"geometry":{"type":"Point","coordinates":[-82.4074206289499,22.99735333644277]}},{"type":"Feature","properties":{"name":"Borg El Arab Int'l","scalerank":4,"iata":"HBE"},"geometry":{"type":"Point","coordinates":[29.692666015230046,30.91837127862389]}},{"type":"Feature","properties":{"name":"King Abdul Aziz Int'l","scalerank":4,"iata":"JED"},"geometry":{"type":"Point","coordinates":[39.150499678044795,21.670685787812808]}},{"type":"Feature","properties":{"name":"Kano Mallam Aminu Int'l","scalerank":4,"iata":"KAN"},"geometry":{"type":"Point","coordinates":[8.522137183957666,12.045707160174642]}},{"type":"Feature","properties":{"name":"Kashi","scalerank":4,"iata":"KHG"},"geometry":{"type":"Point","coordinates":[76.01301480600748,39.537968630625755]}},{"type":"Feature","properties":{"name":"Norman Manley Int'l","scalerank":4,"iata":"KIN"},"geometry":{"type":"Point","coordinates":[-76.77868976165765,17.937575155275226]}},{"type":"Feature","properties":{"name":"Tribhuvan Int'l","scalerank":4,"iata":"KTM"},"geometry":{"type":"Point","coordinates":[85.357139531668,27.700281675160912]}},{"type":"Feature","properties":{"name":"Luanda 4 de Fevereiro","scalerank":4,"iata":"LAD"},"geometry":{"type":"Point","coordinates":[13.234795750269944,-8.84831327917379]}},{"type":"Feature","properties":{"name":"Pulkovo 2","scalerank":4,"iata":"LED"},"geometry":{"type":"Point","coordinates":[30.30709764546479,59.805406160189726]}},{"type":"Feature","properties":{"name":"Allama Iqbal Int'l","scalerank":4,"iata":"LHE"},"geometry":{"type":"Point","coordinates":[74.41088101817482,31.520629651820634]}},{"type":"Feature","properties":{"name":"Kamuzu Int'l","scalerank":4,"iata":"LLW"},"geometry":{"type":"Point","coordinates":[33.78278850197883,-13.788622823745978]}},{"type":"Feature","properties":{"name":"Lagos Murtala Muhammed","scalerank":4,"iata":"LOS"},"geometry":{"type":"Point","coordinates":[3.321124352813337,6.578259445404671]}},{"type":"Feature","properties":{"name":"El Alto Int'l","scalerank":4,"iata":"LPB"},"geometry":{"type":"Point","coordinates":[-68.17800552779448,-16.509879221397668]}},{"type":"Feature","properties":{"name":"Lusaka Int'l","scalerank":4,"iata":"LUN"},"geometry":{"type":"Point","coordinates":[28.44554432110191,-15.326852250944736]}},{"type":"Feature","properties":{"name":"Luxor","scalerank":4,"iata":"LXR"},"geometry":{"type":"Point","coordinates":[32.70329708486226,25.673034778602332]}},{"type":"Feature","properties":{"name":"Chennai Int'l","scalerank":4,"iata":"MAA"},"geometry":{"type":"Point","coordinates":[80.16377597315451,12.982530166915435]}},{"type":"Feature","properties":{"name":"La Chinita Int'l","scalerank":4,"iata":"MAR"},"geometry":{"type":"Point","coordinates":[-71.72376880946867,10.555759468497213]}},{"type":"Feature","properties":{"name":"Jose Maria Cordova","scalerank":4,"iata":"MDE"},"geometry":{"type":"Point","coordinates":[-75.4269557399772,6.171001614358001]}},{"type":"Feature","properties":{"name":"Memphis Int'l","scalerank":4,"iata":"MEM"},"geometry":{"type":"Point","coordinates":[-89.98162803532371,35.04441012400894]}},{"type":"Feature","properties":{"name":"Augusto Cesar Sandino Int'l","scalerank":4,"iata":"MGA"},"geometry":{"type":"Point","coordinates":[-86.1712846229543,12.144635873435028]}},{"type":"Feature","properties":{"name":"Mashhad","scalerank":4,"iata":"MHD"},"geometry":{"type":"Point","coordinates":[59.64219435740293,36.22755031349836]}},{"type":"Feature","properties":{"name":"Miami Int'l","scalerank":4,"iata":"MIA"},"geometry":{"type":"Point","coordinates":[-80.2789718277441,25.79494072124062]}},{"type":"Feature","properties":{"name":"Lic M Crecencio Rejon Int'l","scalerank":4,"iata":"MID"},"geometry":{"type":"Point","coordinates":[-89.66302357364343,20.933860386429597]}},{"type":"Feature","properties":{"name":"Luqa","scalerank":4,"iata":"MLA"},"geometry":{"type":"Point","coordinates":[14.495264455505483,35.848930794350125]}},{"type":"Feature","properties":{"name":"Moi Int'l","scalerank":4,"iata":"MBA"},"geometry":{"type":"Point","coordinates":[39.60266318703833,-4.032652625796572]}},{"type":"Feature","properties":{"name":"Moshoeshoe I Int'l","scalerank":4,"iata":"MSU"},"geometry":{"type":"Point","coordinates":[27.559216033361427,-29.45557400461012]}},{"type":"Feature","properties":{"name":"New Orleans Int'l","scalerank":4,"iata":"MSY"},"geometry":{"type":"Point","coordinates":[-90.25669394805942,29.985114146062223]}},{"type":"Feature","properties":{"name":"Multan","scalerank":4,"iata":"MUX"},"geometry":{"type":"Point","coordinates":[71.41899543293198,30.195078090496487]}},{"type":"Feature","properties":{"name":"Carrasco Int'l","scalerank":4,"iata":"MVD"},"geometry":{"type":"Point","coordinates":[-56.026636146282,-34.84104859885686]}},{"type":"Feature","properties":{"name":"General Rafael Buelna Int'l","scalerank":4,"iata":"MZT"},"geometry":{"type":"Point","coordinates":[-106.27001661788533,23.16659609713445]}},{"type":"Feature","properties":{"name":"Nassau Int'l","scalerank":4,"iata":"NAS"},"geometry":{"type":"Point","coordinates":[-77.46484722909442,25.048691060086554]}},{"type":"Feature","properties":{"name":"Ndjamena","scalerank":4,"iata":"NDJ"},"geometry":{"type":"Point","coordinates":[15.03304463855593,12.129540018411483]}},{"type":"Feature","properties":{"name":"Niamey","scalerank":4,"iata":"NIM"},"geometry":{"type":"Point","coordinates":[2.17730671184125,13.476757280794157]}},{"type":"Feature","properties":{"name":"Mactan-Cebu Int'l","scalerank":4,"iata":"CEB"},"geometry":{"type":"Point","coordinates":[123.97913450866376,10.315875672729177]}},{"type":"Feature","properties":{"name":"Nova Lisboa","scalerank":4,"iata":"NOV"},"geometry":{"type":"Point","coordinates":[15.749761845959533,-12.802541457591508]}},{"type":"Feature","properties":{"name":"Eppley Airfield","scalerank":4,"iata":"OMA"},"geometry":{"type":"Point","coordinates":[-95.89941579531211,41.29971114530123]}},{"type":"Feature","properties":{"name":"Nome","scalerank":4,"iata":"OME"},"geometry":{"type":"Point","coordinates":[-165.44164171228104,64.50722070266309]}},{"type":"Feature","properties":{"name":"Ouagadougou","scalerank":4,"iata":"OUA"},"geometry":{"type":"Point","coordinates":[-1.513805361651135,12.353580026047329]}},{"type":"Feature","properties":{"name":"Mais Gate Int'l","scalerank":4,"iata":"PAP"},"geometry":{"type":"Point","coordinates":[-72.29447802604733,18.57568290542864]}},{"type":"Feature","properties":{"name":"Puebla","scalerank":4,"iata":"PBC"},"geometry":{"type":"Point","coordinates":[-98.37575979042302,19.16379354658405]}},{"type":"Feature","properties":{"name":"Portland Int'l","scalerank":4,"iata":"PDX"},"geometry":{"type":"Point","coordinates":[-122.5927388812541,45.58895693153053]}},{"type":"Feature","properties":{"name":"Perth Int'l","scalerank":4,"iata":"PER"},"geometry":{"type":"Point","coordinates":[115.9742249422326,-31.941129794578288]}},{"type":"Feature","properties":{"name":"H F Verwoerd","scalerank":4,"iata":"PLZ"},"geometry":{"type":"Point","coordinates":[25.611777756760176,-33.98408774313735]}},{"type":"Feature","properties":{"name":"El Tepual Int'l","scalerank":4,"iata":"PMC"},"geometry":{"type":"Point","coordinates":[-73.09838413364236,-41.433382070226884]}},{"type":"Feature","properties":{"name":"Pochentong","scalerank":4,"iata":"PNH"},"geometry":{"type":"Point","coordinates":[104.84502761245697,11.552644917651318]}},{"type":"Feature","properties":{"name":"Pune","scalerank":4,"iata":"PNQ"},"geometry":{"type":"Point","coordinates":[73.90898381100165,18.579176611532837]}},{"type":"Feature","properties":{"name":"Port Moresby Int'l","scalerank":4,"iata":"POM"},"geometry":{"type":"Point","coordinates":[147.21125085597714,-9.43865269316142]}},{"type":"Feature","properties":{"name":"Tocumen Int'l","scalerank":4,"iata":"PTY"},"geometry":{"type":"Point","coordinates":[-79.38713482154378,9.066872422658388]}},{"type":"Feature","properties":{"name":"Carlos Ibanez de Campo Int'l","scalerank":4,"iata":"PUQ"},"geometry":{"type":"Point","coordinates":[-70.84312378513243,-53.005069825517666]}},{"type":"Feature","properties":{"name":"Durham Int'l","scalerank":4,"iata":"RDU"},"geometry":{"type":"Point","coordinates":[-78.79138140067508,35.8752323452255]}},{"type":"Feature","properties":{"name":"Mingaladon","scalerank":4,"iata":"RGN"},"geometry":{"type":"Point","coordinates":[96.13419461149468,16.90115428182508]}},{"type":"Feature","properties":{"name":"Riga","scalerank":4,"iata":"RIX"},"geometry":{"type":"Point","coordinates":[23.979379111699508,56.922003878609694]}},{"type":"Feature","properties":{"name":"Sanaa Int'l","scalerank":4,"iata":"SAH"},"geometry":{"type":"Point","coordinates":[44.22464679025606,15.47390277557374]}},{"type":"Feature","properties":{"name":"Baghdad Int'l","scalerank":4,"iata":"SDA"},"geometry":{"type":"Point","coordinates":[44.22891253529416,33.26816298637704]}},{"type":"Feature","properties":{"name":"De Las Americas Int'l","scalerank":4,"iata":"SDQ"},"geometry":{"type":"Point","coordinates":[-69.67647267546673,18.430219694817325]}},{"type":"Feature","properties":{"name":"Tan Son Nhat","scalerank":4,"iata":"SGN"},"geometry":{"type":"Point","coordinates":[106.66424614137476,10.816300557187912]}},{"type":"Feature","properties":{"name":"Thessaloniki","scalerank":4,"iata":"SKG"},"geometry":{"type":"Point","coordinates":[22.976435361061277,40.52387368877751]}},{"type":"Feature","properties":{"name":"Vrazhdebna","scalerank":4,"iata":"SOF"},"geometry":{"type":"Point","coordinates":[23.402452135770766,42.6891841273195]}},{"type":"Feature","properties":{"name":"Surat","scalerank":4,"iata":"STV"},"geometry":{"type":"Point","coordinates":[72.74243843725891,21.120450329717173]}},{"type":"Feature","properties":{"name":"Nausori Int'l","scalerank":4,"iata":"SUV"},"geometry":{"type":"Point","coordinates":[178.5600483699593,-18.045899692285367]}},{"type":"Feature","properties":{"name":"Shiraz Int'l","scalerank":4,"iata":"SYZ"},"geometry":{"type":"Point","coordinates":[52.58977127452107,29.545801384287437]}},{"type":"Feature","properties":{"name":"Gen Francisco J Mina Int'l","scalerank":4,"iata":"TAM"},"geometry":{"type":"Point","coordinates":[-97.8698137568394,22.289331952506398]}},{"type":"Feature","properties":{"name":"Toncontin Int'l","scalerank":4,"iata":"TGU"},"geometry":{"type":"Point","coordinates":[-87.21921163489864,14.0599852192071]}},{"type":"Feature","properties":{"name":"Mehrabad Int'l","scalerank":4,"iata":"THR"},"geometry":{"type":"Point","coordinates":[51.32080697175721,35.69137433049459]}},{"type":"Feature","properties":{"name":"Tirane Rinas","scalerank":4,"iata":"TIA"},"geometry":{"type":"Point","coordinates":[19.71503240497222,41.4208514680567]}},{"type":"Feature","properties":{"name":"General Abelardo L Rodriguez Int'l","scalerank":4,"iata":"TIJ"},"geometry":{"type":"Point","coordinates":[-116.97547609559751,32.54604991350133]}},{"type":"Feature","properties":{"name":"Jose Maria Morelos Y Pavon","scalerank":4,"iata":"TLC"},"geometry":{"type":"Point","coordinates":[-99.5706494463542,19.338688042303197]}},{"type":"Feature","properties":{"name":"Ulemiste","scalerank":4,"iata":"TLL"},"geometry":{"type":"Point","coordinates":[24.798964869982985,59.41650146974512]}},{"type":"Feature","properties":{"name":"Ben Gurion","scalerank":4,"iata":"TLV"},"geometry":{"type":"Point","coordinates":[34.87084991809952,32.000746850184434]}},{"type":"Feature","properties":{"name":"Sao Tome Salazar","scalerank":4,"iata":"TMS"},"geometry":{"type":"Point","coordinates":[6.712821930056672,0.374744213699427]}},{"type":"Feature","properties":{"name":"Antananarivo Ivato","scalerank":4,"iata":"TNR"},"geometry":{"type":"Point","coordinates":[47.47535400095789,-18.799334876308173]}},{"type":"Feature","properties":{"name":"Tampa Int'l","scalerank":4,"iata":"TPA"},"geometry":{"type":"Point","coordinates":[-82.534824252055,27.980040085218384]}},{"type":"Feature","properties":{"name":"Zim Valencia","scalerank":4,"iata":"VLN"},"geometry":{"type":"Point","coordinates":[-67.9223617121873,10.15400568839794]}},{"type":"Feature","properties":{"name":"Gumrak","scalerank":4,"iata":"VOG"},"geometry":{"type":"Point","coordinates":[44.354767968489014,48.79167646576109]}},{"type":"Feature","properties":{"name":"Vientiane","scalerank":4,"iata":"VTE"},"geometry":{"type":"Point","coordinates":[102.5682381957277,17.975459594832063]}},{"type":"Feature","properties":{"name":"Viru Viru Int'l","scalerank":4,"iata":"VVI"},"geometry":{"type":"Point","coordinates":[-63.14038882182134,-17.647946825783897]}},{"type":"Feature","properties":{"name":"Wellington Int'l","scalerank":4,"iata":"WLG"},"geometry":{"type":"Point","coordinates":[174.81166526823756,-41.32898918446593]}},{"type":"Feature","properties":{"name":"Prince Rupert","scalerank":4,"iata":"YPR"},"geometry":{"type":"Point","coordinates":[-130.44559,54.292]}},{"type":"Feature","properties":{"name":"Windsor","scalerank":4,"iata":"YQG"},"geometry":{"type":"Point","coordinates":[-82.96008773894485,42.265878472719756]}},{"type":"Feature","properties":{"name":"Regina","scalerank":4,"iata":"YQR"},"geometry":{"type":"Point","coordinates":[-104.65543397537115,50.433219286718334]}},{"type":"Feature","properties":{"name":"Vancouver Int'l","scalerank":4,"iata":"YVR"},"geometry":{"type":"Point","coordinates":[-123.18086700381177,49.19355903957153]}},{"type":"Feature","properties":{"name":"Winnipeg Int'l","scalerank":4,"iata":"YWG"},"geometry":{"type":"Point","coordinates":[-97.22676948095848,49.90333024716708]}},{"type":"Feature","properties":{"name":"John G Diefenbaker Int'l","scalerank":4,"iata":"YXE"},"geometry":{"type":"Point","coordinates":[-106.69018196755394,52.170143944738115]}},{"type":"Feature","properties":{"name":"Whitehorse Int'l","scalerank":4,"iata":"YXY"},"geometry":{"type":"Point","coordinates":[-135.07621008940154,60.714152148139725]}},{"type":"Feature","properties":{"name":"Calgary Int'l","scalerank":4,"iata":"YYC"},"geometry":{"type":"Point","coordinates":[-114.01056050023648,51.130857256754865]}},{"type":"Feature","properties":{"name":"Charlottetown","scalerank":4,"iata":"YYG"},"geometry":{"type":"Point","coordinates":[-63.131234133323375,46.28581313675246]}},{"type":"Feature","properties":{"name":"Churchill","scalerank":4,"iata":"YYQ"},"geometry":{"type":"Point","coordinates":[-94.0813639506318,58.7497237849788]}},{"type":"Feature","properties":{"name":"St John's Int'l","scalerank":4,"iata":"YYT"},"geometry":{"type":"Point","coordinates":[-52.743333742863804,47.61311790079545]}},{"type":"Feature","properties":{"name":"Yellowknife","scalerank":4,"iata":"YZF"},"geometry":{"type":"Point","coordinates":[-114.43784633504919,62.470737361020184]}},{"type":"Feature","properties":{"name":"Zagreb","scalerank":4,"iata":"ZAG"},"geometry":{"type":"Point","coordinates":[16.061513800901448,45.73332667309836]}},{"type":"Feature","properties":{"name":"Zanzibar","scalerank":4,"iata":"ZNZ"},"geometry":{"type":"Point","coordinates":[39.22233198415581,-6.218570346202824]}},{"type":"Feature","properties":{"name":"Reykjavik Air Terminal","scalerank":4,"iata":"REK"},"geometry":{"type":"Point","coordinates":[-21.94663440313274,64.13187286099006]}},{"type":"Feature","properties":{"name":"Arkhangelsk-Talagi","scalerank":4,"iata":"ARH"},"geometry":{"type":"Point","coordinates":[40.71334656945939,64.59674377304546]}},{"type":"Feature","properties":{"name":"Kazan Int'l","scalerank":4,"iata":"KZN"},"geometry":{"type":"Point","coordinates":[49.29844580364066,55.60806014297645]}},{"type":"Feature","properties":{"name":"Paris Orly","scalerank":4,"iata":"ORY"},"geometry":{"type":"Point","coordinates":[2.367379127837731,48.73130304580517]}},{"type":"Feature","properties":{"name":"Quebec","scalerank":4,"iata":"YQB"},"geometry":{"type":"Point","coordinates":[-71.38392807117314,46.79156843633076]}},{"type":"Feature","properties":{"name":"Montreal-Trudeau","scalerank":4,"iata":"YUL"},"geometry":{"type":"Point","coordinates":[-73.74931626504166,45.45835122945313]}},{"type":"Feature","properties":{"name":"Narita Int'l","scalerank":4,"iata":"NRT"},"geometry":{"type":"Point","coordinates":[140.3844017091791,35.764056072782786]}},{"type":"Feature","properties":{"name":"Chubu Centrair Int'l","scalerank":4,"iata":"NGO"},"geometry":{"type":"Point","coordinates":[136.81477128682428,34.85902969581623]}},{"type":"Feature","properties":{"name":"Okadama","scalerank":4,"iata":"OKD"},"geometry":{"type":"Point","coordinates":[141.38210045007517,43.11064959909785]}},{"type":"Feature","properties":{"name":"Bergen Flesland","scalerank":4,"iata":"BGO"},"geometry":{"type":"Point","coordinates":[5.227253115623363,60.28906105029659]}},{"type":"Feature","properties":{"name":"Tromso Langnes","scalerank":4,"iata":"TOS"},"geometry":{"type":"Point","coordinates":[18.907262429213173,69.67967904734776]}},{"type":"Feature","properties":{"name":"Val de Caes Int'l","scalerank":4,"iata":"BEL"},"geometry":{"type":"Point","coordinates":[-48.479560289379336,-1.389746287955464]}},{"type":"Feature","properties":{"name":"Campo Grande Int'l","scalerank":4,"iata":"CGR"},"geometry":{"type":"Point","coordinates":[-54.66894987813051,-20.45727173603113]}},{"type":"Feature","properties":{"name":"Afonso Pena Int'l","scalerank":4,"iata":"CWB"},"geometry":{"type":"Point","coordinates":[-49.173709366346884,-25.536000143055837]}},{"type":"Feature","properties":{"name":"Pinto Martins Int'l","scalerank":4,"iata":"FOR"},"geometry":{"type":"Point","coordinates":[-38.540747249833416,-3.778594962330909]}},{"type":"Feature","properties":{"name":"Sao Paulo-Guarulhos Int'l","scalerank":4,"iata":"GRU"},"geometry":{"type":"Point","coordinates":[-46.48175360884203,-23.42611557704206]}},{"type":"Feature","properties":{"name":"Santa Genoveva","scalerank":4,"iata":"GYN"},"geometry":{"type":"Point","coordinates":[-49.22664649059936,-16.632366572163658]}},{"type":"Feature","properties":{"name":"Salgado Filho Int'l","scalerank":4,"iata":"POA"},"geometry":{"type":"Point","coordinates":[-51.17704094881724,-29.990193017060918]}},{"type":"Feature","properties":{"name":"Gilberto Freyre Int'l","scalerank":4,"iata":"REC"},"geometry":{"type":"Point","coordinates":[-34.91826671748514,-8.131625530762387]}},{"type":"Feature","properties":{"name":"Deputado Luis Eduardo Magalhaes Int'l","scalerank":4,"iata":"SSA"},"geometry":{"type":"Point","coordinates":[-38.3347989911732,-12.914361497032587]}},{"type":"Feature","properties":{"name":"El Plumerillo","scalerank":4,"iata":"MDZ"},"geometry":{"type":"Point","coordinates":[-68.79848383944727,-32.82780016927193]}},{"type":"Feature","properties":{"name":"Eduardo Gomes Int'l","scalerank":4,"iata":"MAO"},"geometry":{"type":"Point","coordinates":[-60.04606458988538,-3.032139006259097]}},{"type":"Feature","properties":{"name":"Yaounde Nsimalen Int'l","scalerank":4,"iata":"NSI"},"geometry":{"type":"Point","coordinates":[11.547994139680723,3.714845207081258]}},{"type":"Feature","properties":{"name":"Shanghai Pudong Int'l","scalerank":4,"iata":"PVG"},"geometry":{"type":"Point","coordinates":[121.80151876057847,31.152309029553294]}},{"type":"Feature","properties":{"name":"Marka Int'l","scalerank":4,"iata":"ADJ"},"geometry":{"type":"Point","coordinates":[35.984105236244915,31.97419940154417]}},{"type":"Feature","properties":{"name":"Male Int'l","scalerank":4,"iata":"MLE"},"geometry":{"type":"Point","coordinates":[73.52739028368441,4.188700903233721]}},{"type":"Feature","properties":{"name":"Gen. Heriberto Jara Int'l","scalerank":4,"iata":"VER"},"geometry":{"type":"Point","coordinates":[-96.18357021436948,19.142423702501713]}},{"type":"Feature","properties":{"name":"Osvaldo Vieira Int'l","scalerank":4,"iata":"OXB"},"geometry":{"type":"Point","coordinates":[-15.651185561666004,11.888923145485485]}},{"type":"Feature","properties":{"name":"Francisco Bangoy Int'l","scalerank":4,"iata":"DVO"},"geometry":{"type":"Point","coordinates":[125.64506660943381,7.130537461630729]}},{"type":"Feature","properties":{"name":"Seychelles Int'l","scalerank":4,"iata":"SEZ"},"geometry":{"type":"Point","coordinates":[55.51155192467932,-4.671069141785209]}},{"type":"Feature","properties":{"name":"Leopold Sedar Senghor Int'l","scalerank":4,"iata":"DKR"},"geometry":{"type":"Point","coordinates":[-17.490407907719003,14.745630614674791]}},{"type":"Feature","properties":{"name":"Port Sudan New Int'l","scalerank":4,"iata":"PZU"},"geometry":{"type":"Point","coordinates":[37.23874759810247,19.434105238523106]}},{"type":"Feature","properties":{"name":"Tashkent Int'l","scalerank":4,"iata":"TAS"},"geometry":{"type":"Point","coordinates":[69.26661372411293,41.26223387673829]}},{"type":"Feature","properties":{"name":"Copenhagen","scalerank":3,"iata":"CPH"},"geometry":{"type":"Point","coordinates":[12.64935086845077,55.628501722152784]}},{"type":"Feature","properties":{"name":"Aeroportul National Bucuresti-Baneasa","scalerank":3,"iata":"BBU"},"geometry":{"type":"Point","coordinates":[26.085725158776373,44.49704145597203]}},{"type":"Feature","properties":{"name":"Ferihegy","scalerank":3,"iata":"BUD"},"geometry":{"type":"Point","coordinates":[19.26223016778808,47.43327426924795]}},{"type":"Feature","properties":{"name":"Chongqing Jiangbei Int'l","scalerank":3,"iata":"CKG"},"geometry":{"type":"Point","coordinates":[106.63801970481096,29.724042224168777]}},{"type":"Feature","properties":{"name":"Douglas Int'l","scalerank":3,"iata":"CLT"},"geometry":{"type":"Point","coordinates":[-80.94392773427626,35.220428168559714]}},{"type":"Feature","properties":{"name":"Detroit Metro","scalerank":3,"iata":"DTW"},"geometry":{"type":"Point","coordinates":[-83.3478935065615,42.22572045080041]}},{"type":"Feature","properties":{"name":"Dublin","scalerank":3,"iata":"DUB"},"geometry":{"type":"Point","coordinates":[-6.243884910371394,53.42700828497004]}},{"type":"Feature","properties":{"name":"Fairbanks Int'l","scalerank":3,"iata":"FAI"},"geometry":{"type":"Point","coordinates":[-147.86572112079517,64.81809811173692]}},{"type":"Feature","properties":{"name":"Hamburg","scalerank":3,"iata":"HAM"},"geometry":{"type":"Point","coordinates":[10.005647830925001,53.63200116408658]}},{"type":"Feature","properties":{"name":"Kuala Lumpur Int'l","scalerank":3,"iata":"KUL"},"geometry":{"type":"Point","coordinates":[101.71388632574273,2.747512957918107]}},{"type":"Feature","properties":{"name":"Mccarran Int'l","scalerank":3,"iata":"LAS"},"geometry":{"type":"Point","coordinates":[-115.15132395128332,36.08496023833674]}},{"type":"Feature","properties":{"name":"Orlando Int'l","scalerank":3,"iata":"MCO"},"geometry":{"type":"Point","coordinates":[-81.30737133079849,28.431150679113763]}},{"type":"Feature","properties":{"name":"Minneapolis St. Paul Int'l","scalerank":3,"iata":"MSP"},"geometry":{"type":"Point","coordinates":[-93.20810037183008,44.882026363196815]}},{"type":"Feature","properties":{"name":"Franz-Josef-Strauss","scalerank":3,"iata":"MUC"},"geometry":{"type":"Point","coordinates":[11.788062719243687,48.35383739616085]}},{"type":"Feature","properties":{"name":"Philadelphia Int'l","scalerank":3,"iata":"PHL"},"geometry":{"type":"Point","coordinates":[-75.2429857676998,39.876087236427]}},{"type":"Feature","properties":{"name":"Sky Harbor Int'l","scalerank":3,"iata":"PHX"},"geometry":{"type":"Point","coordinates":[-112.01363529772982,33.43586076394977]}},{"type":"Feature","properties":{"name":"Salt Lake City Int'l","scalerank":3,"iata":"SLC"},"geometry":{"type":"Point","coordinates":[-111.98198487999271,40.786729005370844]}},{"type":"Feature","properties":{"name":"Lambert St Louis Int'l","scalerank":3,"iata":"STL"},"geometry":{"type":"Point","coordinates":[-90.36595453506747,38.742716315520354]}},{"type":"Feature","properties":{"name":"Okecie Int'l","scalerank":3,"iata":"WAW"},"geometry":{"type":"Point","coordinates":[20.97272633835865,52.171026749259035]}},{"type":"Feature","properties":{"name":"Zurich Int'l","scalerank":3,"iata":"ZRH"},"geometry":{"type":"Point","coordinates":[8.562212795347646,47.45238950649155]}},{"type":"Feature","properties":{"name":"Gosselies","scalerank":3,"iata":"CRL"},"geometry":{"type":"Point","coordinates":[4.454373629816502,50.45712965495668]}},{"type":"Feature","properties":{"name":"Munich Freight Terminal","scalerank":3,"iata":"MUCf"},"geometry":{"type":"Point","coordinates":[11.769482859365427,48.349796407837665]}},{"type":"Feature","properties":{"name":"Barcelona","scalerank":3,"iata":"BCN"},"geometry":{"type":"Point","coordinates":[2.078003349812917,41.30315527974634]}},{"type":"Feature","properties":{"name":"Ruzyn","scalerank":3,"iata":"PRG"},"geometry":{"type":"Point","coordinates":[14.267484985407632,50.10765117036714]}},{"type":"Feature","properties":{"name":"Hong Kong Int'l","scalerank":2,"iata":"HKG"},"geometry":{"type":"Point","coordinates":[113.93501638737635,22.315332828086753]}},{"type":"Feature","properties":{"name":"Taoyuan","scalerank":2,"iata":"TPE"},"geometry":{"type":"Point","coordinates":[121.23137045332327,25.076741104334637]}},{"type":"Feature","properties":{"name":"Schiphol","scalerank":2,"iata":"AMS"},"geometry":{"type":"Point","coordinates":[4.764376932328117,52.30893238898217]}},{"type":"Feature","properties":{"name":"Singapore Changi","scalerank":2,"iata":"SIN"},"geometry":{"type":"Point","coordinates":[103.98641388099333,1.356160835281264]}},{"type":"Feature","properties":{"name":"London Heathrow","scalerank":2,"iata":"LHR"},"geometry":{"type":"Point","coordinates":[-0.453156652063309,51.47099587999384]}},{"type":"Feature","properties":{"name":"Auckland Int'l","scalerank":2,"iata":"AKL"},"geometry":{"type":"Point","coordinates":[174.79171943371517,-37.00635511428146]}},{"type":"Feature","properties":{"name":"Anchorage Int'l","scalerank":2,"iata":"ANC"},"geometry":{"type":"Point","coordinates":[-149.9817251006328,61.17289367453669]}},{"type":"Feature","properties":{"name":"Hartsfield-Jackson Atlanta Int'l","scalerank":2,"iata":"ATL"},"geometry":{"type":"Point","coordinates":[-84.42539743360473,33.64052908073521]}},{"type":"Feature","properties":{"name":"Beijing Capital","scalerank":2,"iata":"PEK"},"geometry":{"type":"Point","coordinates":[116.58817400466103,40.07876633633102]}},{"type":"Feature","properties":{"name":"Eldorado Int'l","scalerank":2,"iata":"BOG"},"geometry":{"type":"Point","coordinates":[-74.14337180010278,4.69883276192097]}},{"type":"Feature","properties":{"name":"Chhatrapati Shivaji Int'l","scalerank":2,"iata":"BOM"},"geometry":{"type":"Point","coordinates":[72.87456395000508,19.095101948840245]}},{"type":"Feature","properties":{"name":"Gen E L Logan Int'l","scalerank":2,"iata":"BOS"},"geometry":{"type":"Point","coordinates":[-71.01640661729584,42.366565819850564]}},{"type":"Feature","properties":{"name":"Baltimore-Washington Int'l Thurgood Marshall","scalerank":2,"iata":"BWI"},"geometry":{"type":"Point","coordinates":[-76.66864283524481,39.17939435835678]}},{"type":"Feature","properties":{"name":"Cairo Int'l","scalerank":2,"iata":"CAI"},"geometry":{"type":"Point","coordinates":[31.39974300671137,30.11199043855749]}},{"type":"Feature","properties":{"name":"Casablanca-Anfa","scalerank":2,"iata":"CAS"},"geometry":{"type":"Point","coordinates":[-7.663218807711428,33.56278838510788]}},{"type":"Feature","properties":{"name":"Simon Bolivar Int'l","scalerank":2,"iata":"CCS"},"geometry":{"type":"Point","coordinates":[-67.00574880763165,10.597354914606406]}},{"type":"Feature","properties":{"name":"Cape Town Int'l","scalerank":2,"iata":"CPT"},"geometry":{"type":"Point","coordinates":[18.597656508313793,-33.97044661203954]}},{"type":"Feature","properties":{"name":"Chengdushuang Liu","scalerank":2,"iata":"CTU"},"geometry":{"type":"Point","coordinates":[103.95613648169501,30.581071264746427]}},{"type":"Feature","properties":{"name":"Indira Gandhi Int'l","scalerank":2,"iata":"DEL"},"geometry":{"type":"Point","coordinates":[77.0878362565332,28.559203976058605]}},{"type":"Feature","properties":{"name":"Denver Int'l","scalerank":2,"iata":"DEN"},"geometry":{"type":"Point","coordinates":[-104.67379733854197,39.84946138815095]}},{"type":"Feature","properties":{"name":"Dallas-Ft. Worth Int'l","scalerank":2,"iata":"DFW"},"geometry":{"type":"Point","coordinates":[-97.04037107411442,32.90015055948155]}},{"type":"Feature","properties":{"name":"Don Muang Int'l","scalerank":2,"iata":"DMK"},"geometry":{"type":"Point","coordinates":[100.60257862650514,13.920276601034733]}},{"type":"Feature","properties":{"name":"Dubai Int'l","scalerank":2,"iata":"DXB"},"geometry":{"type":"Point","coordinates":[55.35407691722429,25.25256559381816]}},{"type":"Feature","properties":{"name":"Newark Int'l","scalerank":2,"iata":"EWR"},"geometry":{"type":"Point","coordinates":[-74.1771472796706,40.69047982789292]}},{"type":"Feature","properties":{"name":"Ministro Pistarini Int'l","scalerank":2,"iata":"EZE"},"geometry":{"type":"Point","coordinates":[-58.54124569393822,-34.81364693803232]}},{"type":"Feature","properties":{"name":"Fort Lauderdale Hollywood Int'l","scalerank":2,"iata":"FLL"},"geometry":{"type":"Point","coordinates":[-80.14525884651891,26.07170957468273]}},{"type":"Feature","properties":{"name":"George Bush Intercontinental","scalerank":2,"iata":"IAH"},"geometry":{"type":"Point","coordinates":[-95.33370479129466,29.9865909034907]}},{"type":"Feature","properties":{"name":"Ataturk Hava Limani","scalerank":2,"iata":"IST"},"geometry":{"type":"Point","coordinates":[28.8195493087893,40.977838817779705]}},{"type":"Feature","properties":{"name":"OR Tambo Int'l","scalerank":2,"iata":"JNB"},"geometry":{"type":"Point","coordinates":[28.23198856487408,-26.13209539948872]}},{"type":"Feature","properties":{"name":"Juneau Int'l","scalerank":2,"iata":"JNU"},"geometry":{"type":"Point","coordinates":[-134.5835730378724,58.358944104595075]}},{"type":"Feature","properties":{"name":"Los Angeles Int'l","scalerank":2,"iata":"LAX"},"geometry":{"type":"Point","coordinates":[-118.40246854852198,33.94417425435857]}},{"type":"Feature","properties":{"name":"Linate","scalerank":2,"iata":"LIN"},"geometry":{"type":"Point","coordinates":[9.279966296910612,45.46039384562522]}},{"type":"Feature","properties":{"name":"Melbourne Int'l","scalerank":2,"iata":"MEL"},"geometry":{"type":"Point","coordinates":[144.84899809113125,-37.66994119678927]}},{"type":"Feature","properties":{"name":"Lic Benito Juarez Int'l","scalerank":2,"iata":"MEX"},"geometry":{"type":"Point","coordinates":[-99.08260795142392,19.435469572049442]}},{"type":"Feature","properties":{"name":"Ninoy Aquino Int'l","scalerank":2,"iata":"MNL"},"geometry":{"type":"Point","coordinates":[121.00412208343747,14.506832376296721]}},{"type":"Feature","properties":{"name":"Jomo Kenyatta Int'l","scalerank":2,"iata":"NBO"},"geometry":{"type":"Point","coordinates":[36.92508874903655,-1.330529643506341]}},{"type":"Feature","properties":{"name":"Honolulu Int'l","scalerank":2,"iata":"HNL"},"geometry":{"type":"Point","coordinates":[-157.91978317375475,21.33202231502399]}},{"type":"Feature","properties":{"name":"Chicago O'Hare Int'l","scalerank":2,"iata":"ORD"},"geometry":{"type":"Point","coordinates":[-87.90513439065003,41.97652910238031]}},{"type":"Feature","properties":{"name":"King Khalid Int'l","scalerank":2,"iata":"RUH"},"geometry":{"type":"Point","coordinates":[46.701829023464015,24.959031743651174]}},{"type":"Feature","properties":{"name":"Arturo Merino Benitez Int'l","scalerank":2,"iata":"SCL"},"geometry":{"type":"Point","coordinates":[-70.79368601629741,-33.396833634259714]}},{"type":"Feature","properties":{"name":"Tacoma Int'l","scalerank":2,"iata":"SEA"},"geometry":{"type":"Point","coordinates":[-122.30228972292387,47.44358191272591]}},{"type":"Feature","properties":{"name":"San Francisco Int'l","scalerank":2,"iata":"SFO"},"geometry":{"type":"Point","coordinates":[-122.38347034444935,37.61702508680535]}},{"type":"Feature","properties":{"name":"Hongqiao","scalerank":2,"iata":"SHA"},"geometry":{"type":"Point","coordinates":[121.34118378856714,31.187257431407843]}},{"type":"Feature","properties":{"name":"Sheremtyevo","scalerank":2,"iata":"SVO"},"geometry":{"type":"Point","coordinates":[37.41596903484135,55.96644717251199]}},{"type":"Feature","properties":{"name":"Toronto-Pearson Int'l","scalerank":2,"iata":"YYZ"},"geometry":{"type":"Point","coordinates":[-79.61141932474486,43.68095951863564]}},{"type":"Feature","properties":{"name":"Kingsford Smith","scalerank":2,"iata":"SYD"},"geometry":{"type":"Point","coordinates":[151.16606730560102,-33.936583205771655]}},{"type":"Feature","properties":{"name":"Helsinki Vantaa","scalerank":2,"iata":"HEL"},"geometry":{"type":"Point","coordinates":[24.968207866591406,60.31871589129821]}},{"type":"Feature","properties":{"name":"Charles de Gaulle Int'l","scalerank":2,"iata":"CDG"},"geometry":{"type":"Point","coordinates":[2.541867767394573,49.01442009693855]}},{"type":"Feature","properties":{"name":"Berlin-Tegel Int'l","scalerank":2,"iata":"TXL"},"geometry":{"type":"Point","coordinates":[13.2903090925074,52.55442870441009]}},{"type":"Feature","properties":{"name":"Vienna Schwechat Int'l","scalerank":2,"iata":"VIE"},"geometry":{"type":"Point","coordinates":[16.560767964212864,48.119756305253766]}},{"type":"Feature","properties":{"name":"Frankfurt Int'l","scalerank":2,"iata":"FRA"},"geometry":{"type":"Point","coordinates":[8.571822869076076,50.05067708952074]}},{"type":"Feature","properties":{"name":"Leonardo da Vinci Int'l","scalerank":2,"iata":"FCO"},"geometry":{"type":"Point","coordinates":[12.250100897363827,41.795078630739425]}},{"type":"Feature","properties":{"name":"Osaka Int'l","scalerank":2,"iata":"ITM"},"geometry":{"type":"Point","coordinates":[135.4424752562494,34.790198084874866]}},{"type":"Feature","properties":{"name":"Gimpo Int'l","scalerank":2,"iata":"GMP"},"geometry":{"type":"Point","coordinates":[126.80239286027584,37.55730053995078]}},{"type":"Feature","properties":{"name":"Oslo Gardermoen","scalerank":2,"iata":"OSL"},"geometry":{"type":"Point","coordinates":[11.099103276258118,60.193578317138616]}},{"type":"Feature","properties":{"name":"Juscelino Kubitschek Int'l","scalerank":2,"iata":"BSB"},"geometry":{"type":"Point","coordinates":[-47.92078851336254,-15.869998500282428]}},{"type":"Feature","properties":{"name":"Congonhas Int'l","scalerank":2,"iata":"CGH"},"geometry":{"type":"Point","coordinates":[-46.659115530219566,-23.626858827009997]}},{"type":"Feature","properties":{"name":"Rio de Janeiro-Antonio Carlos Jobim Int'l","scalerank":2,"iata":"GIG"},"geometry":{"type":"Point","coordinates":[-43.248381379068306,-22.812343712500642]}},{"type":"Feature","properties":{"name":"Madrid Barajas","scalerank":2,"iata":"MAD"},"geometry":{"type":"Point","coordinates":[-3.569026654588628,40.46812827339225]}},{"type":"Feature","properties":{"name":"Luis Munoz Marin","scalerank":2,"iata":"SJU"},"geometry":{"type":"Point","coordinates":[-66.00422997575475,18.43807707349493]}},{"type":"Feature","properties":{"name":"Arlanda","scalerank":2,"iata":"ARN"},"geometry":{"type":"Point","coordinates":[17.930729901691585,59.65112033973721]}},{"type":"Feature","properties":{"name":"Soekarno-Hatta Int'l","scalerank":2,"iata":"CGK"},"geometry":{"type":"Point","coordinates":[106.65429615117164,-6.126602955972902]}},{"type":"Feature","properties":{"name":"Eleftherios Venizelos Int'l","scalerank":2,"iata":"ATH"},"geometry":{"type":"Point","coordinates":[23.94711605540731,37.93623312992537]}}]}