{"type":"FeatureCollection","features":[{"type":"Feature","properties":{"name":"Bost","country":"Afghanistan","country_code":"AF","branch":"air","branch_label":"Air base","type":"Air base","feature_code":"S.AIRB","source_id":"geonames:1454285"},"geometry":{"type":"Point","coordinates":[64.36487,31.56005]}},{"type":"Feature","properties":{"name":"Camp Bastion Air Base","country":"Afghanistan","country_code":"AF","branch":"air","branch_label":"Air base","type":"Air base","feature_code":"S.AIRB","source_id":"geonames:8521619"},"geometry":{"type":"Point","coordinates":[64.19239,31.86644]}},{"type":"Feature","properties":{"name":"Camp Dwyer","country":"Afghanistan","country_code":"AF","branch":"air","branch_label":"Air base","type":"Air base","feature_code":"S.AIRB","source_id":"geonames:8181796"},"geometry":{"type":"Point","coordinates":[64.06699,31.09142]}},{"type":"Feature","properties":{"name":"FOB Salerno","country":"Afghanistan","country_code":"AF","branch":"air","branch_label":"Air base","type":"Air base","feature_code":"S.AIRB","source_id":"geonames:8181795"},"geometry":{"type":"Point","coordinates":[69.95656,33.36347]}},{"type":"Feature","properties":{"name":"Forward Operating Base Shank","country":"Afghanistan","country_code":"AF","branch":"air","branch_label":"Air base","type":"Air base","feature_code":"S.AIRB","source_id":"geonames:8181794"},"geometry":{"type":"Point","coordinates":[69.07731,33.92249]}},{"type":"Feature","properties":{"name":"Shindand Air Base","country":"Afghanistan","country_code":"AF","branch":"air","branch_label":"Air base","type":"Air base","feature_code":"S.AIRB","source_id":"geonames:1454312"},"geometry":{"type":"Point","coordinates":[62.26098,33.39133]}},{"type":"Feature","properties":{"name":"Kucova","country":"Albania","country_code":"AL","branch":"air","branch_label":"Air base","type":"Air base","feature_code":"S.AIRB","source_id":"geonames:3186083"},"geometry":{"type":"Point","coordinates":[19.90189,40.77189]}},{"type":"Feature","properties":{"name":"Vlorë Air Base","country":"Albania","country_code":"AL","branch":"air","branch_label":"Air base","type":"Air base","feature_code":"S.AIRB","source_id":"geonames:11749420"},"geometry":{"type":"Point","coordinates":[19.47425,40.47611]}},{"type":"Feature","properties":{"name":"Oran Heliport","country":"Algeria","country_code":"DZ","branch":"air","branch_label":"Air base","type":"Air base","feature_code":"S.AIRB","source_id":"geonames:12094081"},"geometry":{"type":"Point","coordinates":[-0.70281,35.72935]}},{"type":"Feature","properties":{"name":"Oum el Bouaghi Airport","country":"Algeria","country_code":"DZ","branch":"air","branch_label":"Air base","type":"Air base","feature_code":"S.AIRB","source_id":"geonames:2570495"},"geometry":{"type":"Point","coordinates":[7.25716,35.87729]}},{"type":"Feature","properties":{"name":"Silet Helicopter Base","country":"Algeria","country_code":"DZ","branch":"air","branch_label":"Air base","type":"Air base","feature_code":"S.AIRB","source_id":"geonames:12094087"},"geometry":{"type":"Point","coordinates":[4.586,22.65003]}},{"type":"Feature","properties":{"name":"Siroco","country":"Algeria","country_code":"DZ","branch":"naval","branch_label":"Naval base","type":"Naval base","feature_code":"L.NVB","source_id":"geonames:2479561"},"geometry":{"type":"Point","coordinates":[3.23333,36.8]}},{"type":"Feature","properties":{"name":"Tafaraoui","country":"Algeria","country_code":"DZ","branch":"air","branch_label":"Air base","type":"Air base","feature_code":"S.AIRB","source_id":"geonames:2570477"},"geometry":{"type":"Point","coordinates":[-0.53228,35.54244]}},{"type":"Feature","properties":{"name":"Apostadero Naval Río Santiago","country":"Argentina","country_code":"AR","branch":"naval","branch_label":"Naval base","type":"Naval base","feature_code":"L.NVB","source_id":"geonames:3429489"},"geometry":{"type":"Point","coordinates":[-57.9,-34.85]}},{"type":"Feature","properties":{"name":"Azopardo Naval Base","country":"Argentina","country_code":"AR","branch":"naval","branch_label":"Naval base","type":"Naval base","feature_code":"L.NVB","source_id":"geonames:3436202"},"geometry":{"type":"Point","coordinates":[-59.74892,-37.00152]}},{"type":"Feature","properties":{"name":"Barrio Obrero Base Naval","country":"Argentina","country_code":"AR","branch":"naval","branch_label":"Naval base","type":"Naval base","feature_code":"L.NVB","source_id":"geonames:3436107"},"geometry":{"type":"Point","coordinates":[-57.28333,-35.26667]}},{"type":"Feature","properties":{"name":"Base Aeronaval Punta Indio","country":"Argentina","country_code":"AR","branch":"naval","branch_label":"Naval base","type":"Naval base","feature_code":"L.NVB","source_id":"geonames:3429691"},"geometry":{"type":"Point","coordinates":[-57.29309,-35.34993]}},{"type":"Feature","properties":{"name":"Base Aeronaval Ushuaia","country":"Argentina","country_code":"AR","branch":"air","branch_label":"Air base","type":"Air base","feature_code":"S.AIRB","source_id":"geonames:3965623"},"geometry":{"type":"Point","coordinates":[-68.31667,-54.81667]}},{"type":"Feature","properties":{"name":"Base Naval Puerto Belgrano","country":"Argentina","country_code":"AR","branch":"naval","branch_label":"Naval base","type":"Naval base","feature_code":"L.NVB","source_id":"geonames:3840113"},"geometry":{"type":"Point","coordinates":[-62.1046,-38.88716]}},{"type":"Feature","properties":{"name":"Base Naval Ushuaia","country":"Argentina","country_code":"AR","branch":"naval","branch_label":"Naval base","type":"Naval base","feature_code":"L.NVB","source_id":"geonames:3965624"},"geometry":{"type":"Point","coordinates":[-68.3,-54.80417]}},{"type":"Feature","properties":{"name":"Comandante Espora Naval Air Base","country":"Argentina","country_code":"AR","branch":"air","branch_label":"Air base","type":"Air base","feature_code":"S.AIRB","source_id":"geonames:3860470"},"geometry":{"type":"Point","coordinates":[-62.18103,-38.72807]}},{"type":"Feature","properties":{"name":"Cuartel R8","country":"Argentina","country_code":"AR","branch":"army","branch_label":"Army base","type":"Barracks","feature_code":"S.BRKS","source_id":"geonames:3838470"},"geometry":{"type":"Point","coordinates":[-67.47316,-45.84352]}},{"type":"Feature","properties":{"name":"Puerto Belgrano Naval Air Base","country":"Argentina","country_code":"AR","branch":"air","branch_label":"Air base","type":"Air base","feature_code":"S.AIRB","source_id":"geonames:3840112"},"geometry":{"type":"Point","coordinates":[-62.01667,-38.9]}},{"type":"Feature","properties":{"name":"Punta Indio Naval Air Base","country":"Argentina","country_code":"AR","branch":"air","branch_label":"Air base","type":"Air base","feature_code":"S.AIRB","source_id":"geonames:3429689"},"geometry":{"type":"Point","coordinates":[-57.28333,-35.35]}},{"type":"Feature","properties":{"name":"Chobankara","country":"Armenia","country_code":"AM","branch":"other","branch_label":"Other / unknown","type":"Military base","feature_code":"L.MILB","source_id":"geonames:866094"},"geometry":{"type":"Point","coordinates":[44.3222,40.1149]}},{"type":"Feature","properties":{"name":"Derby RAAF Curtin Base","country":"Australia","country_code":"AU","branch":"air","branch_label":"Air base","type":"Air base","feature_code":"S.AIRB","source_id":"geonames:8504649"},"geometry":{"type":"Point","coordinates":[123.82527,-17.57939]}},{"type":"Feature","properties":{"name":"Gunners Barracks","country":"Australia","country_code":"AU","branch":"army","branch_label":"Army base","type":"Barracks","feature_code":"S.BRKS","source_id":"geonames:11776700"},"geometry":{"type":"Point","coordinates":[151.25829,-33.83647]}},{"type":"Feature","properties":{"name":"RAAF Base Amberley","country":"Australia","country_code":"AU","branch":"air","branch_label":"Air base","type":"Air base","feature_code":"S.AIRB","source_id":"geonames:6301290"},"geometry":{"type":"Point","coordinates":[152.71194,-27.64056]}},{"type":"Feature","properties":{"name":"RAAF Base East Sale","country":"Australia","country_code":"AU","branch":"air","branch_label":"Air base","type":"Air base","feature_code":"S.AIRB","source_id":"geonames:6301312"},"geometry":{"type":"Point","coordinates":[147.14944,-38.09889]}},{"type":"Feature","properties":{"name":"RAAF Base Richmond","country":"Australia","country_code":"AU","branch":"air","branch_label":"Air base","type":"Air base","feature_code":"S.AIRB","source_id":"geonames:6301349"},"geometry":{"type":"Point","coordinates":[150.78083,-33.60056]}},{"type":"Feature","properties":{"name":"RN Barracks (historical)","country":"Australia","country_code":"AU","branch":"army","branch_label":"Army base","type":"Barracks","feature_code":"S.BRKS","source_id":"geonames:11978834"},"geometry":{"type":"Point","coordinates":[151.2279,-33.86198]}},{"type":"Feature","properties":{"name":"Victoria Barracks","country":"Australia","country_code":"AU","branch":"army","branch_label":"Army base","type":"Barracks","feature_code":"S.BRKS","source_id":"geonames:12639954"},"geometry":{"type":"Point","coordinates":[144.97,-37.8274]}},{"type":"Feature","properties":{"name":"Visitors Center (Barracks 1)","country":"Australia","country_code":"AU","branch":"army","branch_label":"Army base","type":"Barracks","feature_code":"S.BRKS","source_id":"geonames:11776698"},"geometry":{"type":"Point","coordinates":[151.26526,-33.82629]}},{"type":"Feature","properties":{"name":"Fliegerhorst Aigen im Ennstal","country":"Austria","country_code":"AT","branch":"air","branch_label":"Air base","type":"Air base","feature_code":"S.AIRB","source_id":"geonames:12238203"},"geometry":{"type":"Point","coordinates":[14.14019,47.53291]}},{"type":"Feature","properties":{"name":"Maria Theresien Kaserne","country":"Austria","country_code":"AT","branch":"army","branch_label":"Army base","type":"Barracks","feature_code":"S.BRKS","source_id":"geonames:7288334"},"geometry":{"type":"Point","coordinates":[16.30551,48.17267]}},{"type":"Feature","properties":{"name":"Oberfeld","country":"Austria","country_code":"AT","branch":"other","branch_label":"Other / unknown","type":"Military base","feature_code":"L.MILB","source_id":"geonames:2605387"},"geometry":{"type":"Point","coordinates":[13.6695,47.51271]}},{"type":"Feature","properties":{"name":"Baku Kala","country":"Azerbaijan","country_code":"AZ","branch":"air","branch_label":"Air base","type":"Air base","feature_code":"S.AIRB","source_id":"geonames:800682"},"geometry":{"type":"Point","coordinates":[50.20046,40.40692]}},{"type":"Feature","properties":{"name":"Dollyar","country":"Azerbaijan","country_code":"AZ","branch":"air","branch_label":"Air base","type":"Air base","feature_code":"S.AIRB","source_id":"geonames:11500100"},"geometry":{"type":"Point","coordinates":[45.95888,40.88824]}},{"type":"Feature","properties":{"name":"Kyurdamir","country":"Azerbaijan","country_code":"AZ","branch":"air","branch_label":"Air base","type":"Air base","feature_code":"S.AIRB","source_id":"geonames:800653"},"geometry":{"type":"Point","coordinates":[48.16357,40.27359]}},{"type":"Feature","properties":{"name":"Nasosnaya","country":"Azerbaijan","country_code":"AZ","branch":"air","branch_label":"Air base","type":"Air base","feature_code":"S.AIRB","source_id":"geonames:11500200"},"geometry":{"type":"Point","coordinates":[49.55693,40.59145]}},{"type":"Feature","properties":{"name":"Sangachal Air Base","country":"Azerbaijan","country_code":"AZ","branch":"air","branch_label":"Air base","type":"Air base","feature_code":"S.AIRB","source_id":"geonames:12382290"},"geometry":{"type":"Point","coordinates":[49.45606,40.13111]}},{"type":"Feature","properties":{"name":"Sital Chay","country":"Azerbaijan","country_code":"AZ","branch":"air","branch_label":"Air base","type":"Air base","feature_code":"S.AIRB","source_id":"geonames:800932"},"geometry":{"type":"Point","coordinates":[49.43137,40.80838]}},{"type":"Feature","properties":{"name":"ISA Air Base","country":"Bahrain","country_code":"BH","branch":"air","branch_label":"Air base","type":"Air base","feature_code":"S.AIRB","source_id":"geonames:11550666"},"geometry":{"type":"Point","coordinates":[50.58955,25.91571]}},{"type":"Feature","properties":{"name":"Sakhir Airbase","country":"Bahrain","country_code":"BH","branch":"air","branch_label":"Air base","type":"Air base","feature_code":"S.AIRB","source_id":"geonames:392735"},"geometry":{"type":"Point","coordinates":[50.52448,26.03485]}},{"type":"Feature","properties":{"name":"Sheikh Hasina cantonment","country":"Bangladesh","country_code":"BD","branch":"other","branch_label":"Other / unknown","type":"Military base","feature_code":"L.MILB","source_id":"geonames:12495391"},"geometry":{"type":"Point","coordinates":[90.335,22.473]}},{"type":"Feature","properties":{"name":"Baranovichi","country":"Belarus","country_code":"BY","branch":"air","branch_label":"Air base","type":"Air base","feature_code":"S.AIRB","source_id":"geonames:11500059"},"geometry":{"type":"Point","coordinates":[26.04642,53.09473]}},{"type":"Feature","properties":{"name":"Bereza","country":"Belarus","country_code":"BY","branch":"air","branch_label":"Air base","type":"Air base","feature_code":"S.AIRB","source_id":"geonames:11500068"},"geometry":{"type":"Point","coordinates":[24.88093,52.55719]}},{"type":"Feature","properties":{"name":"Borovtsy","country":"Belarus","country_code":"BY","branch":"air","branch_label":"Air base","type":"Air base","feature_code":"S.AIRB","source_id":"geonames:11500078"},"geometry":{"type":"Point","coordinates":[28.67846,55.60872]}},{"type":"Feature","properties":{"name":"Lida","country":"Belarus","country_code":"BY","branch":"air","branch_label":"Air base","type":"Air base","feature_code":"S.AIRB","source_id":"geonames:11500167"},"geometry":{"type":"Point","coordinates":[25.37793,53.87676]}},{"type":"Feature","properties":{"name":"Machulishchi","country":"Belarus","country_code":"BY","branch":"air","branch_label":"Air base","type":"Air base","feature_code":"S.AIRB","source_id":"geonames:11500176"},"geometry":{"type":"Point","coordinates":[27.57749,53.77344]}},{"type":"Feature","properties":{"name":"Minsk Slepyanka","country":"Belarus","country_code":"BY","branch":"air","branch_label":"Air base","type":"Air base","feature_code":"S.AIRB","source_id":"geonames:11500188"},"geometry":{"type":"Point","coordinates":[27.70694,53.91017]}},{"type":"Feature","properties":{"name":"Pruzhany","country":"Belarus","country_code":"BY","branch":"air","branch_label":"Air base","type":"Air base","feature_code":"S.AIRB","source_id":"geonames:11500229"},"geometry":{"type":"Point","coordinates":[24.37971,52.58213]}},{"type":"Feature","properties":{"name":"Ross","country":"Belarus","country_code":"BY","branch":"air","branch_label":"Air base","type":"Air base","feature_code":"S.AIRB","source_id":"geonames:11500237"},"geometry":{"type":"Point","coordinates":[24.36764,53.30357]}},{"type":"Feature","properties":{"name":"Beauvechain Air Base","country":"Belgium","country_code":"BE","branch":"air","branch_label":"Air base","type":"Air base","feature_code":"S.AIRB","source_id":"geonames:6296484"},"geometry":{"type":"Point","coordinates":[4.7685,50.75546]}},{"type":"Feature","properties":{"name":"Chièvres Air Base","country":"Belgium","country_code":"BE","branch":"air","branch_label":"Air base","type":"Air base","feature_code":"S.AIRB","source_id":"geonames:6296490"},"geometry":{"type":"Point","coordinates":[3.831,50.57583]}},{"type":"Feature","properties":{"name":"Elsenborn-Butgenbach Air Base","country":"Belgium","country_code":"BE","branch":"air","branch_label":"Air base","type":"Air base","feature_code":"S.AIRB","source_id":"geonames:6296495"},"geometry":{"type":"Point","coordinates":[6.18247,50.48482]}},{"type":"Feature","properties":{"name":"Florennes Air Base","country":"Belgium","country_code":"BE","branch":"air","branch_label":"Air base","type":"Air base","feature_code":"S.AIRB","source_id":"geonames:6296493"},"geometry":{"type":"Point","coordinates":[4.64583,50.24333]}},{"type":"Feature","properties":{"name":"Jehonville Air Base","country":"Belgium","country_code":"BE","branch":"air","branch_label":"Air base","type":"Air base","feature_code":"S.AIRB","source_id":"geonames:6296488"},"geometry":{"type":"Point","coordinates":[5.22389,49.89167]}},{"type":"Feature","properties":{"name":"Melsbroek Bel Air Base","country":"Belgium","country_code":"BE","branch":"air","branch_label":"Air base","type":"Air base","feature_code":"S.AIRB","source_id":"geonames:6301510"},"geometry":{"type":"Point","coordinates":[4.5,50.9]}},{"type":"Feature","properties":{"name":"Pereboom","country":"Belgium","country_code":"BE","branch":"naval","branch_label":"Naval base","type":"Coast guard station","feature_code":"S.STNC","source_id":"geonames:9796479"},"geometry":{"type":"Point","coordinates":[3.27487,51.27098]}},{"type":"Feature","properties":{"name":"Polygoon","country":"Belgium","country_code":"BE","branch":"other","branch_label":"Other / unknown","type":"Military base","feature_code":"L.MILB","source_id":"geonames:9883604"},"geometry":{"type":"Point","coordinates":[4.5216,51.32908]}},{"type":"Feature","properties":{"name":"Naval Air Station Bermuda","country":"Bermuda","country_code":"BM","branch":"air","branch_label":"Air base","type":"Air base","feature_code":"S.AIRB","source_id":"geonames:3573341"},"geometry":{"type":"Point","coordinates":[-64.68028,32.36556]}},{"type":"Feature","properties":{"name":"Cuartel Guaqui","country":"Bolivia","country_code":"BO","branch":"army","branch_label":"Army base","type":"Barracks","feature_code":"S.BRKS","source_id":"geonames:3915408"},"geometry":{"type":"Point","coordinates":[-68.85,-16.6]}},{"type":"Feature","properties":{"name":"Cuartel Warnes","country":"Bolivia","country_code":"BO","branch":"army","branch_label":"Army base","type":"Barracks","feature_code":"S.BRKS","source_id":"geonames:3901300"},"geometry":{"type":"Point","coordinates":[-60.95,-16.35]}},{"type":"Feature","properties":{"name":"Base Aérea do Galeão","country":"Brazil","country_code":"BR","branch":"air","branch_label":"Air base","type":"Air base","feature_code":"S.AIRB","source_id":"geonames:12513137"},"geometry":{"type":"Point","coordinates":[-43.2358,-22.8252]}},{"type":"Feature","properties":{"name":"Galeão Air Force Base","country":"Brazil","country_code":"BR","branch":"air","branch_label":"Air base","type":"Air base","feature_code":"S.AIRB","source_id":"geonames:8335452"},"geometry":{"type":"Point","coordinates":[-43.23026,-22.80285]}},{"type":"Feature","properties":{"name":"Manaus Air Force Base","country":"Brazil","country_code":"BR","branch":"air","branch_label":"Air base","type":"Air base","feature_code":"S.AIRB","source_id":"geonames:6301856"},"geometry":{"type":"Point","coordinates":[-59.9863,-3.14604]}},{"type":"Feature","properties":{"name":"Natal Air Force Base","country":"Brazil","country_code":"BR","branch":"air","branch_label":"Air base","type":"Air base","feature_code":"S.AIRB","source_id":"geonames:8335365"},"geometry":{"type":"Point","coordinates":[-35.24607,-5.90681]}},{"type":"Feature","properties":{"name":"Porto Velho Air Force Base","country":"Brazil","country_code":"BR","branch":"air","branch_label":"Air base","type":"Air base","feature_code":"S.AIRB","source_id":"geonames:8335460"},"geometry":{"type":"Point","coordinates":[-63.89957,-8.7134]}},{"type":"Feature","properties":{"name":"Santa Cruz Air Force Base","country":"Brazil","country_code":"BR","branch":"air","branch_label":"Air base","type":"Air base","feature_code":"S.AIRB","source_id":"geonames:7537427"},"geometry":{"type":"Point","coordinates":[-43.71427,-22.92697]}},{"type":"Feature","properties":{"name":"Santa Maria Air Force Base","country":"Brazil","country_code":"BR","branch":"air","branch_label":"Air base","type":"Air base","feature_code":"S.AIRB","source_id":"geonames:9036538"},"geometry":{"type":"Point","coordinates":[-53.6883,-29.71377]}},{"type":"Feature","properties":{"name":"Serra Norte Airport (historical)","country":"Brazil","country_code":"BR","branch":"air","branch_label":"Air base","type":"Air base","feature_code":"S.AIRB","source_id":"geonames:8298928"},"geometry":{"type":"Point","coordinates":[-50.30386,-6.01748]}},{"type":"Feature","properties":{"name":"Naval Support Facility Diego Garcia","country":"British Indian Ocean Territory","country_code":"IO","branch":"air","branch_label":"Air base","type":"Air base","feature_code":"S.AIRB","source_id":"geonames:6296986"},"geometry":{"type":"Point","coordinates":[72.41109,-7.31327]}},{"type":"Feature","properties":{"name":"Cheshnegirovo Air Base","country":"Bulgaria","country_code":"BG","branch":"air","branch_label":"Air base","type":"Air base","feature_code":"S.AIRB","source_id":"geonames:11071601"},"geometry":{"type":"Point","coordinates":[25.0036,42.1151]}},{"type":"Feature","properties":{"name":"Dobrich","country":"Bulgaria","country_code":"BG","branch":"air","branch_label":"Air base","type":"Air base","feature_code":"S.AIRB","source_id":"geonames:11500098"},"geometry":{"type":"Point","coordinates":[27.83623,43.60981]}},{"type":"Feature","properties":{"name":"Gabrovnitsa Air Base","country":"Bulgaria","country_code":"BG","branch":"air","branch_label":"Air base","type":"Air base","feature_code":"S.AIRB","source_id":"geonames:11749424"},"geometry":{"type":"Point","coordinates":[23.26793,43.54258]}},{"type":"Feature","properties":{"name":"Graf Ignatievo","country":"Bulgaria","country_code":"BG","branch":"air","branch_label":"Air base","type":"Air base","feature_code":"S.AIRB","source_id":"geonames:11500127"},"geometry":{"type":"Point","coordinates":[24.71381,42.29068]}},{"type":"Feature","properties":{"name":"Kumaritsa","country":"Bulgaria","country_code":"BG","branch":"air","branch_label":"Air base","type":"Air base","feature_code":"S.AIRB","source_id":"geonames:11500160"},"geometry":{"type":"Point","coordinates":[23.30043,42.81176]}},{"type":"Feature","properties":{"name":"Sliven","country":"Bulgaria","country_code":"BG","branch":"air","branch_label":"Air base","type":"Air base","feature_code":"S.AIRB","source_id":"geonames:11500259"},"geometry":{"type":"Point","coordinates":[26.35904,42.64532]}},{"type":"Feature","properties":{"name":"Buterere","country":"Burundi","country_code":"BI","branch":"army","branch_label":"Army base","type":"Barracks","feature_code":"S.BRKS","source_id":"geonames:425313"},"geometry":{"type":"Point","coordinates":[29.3241,-3.3333]}},{"type":"Feature","properties":{"name":"Albert Head Battery Point Training Area","country":"Canada","country_code":"CA","branch":"other","branch_label":"Other / unknown","type":"Military base","feature_code":"L.MILB","source_id":"geonames:5883136"},"geometry":{"type":"Point","coordinates":[-123.49091,48.38853]}},{"type":"Feature","properties":{"name":"Aldershot Range and Training Area","country":"Canada","country_code":"CA","branch":"other","branch_label":"Other / unknown","type":"Military base","feature_code":"L.MILB","source_id":"geonames:5883332"},"geometry":{"type":"Point","coordinates":[-64.53207,45.10015]}},{"type":"Feature","properties":{"name":"Alexandra Point Range","country":"Canada","country_code":"CA","branch":"other","branch_label":"Other / unknown","type":"Military base","feature_code":"L.MILB","source_id":"geonames:5883484"},"geometry":{"type":"Point","coordinates":[-63.04868,46.19042]}},{"type":"Feature","properties":{"name":"Amherst Range","country":"Canada","country_code":"CA","branch":"other","branch_label":"Other / unknown","type":"Military base","feature_code":"L.MILB","source_id":"geonames:5884490"},"geometry":{"type":"Point","coordinates":[-64.16543,45.81685]}},{"type":"Feature","properties":{"name":"Banff Training Area","country":"Canada","country_code":"CA","branch":"other","branch_label":"Other / unknown","type":"Military base","feature_code":"L.MILB","source_id":"geonames:5892536"},"geometry":{"type":"Point","coordinates":[-115.53649,51.21315]}},{"type":"Feature","properties":{"name":"Barracks (abandonned)","country":"Canada","country_code":"CA","branch":"army","branch_label":"Army base","type":"Barracks","feature_code":"S.BRKS","source_id":"geonames:6453461"},"geometry":{"type":"Point","coordinates":[-60.2116,46.24405]}},{"type":"Feature","properties":{"name":"Barriefield Range and Training Area","country":"Canada","country_code":"CA","branch":"other","branch_label":"Other / unknown","type":"Military base","feature_code":"L.MILB","source_id":"geonames:5894178"},"geometry":{"type":"Point","coordinates":[-76.4327,44.23342]}},{"type":"Feature","properties":{"name":"Base des Forces canadiennes Borden","country":"Canada","country_code":"CA","branch":"other","branch_label":"Other / unknown","type":"Military base","feature_code":"L.MILB","source_id":"geonames:5894520"},"geometry":{"type":"Point","coordinates":[-79.91136,44.26821]}},{"type":"Feature","properties":{"name":"Base des Forces canadiennes Gagetown","country":"Canada","country_code":"CA","branch":"other","branch_label":"Other / unknown","type":"Military base","feature_code":"L.MILB","source_id":"geonames:5894524"},"geometry":{"type":"Point","coordinates":[-66.44887,45.83342]}},{"type":"Feature","properties":{"name":"Base des Forces canadiennes Goose Bay","country":"Canada","country_code":"CA","branch":"other","branch_label":"Other / unknown","type":"Military base","feature_code":"L.MILB","source_id":"geonames:5894525"},"geometry":{"type":"Point","coordinates":[-60.42544,53.32235]}},{"type":"Feature","properties":{"name":"Base des Forces canadiennes Greenwood","country":"Canada","country_code":"CA","branch":"other","branch_label":"Other / unknown","type":"Military base","feature_code":"L.MILB","source_id":"geonames:5894526"},"geometry":{"type":"Point","coordinates":[-64.91549,44.98345]}},{"type":"Feature","properties":{"name":"Base des Forces canadiennes Halifax","country":"Canada","country_code":"CA","branch":"other","branch_label":"Other / unknown","type":"Military base","feature_code":"L.MILB","source_id":"geonames:5894527"},"geometry":{"type":"Point","coordinates":[-63.582,44.65015]}},{"type":"Feature","properties":{"name":"Base des Forces canadiennes Kingston","country":"Canada","country_code":"CA","branch":"other","branch_label":"Other / unknown","type":"Military base","feature_code":"L.MILB","source_id":"geonames:5894528"},"geometry":{"type":"Point","coordinates":[-76.4452,44.24792]}},{"type":"Feature","properties":{"name":"Base des Forces canadiennes Montréal","country":"Canada","country_code":"CA","branch":"other","branch_label":"Other / unknown","type":"Military base","feature_code":"L.MILB","source_id":"geonames:5894529"},"geometry":{"type":"Point","coordinates":[-73.42556,45.50088]}},{"type":"Feature","properties":{"name":"Base des Forces canadiennes North Bay","country":"Canada","country_code":"CA","branch":"other","branch_label":"Other / unknown","type":"Military base","feature_code":"L.MILB","source_id":"geonames:5894531"},"geometry":{"type":"Point","coordinates":[-79.41182,46.3598]}},{"type":"Feature","properties":{"name":"Base des Forces canadiennes Petawawa","country":"Canada","country_code":"CA","branch":"other","branch_label":"Other / unknown","type":"Military base","feature_code":"L.MILB","source_id":"geonames:5894532"},"geometry":{"type":"Point","coordinates":[-77.29337,45.91592]}},{"type":"Feature","properties":{"name":"Base des Forces canadiennes Suffield","country":"Canada","country_code":"CA","branch":"other","branch_label":"Other / unknown","type":"Military base","feature_code":"L.MILB","source_id":"geonames:5894534"},"geometry":{"type":"Point","coordinates":[-111.17674,50.27341]}},{"type":"Feature","properties":{"name":"Base des Forces canadiennes Trenton","country":"Canada","country_code":"CA","branch":"other","branch_label":"Other / unknown","type":"Military base","feature_code":"L.MILB","source_id":"geonames:5894535"},"geometry":{"type":"Point","coordinates":[-77.53978,44.11792]}},{"type":"Feature","properties":{"name":"Base des Forces canadiennes Winnipeg","country":"Canada","country_code":"CA","branch":"other","branch_label":"Other / unknown","type":"Military base","feature_code":"L.MILB","source_id":"geonames:5894536"},"geometry":{"type":"Point","coordinates":[-97.23535,49.8889]}},{"type":"Feature","properties":{"name":"Base militaire de Saint-Jean","country":"Canada","country_code":"CA","branch":"other","branch_label":"Other / unknown","type":"Military base","feature_code":"L.MILB","source_id":"geonames:5894560"},"geometry":{"type":"Point","coordinates":[-73.28496,45.30068]}},{"type":"Feature","properties":{"name":"Base militaire de Senneterre","country":"Canada","country_code":"CA","branch":"other","branch_label":"Other / unknown","type":"Military base","feature_code":"L.MILB","source_id":"geonames:5894561"},"geometry":{"type":"Point","coordinates":[-77.21615,48.36689]}},{"type":"Feature","properties":{"name":"Bedford Range","country":"Canada","country_code":"CA","branch":"other","branch_label":"Other / unknown","type":"Military base","feature_code":"L.MILB","source_id":"geonames:5897355"},"geometry":{"type":"Point","coordinates":[-63.66291,44.74713]}},{"type":"Feature","properties":{"name":"Bentinck Island Range","country":"Canada","country_code":"CA","branch":"other","branch_label":"Other / unknown","type":"Military base","feature_code":"L.MILB","source_id":"geonames:5898584"},"geometry":{"type":"Point","coordinates":[-123.54224,48.31431]}},{"type":"Feature","properties":{"name":"Borden Range and Training Area","country":"Canada","country_code":"CA","branch":"other","branch_label":"Other / unknown","type":"Military base","feature_code":"L.MILB","source_id":"geonames:5905900"},"geometry":{"type":"Point","coordinates":[-79.91776,44.28121]}},{"type":"Feature","properties":{"name":"Burdick Range","country":"Canada","country_code":"CA","branch":"other","branch_label":"Other / unknown","type":"Military base","feature_code":"L.MILB","source_id":"geonames:5911420"},"geometry":{"type":"Point","coordinates":[-105.38394,50.40695]}},{"type":"Feature","properties":{"name":"CFB Cold Lake","country":"Canada","country_code":"CA","branch":"air","branch_label":"Air base","type":"Air base","feature_code":"S.AIRB","source_id":"geonames:8617281"},"geometry":{"type":"Point","coordinates":[-110.27879,54.40404]}},{"type":"Feature","properties":{"name":"CFB Goose Bay","country":"Canada","country_code":"CA","branch":"air","branch_label":"Air base","type":"Air base","feature_code":"S.AIRB","source_id":"geonames:6296334"},"geometry":{"type":"Point","coordinates":[-60.4188,53.31601]}},{"type":"Feature","properties":{"name":"CFB Shilo","country":"Canada","country_code":"CA","branch":"air","branch_label":"Air base","type":"Air base","feature_code":"S.AIRB","source_id":"geonames:6146393"},"geometry":{"type":"Point","coordinates":[-99.64527,49.80598]}},{"type":"Feature","properties":{"name":"CFB Suffield","country":"Canada","country_code":"CA","branch":"air","branch_label":"Air base","type":"Air base","feature_code":"S.AIRB","source_id":"geonames:6296277"},"geometry":{"type":"Point","coordinates":[-111.18928,50.27368]}},{"type":"Feature","properties":{"name":"Camp-Bouchard","country":"Canada","country_code":"CA","branch":"army","branch_label":"Army base","type":"Military base","feature_code":"L.MILB","source_id":"geonames:5914215"},"geometry":{"type":"Point","coordinates":[-73.85779,45.68698]}},{"type":"Feature","properties":{"name":"Canadian Forces Base Borden","country":"Canada","country_code":"CA","branch":"other","branch_label":"Other / unknown","type":"Military base","feature_code":"L.MILB","source_id":"geonames:5914718"},"geometry":{"type":"Point","coordinates":[-79.91136,44.26821]}},{"type":"Feature","properties":{"name":"Canadian Forces Base Cold Lake","country":"Canada","country_code":"CA","branch":"other","branch_label":"Other / unknown","type":"Military base","feature_code":"L.MILB","source_id":"geonames:5914719"},"geometry":{"type":"Point","coordinates":[-110.2773,54.40767]}},{"type":"Feature","properties":{"name":"Canadian Forces Base Comox","country":"Canada","country_code":"CA","branch":"other","branch_label":"Other / unknown","type":"Military base","feature_code":"L.MILB","source_id":"geonames:5914720"},"geometry":{"type":"Point","coordinates":[-124.89673,49.71274]}},{"type":"Feature","properties":{"name":"Canadian Forces Base Esquimalt","country":"Canada","country_code":"CA","branch":"other","branch_label":"Other / unknown","type":"Military base","feature_code":"L.MILB","source_id":"geonames:5914721"},"geometry":{"type":"Point","coordinates":[-123.43378,48.42975]}},{"type":"Feature","properties":{"name":"Canadian Forces Base Gagetown","country":"Canada","country_code":"CA","branch":"other","branch_label":"Other / unknown","type":"Military base","feature_code":"L.MILB","source_id":"geonames:5914722"},"geometry":{"type":"Point","coordinates":[-66.44887,45.83342]}},{"type":"Feature","properties":{"name":"Canadian Forces Base Goose Bay","country":"Canada","country_code":"CA","branch":"other","branch_label":"Other / unknown","type":"Military base","feature_code":"L.MILB","source_id":"geonames:5914723"},"geometry":{"type":"Point","coordinates":[-60.42544,53.32235]}},{"type":"Feature","properties":{"name":"Canadian Forces Base Greenwood","country":"Canada","country_code":"CA","branch":"other","branch_label":"Other / unknown","type":"Military base","feature_code":"L.MILB","source_id":"geonames:5914724"},"geometry":{"type":"Point","coordinates":[-64.91549,44.98345]}},{"type":"Feature","properties":{"name":"Canadian Forces Base Halifax","country":"Canada","country_code":"CA","branch":"other","branch_label":"Other / unknown","type":"Military base","feature_code":"L.MILB","source_id":"geonames:5914725"},"geometry":{"type":"Point","coordinates":[-63.582,44.65015]}},{"type":"Feature","properties":{"name":"Canadian Forces Base Kingston","country":"Canada","country_code":"CA","branch":"other","branch_label":"Other / unknown","type":"Military base","feature_code":"L.MILB","source_id":"geonames:5914726"},"geometry":{"type":"Point","coordinates":[-76.4452,44.24792]}},{"type":"Feature","properties":{"name":"Canadian Forces Base Montréal","country":"Canada","country_code":"CA","branch":"other","branch_label":"Other / unknown","type":"Military base","feature_code":"L.MILB","source_id":"geonames:5914727"},"geometry":{"type":"Point","coordinates":[-73.42556,45.50088]}},{"type":"Feature","properties":{"name":"Canadian Forces Base Moose Jaw","country":"Canada","country_code":"CA","branch":"other","branch_label":"Other / unknown","type":"Military base","feature_code":"L.MILB","source_id":"geonames:5914728"},"geometry":{"type":"Point","coordinates":[-105.5611,50.33812]}},{"type":"Feature","properties":{"name":"Canadian Forces Base North Bay","country":"Canada","country_code":"CA","branch":"other","branch_label":"Other / unknown","type":"Military base","feature_code":"L.MILB","source_id":"geonames:5914729"},"geometry":{"type":"Point","coordinates":[-79.41182,46.3598]}},{"type":"Feature","properties":{"name":"Canadian Forces Base Petawawa","country":"Canada","country_code":"CA","branch":"other","branch_label":"Other / unknown","type":"Military base","feature_code":"L.MILB","source_id":"geonames:5914730"},"geometry":{"type":"Point","coordinates":[-77.29337,45.91592]}},{"type":"Feature","properties":{"name":"Canadian Forces Base Suffield","country":"Canada","country_code":"CA","branch":"other","branch_label":"Other / unknown","type":"Military base","feature_code":"L.MILB","source_id":"geonames:5914732"},"geometry":{"type":"Point","coordinates":[-111.17674,50.27341]}},{"type":"Feature","properties":{"name":"Canadian Forces Base Trenton","country":"Canada","country_code":"CA","branch":"other","branch_label":"Other / unknown","type":"Military base","feature_code":"L.MILB","source_id":"geonames:5914733"},"geometry":{"type":"Point","coordinates":[-77.53978,44.11792]}},{"type":"Feature","properties":{"name":"Canadian Forces Base Winnipeg","country":"Canada","country_code":"CA","branch":"other","branch_label":"Other / unknown","type":"Military base","feature_code":"L.MILB","source_id":"geonames:5914734"},"geometry":{"type":"Point","coordinates":[-97.23535,49.8889]}},{"type":"Feature","properties":{"name":"Canadian Forces Station Aldergrove","country":"Canada","country_code":"CA","branch":"other","branch_label":"Other / unknown","type":"Military base","feature_code":"L.MILB","source_id":"geonames:5914735"},"geometry":{"type":"Point","coordinates":[-122.48869,49.07887]}},{"type":"Feature","properties":{"name":"Canadian Forces Station Alert","country":"Canada","country_code":"CA","branch":"other","branch_label":"Other / unknown","type":"Military base","feature_code":"L.MILB","source_id":"geonames:5914736"},"geometry":{"type":"Point","coordinates":[-62.35032,82.49918]}},{"type":"Feature","properties":{"name":"Canadian Forces Station Flin Flon","country":"Canada","country_code":"CA","branch":"other","branch_label":"Other / unknown","type":"Military base","feature_code":"L.MILB","source_id":"geonames:5914737"},"geometry":{"type":"Point","coordinates":[-101.97998,54.72373]}},{"type":"Feature","properties":{"name":"Canadian Forces Station Leitrim","country":"Canada","country_code":"CA","branch":"other","branch_label":"Other / unknown","type":"Military base","feature_code":"L.MILB","source_id":"geonames:5914738"},"geometry":{"type":"Point","coordinates":[-75.58684,45.3395]}},{"type":"Feature","properties":{"name":"Canadian Forces Station Masset","country":"Canada","country_code":"CA","branch":"other","branch_label":"Other / unknown","type":"Military base","feature_code":"L.MILB","source_id":"geonames:5914739"},"geometry":{"type":"Point","coordinates":[-132.05751,54.00942]}},{"type":"Feature","properties":{"name":"Canadian Forces Station St. John's","country":"Canada","country_code":"CA","branch":"other","branch_label":"Other / unknown","type":"Military base","feature_code":"L.MILB","source_id":"geonames:5914740"},"geometry":{"type":"Point","coordinates":[-52.68134,47.58319]}},{"type":"Feature","properties":{"name":"Cedar Springs Range","country":"Canada","country_code":"CA","branch":"other","branch_label":"Other / unknown","type":"Military base","feature_code":"L.MILB","source_id":"geonames:5918916"},"geometry":{"type":"Point","coordinates":[-82.02477,42.26869]}},{"type":"Feature","properties":{"name":"Champ de manoeuvre Albert Head Battery Point","country":"Canada","country_code":"CA","branch":"other","branch_label":"Other / unknown","type":"Military base","feature_code":"L.MILB","source_id":"geonames:5919605"},"geometry":{"type":"Point","coordinates":[-123.49091,48.38853]}},{"type":"Feature","properties":{"name":"Champ de manoeuvre Chilcotin","country":"Canada","country_code":"CA","branch":"other","branch_label":"Other / unknown","type":"Military base","feature_code":"L.MILB","source_id":"geonames:5919607"},"geometry":{"type":"Point","coordinates":[-122.55423,52.08063]}},{"type":"Feature","properties":{"name":"Champ de manoeuvre Fanshawe Dam","country":"Canada","country_code":"CA","branch":"other","branch_label":"Other / unknown","type":"Military base","feature_code":"L.MILB","source_id":"geonames:5919608"},"geometry":{"type":"Point","coordinates":[-81.16644,43.10009]}},{"type":"Feature","properties":{"name":"Champ de manoeuvre Geraldton","country":"Canada","country_code":"CA","branch":"other","branch_label":"Other / unknown","type":"Military base","feature_code":"L.MILB","source_id":"geonames:5919609"},"geometry":{"type":"Point","coordinates":[-86.94996,49.75013]}},{"type":"Feature","properties":{"name":"Champ de manoeuvre Jarvis Lake","country":"Canada","country_code":"CA","branch":"other","branch_label":"Other / unknown","type":"Military base","feature_code":"L.MILB","source_id":"geonames:5919610"},"geometry":{"type":"Point","coordinates":[-117.8191,53.45008]}},{"type":"Feature","properties":{"name":"Champ de manoeuvre Kakabeka Falls","country":"Canada","country_code":"CA","branch":"other","branch_label":"Other / unknown","type":"Military base","feature_code":"L.MILB","source_id":"geonames:5919611"},"geometry":{"type":"Point","coordinates":[-89.61685,48.4001]}},{"type":"Feature","properties":{"name":"Champ de manoeuvre Korah","country":"Canada","country_code":"CA","branch":"other","branch_label":"Other / unknown","type":"Military base","feature_code":"L.MILB","source_id":"geonames:5919612"},"geometry":{"type":"Point","coordinates":[-84.38606,46.56927]}},{"type":"Feature","properties":{"name":"Champ de manoeuvre Mill Hill","country":"Canada","country_code":"CA","branch":"other","branch_label":"Other / unknown","type":"Military base","feature_code":"L.MILB","source_id":"geonames:5919614"},"geometry":{"type":"Point","coordinates":[-65.29881,45.76686]}},{"type":"Feature","properties":{"name":"Champ de manoeuvre Oshawa","country":"Canada","country_code":"CA","branch":"other","branch_label":"Other / unknown","type":"Military base","feature_code":"L.MILB","source_id":"geonames:5919615"},"geometry":{"type":"Point","coordinates":[-78.89957,43.90012]}},{"type":"Feature","properties":{"name":"Champ de manoeuvre Richmond","country":"Canada","country_code":"CA","branch":"other","branch_label":"Other / unknown","type":"Military base","feature_code":"L.MILB","source_id":"geonames:5919617"},"geometry":{"type":"Point","coordinates":[-75.73265,45.1834]}},{"type":"Feature","properties":{"name":"Champ de manoeuvre Rocky Point","country":"Canada","country_code":"CA","branch":"other","branch_label":"Other / unknown","type":"Military base","feature_code":"L.MILB","source_id":"geonames:5919618"},"geometry":{"type":"Point","coordinates":[-123.56901,48.32683]}},{"type":"Feature","properties":{"name":"Champ de manoeuvre Snowshoe Lake","country":"Canada","country_code":"CA","branch":"other","branch_label":"Other / unknown","type":"Military base","feature_code":"L.MILB","source_id":"geonames:5919619"},"geometry":{"type":"Point","coordinates":[-95.1005,50.58333]}},{"type":"Feature","properties":{"name":"Champ de manoeuvre Sudbury","country":"Canada","country_code":"CA","branch":"other","branch_label":"Other / unknown","type":"Military base","feature_code":"L.MILB","source_id":"geonames:5919620"},"geometry":{"type":"Point","coordinates":[-80.93303,46.38338]}},{"type":"Feature","properties":{"name":"Champ de manoeuvre Suffield","country":"Canada","country_code":"CA","branch":"other","branch_label":"Other / unknown","type":"Military base","feature_code":"L.MILB","source_id":"geonames:5919621"},"geometry":{"type":"Point","coordinates":[-110.84058,50.45149]}},{"type":"Feature","properties":{"name":"Champ de manoeuvre Sussex","country":"Canada","country_code":"CA","branch":"other","branch_label":"Other / unknown","type":"Military base","feature_code":"L.MILB","source_id":"geonames:5919622"},"geometry":{"type":"Point","coordinates":[-65.49883,45.71686]}},{"type":"Feature","properties":{"name":"Champ de manoeuvre régional Wainwright","country":"Canada","country_code":"CA","branch":"other","branch_label":"Other / unknown","type":"Military base","feature_code":"L.MILB","source_id":"geonames:5919616"},"geometry":{"type":"Point","coordinates":[-110.88224,52.74344]}},{"type":"Feature","properties":{"name":"Champ de tir Alexandra Point","country":"Canada","country_code":"CA","branch":"other","branch_label":"Other / unknown","type":"Military base","feature_code":"L.MILB","source_id":"geonames:5919628"},"geometry":{"type":"Point","coordinates":[-63.04868,46.19042]}},{"type":"Feature","properties":{"name":"Champ de tir Amherst","country":"Canada","country_code":"CA","branch":"other","branch_label":"Other / unknown","type":"Military base","feature_code":"L.MILB","source_id":"geonames:5919629"},"geometry":{"type":"Point","coordinates":[-64.16543,45.81685]}},{"type":"Feature","properties":{"name":"Champ de tir Burdick","country":"Canada","country_code":"CA","branch":"other","branch_label":"Other / unknown","type":"Military base","feature_code":"L.MILB","source_id":"geonames:5919632"},"geometry":{"type":"Point","coordinates":[-105.38394,50.40695]}},{"type":"Feature","properties":{"name":"Champ de tir Cedar Springs","country":"Canada","country_code":"CA","branch":"other","branch_label":"Other / unknown","type":"Military base","feature_code":"L.MILB","source_id":"geonames:5919633"},"geometry":{"type":"Point","coordinates":[-82.02477,42.26869]}},{"type":"Feature","properties":{"name":"Champ de tir Connaught","country":"Canada","country_code":"CA","branch":"other","branch_label":"Other / unknown","type":"Military base","feature_code":"L.MILB","source_id":"geonames:5919634"},"geometry":{"type":"Point","coordinates":[-75.90546,45.364]}},{"type":"Feature","properties":{"name":"Champ de tir Debert","country":"Canada","country_code":"CA","branch":"other","branch_label":"Other / unknown","type":"Military base","feature_code":"L.MILB","source_id":"geonames:5919635"},"geometry":{"type":"Point","coordinates":[-63.46539,45.45015]}},{"type":"Feature","properties":{"name":"Champ de tir Heals","country":"Canada","country_code":"CA","branch":"other","branch_label":"Other / unknown","type":"Military base","feature_code":"L.MILB","source_id":"geonames:5919649"},"geometry":{"type":"Point","coordinates":[-123.45682,48.54574]}},{"type":"Feature","properties":{"name":"Champ de tir Lethbridge","country":"Canada","country_code":"CA","branch":"other","branch_label":"Other / unknown","type":"Military base","feature_code":"L.MILB","source_id":"geonames:5919651"},"geometry":{"type":"Point","coordinates":[-112.85186,49.71669]}},{"type":"Feature","properties":{"name":"Champ de tir Moncton","country":"Canada","country_code":"CA","branch":"other","branch_label":"Other / unknown","type":"Military base","feature_code":"L.MILB","source_id":"geonames:5919652"},"geometry":{"type":"Point","coordinates":[-64.93207,46.06685]}},{"type":"Feature","properties":{"name":"Champ de tir Mount McKay","country":"Canada","country_code":"CA","branch":"other","branch_label":"Other / unknown","type":"Military base","feature_code":"L.MILB","source_id":"geonames:5919653"},"geometry":{"type":"Point","coordinates":[-89.28762,48.3495]}},{"type":"Feature","properties":{"name":"Champ de tir Nicolet","country":"Canada","country_code":"CA","branch":"other","branch_label":"Other / unknown","type":"Military base","feature_code":"L.MILB","source_id":"geonames:5919655"},"geometry":{"type":"Point","coordinates":[-72.68472,46.19086]}},{"type":"Feature","properties":{"name":"Champ de tir Prince Albert","country":"Canada","country_code":"CA","branch":"other","branch_label":"Other / unknown","type":"Military base","feature_code":"L.MILB","source_id":"geonames:5919657"},"geometry":{"type":"Point","coordinates":[-105.76741,53.23758]}},{"type":"Feature","properties":{"name":"Champ de tir Saint Charles","country":"Canada","country_code":"CA","branch":"other","branch_label":"Other / unknown","type":"Military base","feature_code":"L.MILB","source_id":"geonames:5919658"},"geometry":{"type":"Point","coordinates":[-97.33896,49.9175]}},{"type":"Feature","properties":{"name":"Champ de tir Salmon Arm","country":"Canada","country_code":"CA","branch":"other","branch_label":"Other / unknown","type":"Military base","feature_code":"L.MILB","source_id":"geonames:5919659"},"geometry":{"type":"Point","coordinates":[-119.25297,50.67261]}},{"type":"Feature","properties":{"name":"Champ de tir Sydney","country":"Canada","country_code":"CA","branch":"other","branch_label":"Other / unknown","type":"Military base","feature_code":"L.MILB","source_id":"geonames:5919660"},"geometry":{"type":"Point","coordinates":[-60.14845,46.11684]}},{"type":"Feature","properties":{"name":"Champ de tir Winona","country":"Canada","country_code":"CA","branch":"other","branch_label":"Other / unknown","type":"Military base","feature_code":"L.MILB","source_id":"geonames:5919661"},"geometry":{"type":"Point","coordinates":[-79.61681,43.21821]}},{"type":"Feature","properties":{"name":"Champ de tir aérien Chezzetcook","country":"Canada","country_code":"CA","branch":"other","branch_label":"Other / unknown","type":"Military base","feature_code":"L.MILB","source_id":"geonames:5919627"},"geometry":{"type":"Point","coordinates":[-63.23197,44.68345]}},{"type":"Feature","properties":{"name":"Champ de tir et champ de manoeuvre Barriefield","country":"Canada","country_code":"CA","branch":"other","branch_label":"Other / unknown","type":"Military base","feature_code":"L.MILB","source_id":"geonames:5919638"},"geometry":{"type":"Point","coordinates":[-76.4327,44.23342]}},{"type":"Feature","properties":{"name":"Champ de tir et champ de manoeuvre Borden","country":"Canada","country_code":"CA","branch":"other","branch_label":"Other / unknown","type":"Military base","feature_code":"L.MILB","source_id":"geonames:5919639"},"geometry":{"type":"Point","coordinates":[-79.91776,44.28121]}},{"type":"Feature","properties":{"name":"Champ de tir et champ de manoeuvre Gagetown","country":"Canada","country_code":"CA","branch":"other","branch_label":"Other / unknown","type":"Military base","feature_code":"L.MILB","source_id":"geonames:5919640"},"geometry":{"type":"Point","coordinates":[-66.31556,45.63344]}},{"type":"Feature","properties":{"name":"Champ de tir et champ de manoeuvre Granville Ferry","country":"Canada","country_code":"CA","branch":"other","branch_label":"Other / unknown","type":"Military base","feature_code":"L.MILB","source_id":"geonames:5919641"},"geometry":{"type":"Point","coordinates":[-65.53213,44.76685]}},{"type":"Feature","properties":{"name":"Champ de tir et champ de manoeuvre Ipperwash","country":"Canada","country_code":"CA","branch":"other","branch_label":"Other / unknown","type":"Military base","feature_code":"L.MILB","source_id":"geonames:5919642"},"geometry":{"type":"Point","coordinates":[-81.94919,43.20818]}},{"type":"Feature","properties":{"name":"Champ de tir et champ de manoeuvre Meaford","country":"Canada","country_code":"CA","branch":"other","branch_label":"Other / unknown","type":"Military base","feature_code":"L.MILB","source_id":"geonames:5919643"},"geometry":{"type":"Point","coordinates":[-80.69911,44.67569]}},{"type":"Feature","properties":{"name":"Champ de tir et champ de manoeuvre Mont Saint Bruno","country":"Canada","country_code":"CA","branch":"other","branch_label":"Other / unknown","type":"Military base","feature_code":"L.MILB","source_id":"geonames:5919644"},"geometry":{"type":"Point","coordinates":[-73.30056,45.56198]}},{"type":"Feature","properties":{"name":"Champ de tir et champ de manoeuvre Niagara-on-the-Lake","country":"Canada","country_code":"CA","branch":"other","branch_label":"Other / unknown","type":"Military base","feature_code":"L.MILB","source_id":"geonames:5919645"},"geometry":{"type":"Point","coordinates":[-79.09537,43.25592]}},{"type":"Feature","properties":{"name":"Champ de tir et champ de manoeuvre Petawawa","country":"Canada","country_code":"CA","branch":"other","branch_label":"Other / unknown","type":"Military base","feature_code":"L.MILB","source_id":"geonames:5919646"},"geometry":{"type":"Point","coordinates":[-77.41838,45.91402]}},{"type":"Feature","properties":{"name":"Champ de tir et champ de manoeuvre Shilo","country":"Canada","country_code":"CA","branch":"other","branch_label":"Other / unknown","type":"Military base","feature_code":"L.MILB","source_id":"geonames:5919647"},"geometry":{"type":"Point","coordinates":[-99.47502,49.73193]}},{"type":"Feature","properties":{"name":"Champ de tir et champ de manoeuvre Vernon","country":"Canada","country_code":"CA","branch":"other","branch_label":"Other / unknown","type":"Military base","feature_code":"L.MILB","source_id":"geonames:5919648"},"geometry":{"type":"Point","coordinates":[-119.28376,50.2371]}},{"type":"Feature","properties":{"name":"Champ de tir et champ de manoeuvreAldershot","country":"Canada","country_code":"CA","branch":"other","branch_label":"Other / unknown","type":"Military base","feature_code":"L.MILB","source_id":"geonames:5919637"},"geometry":{"type":"Point","coordinates":[-64.53207,45.10015]}},{"type":"Feature","properties":{"name":"Chezzetcook Air Weapons Range","country":"Canada","country_code":"CA","branch":"other","branch_label":"Other / unknown","type":"Military base","feature_code":"L.MILB","source_id":"geonames:5921136"},"geometry":{"type":"Point","coordinates":[-63.23197,44.68345]}},{"type":"Feature","properties":{"name":"Chilcotin Training Area","country":"Canada","country_code":"CA","branch":"other","branch_label":"Other / unknown","type":"Military base","feature_code":"L.MILB","source_id":"geonames:5921322"},"geometry":{"type":"Point","coordinates":[-122.55423,52.08063]}},{"type":"Feature","properties":{"name":"Connaught Range","country":"Canada","country_code":"CA","branch":"other","branch_label":"Other / unknown","type":"Military base","feature_code":"L.MILB","source_id":"geonames:5926770"},"geometry":{"type":"Point","coordinates":[-75.90546,45.364]}},{"type":"Feature","properties":{"name":"Debert Range","country":"Canada","country_code":"CA","branch":"other","branch_label":"Other / unknown","type":"Military base","feature_code":"L.MILB","source_id":"geonames:5936341"},"geometry":{"type":"Point","coordinates":[-63.46539,45.45015]}},{"type":"Feature","properties":{"name":"Fanshawe Dam Training Area","country":"Canada","country_code":"CA","branch":"other","branch_label":"Other / unknown","type":"Military base","feature_code":"L.MILB","source_id":"geonames:5951491"},"geometry":{"type":"Point","coordinates":[-81.16644,43.10009]}},{"type":"Feature","properties":{"name":"Gagetown Range and Training Area","country":"Canada","country_code":"CA","branch":"other","branch_label":"Other / unknown","type":"Military base","feature_code":"L.MILB","source_id":"geonames:5958949"},"geometry":{"type":"Point","coordinates":[-66.31556,45.63344]}},{"type":"Feature","properties":{"name":"Georgian Bay Airways‎","country":"Canada","country_code":"CA","branch":"air","branch_label":"Air base","type":"Air base","feature_code":"S.AIRB","source_id":"geonames:6942430"},"geometry":{"type":"Point","coordinates":[-80.03807,45.33889]}},{"type":"Feature","properties":{"name":"Geraldton Training Area","country":"Canada","country_code":"CA","branch":"other","branch_label":"Other / unknown","type":"Military base","feature_code":"L.MILB","source_id":"geonames:5960604"},"geometry":{"type":"Point","coordinates":[-86.94996,49.75013]}},{"type":"Feature","properties":{"name":"Glacis Barracks (historical)","country":"Canada","country_code":"CA","branch":"army","branch_label":"Army base","type":"Barracks","feature_code":"S.BRKS","source_id":"geonames:11820543"},"geometry":{"type":"Point","coordinates":[-63.57936,44.65028]}},{"type":"Feature","properties":{"name":"Granville Ferry Range and Training Area","country":"Canada","country_code":"CA","branch":"other","branch_label":"Other / unknown","type":"Military base","feature_code":"L.MILB","source_id":"geonames:5965028"},"geometry":{"type":"Point","coordinates":[-65.53213,44.76685]}},{"type":"Feature","properties":{"name":"Haro Strait Range","country":"Canada","country_code":"CA","branch":"other","branch_label":"Other / unknown","type":"Military base","feature_code":"L.MILB","source_id":"geonames:5971146"},"geometry":{"type":"Point","coordinates":[-123.35591,48.56074]}},{"type":"Feature","properties":{"name":"Heals Range","country":"Canada","country_code":"CA","branch":"other","branch_label":"Other / unknown","type":"Military base","feature_code":"L.MILB","source_id":"geonames:5973070"},"geometry":{"type":"Point","coordinates":[-123.45682,48.54574]}},{"type":"Feature","properties":{"name":"Ipperwash Range and Training Area","country":"Canada","country_code":"CA","branch":"other","branch_label":"Other / unknown","type":"Military base","feature_code":"L.MILB","source_id":"geonames:5983703"},"geometry":{"type":"Point","coordinates":[-81.94919,43.20818]}},{"type":"Feature","properties":{"name":"Jarvis Lake Training Area","country":"Canada","country_code":"CA","branch":"other","branch_label":"Other / unknown","type":"Military base","feature_code":"L.MILB","source_id":"geonames:5985899"},"geometry":{"type":"Point","coordinates":[-117.8191,53.45008]}},{"type":"Feature","properties":{"name":"Kakabeka Falls Training Area","country":"Canada","country_code":"CA","branch":"other","branch_label":"Other / unknown","type":"Military base","feature_code":"L.MILB","source_id":"geonames:5988710"},"geometry":{"type":"Point","coordinates":[-89.61685,48.4001]}},{"type":"Feature","properties":{"name":"Korah Training Area","country":"Canada","country_code":"CA","branch":"other","branch_label":"Other / unknown","type":"Military base","feature_code":"L.MILB","source_id":"geonames:5994030"},"geometry":{"type":"Point","coordinates":[-84.38606,46.56927]}},{"type":"Feature","properties":{"name":"Lac-Saint-Denis","country":"Canada","country_code":"CA","branch":"other","branch_label":"Other / unknown","type":"Military base","feature_code":"L.MILB","source_id":"geonames:6041150"},"geometry":{"type":"Point","coordinates":[-74.31172,45.93649]}},{"type":"Feature","properties":{"name":"Lethbridge Range","country":"Canada","country_code":"CA","branch":"other","branch_label":"Other / unknown","type":"Military base","feature_code":"L.MILB","source_id":"geonames:6053158"},"geometry":{"type":"Point","coordinates":[-112.85186,49.71669]}},{"type":"Feature","properties":{"name":"Mary Hill Training Area","country":"Canada","country_code":"CA","branch":"other","branch_label":"Other / unknown","type":"Military base","feature_code":"L.MILB","source_id":"geonames:6067365"},"geometry":{"type":"Point","coordinates":[-123.54765,48.34491]}},{"type":"Feature","properties":{"name":"Meaford Range and Training Area","country":"Canada","country_code":"CA","branch":"other","branch_label":"Other / unknown","type":"Military base","feature_code":"L.MILB","source_id":"geonames:6071501"},"geometry":{"type":"Point","coordinates":[-80.69911,44.67569]}},{"type":"Feature","properties":{"name":"Mill Hill Training Area","country":"Canada","country_code":"CA","branch":"other","branch_label":"Other / unknown","type":"Military base","feature_code":"L.MILB","source_id":"geonames:6074115"},"geometry":{"type":"Point","coordinates":[-65.29881,45.76686]}},{"type":"Feature","properties":{"name":"Moncton Range","country":"Canada","country_code":"CA","branch":"other","branch_label":"Other / unknown","type":"Military base","feature_code":"L.MILB","source_id":"geonames:6076213"},"geometry":{"type":"Point","coordinates":[-64.93207,46.06685]}},{"type":"Feature","properties":{"name":"Mount McKay Range","country":"Canada","country_code":"CA","branch":"other","branch_label":"Other / unknown","type":"Military base","feature_code":"L.MILB","source_id":"geonames:6081841"},"geometry":{"type":"Point","coordinates":[-89.28762,48.3495]}},{"type":"Feature","properties":{"name":"Mt. St. Bruno Range and Training Area","country":"Canada","country_code":"CA","branch":"other","branch_label":"Other / unknown","type":"Military base","feature_code":"L.MILB","source_id":"geonames:6083456"},"geometry":{"type":"Point","coordinates":[-73.30056,45.56198]}},{"type":"Feature","properties":{"name":"Nanaimo Range","country":"Canada","country_code":"CA","branch":"other","branch_label":"Other / unknown","type":"Military base","feature_code":"L.MILB","source_id":"geonames:6085776"},"geometry":{"type":"Point","coordinates":[-124.00192,49.14463]}},{"type":"Feature","properties":{"name":"Niagara-on-the-Lake Range and Training Area","country":"Canada","country_code":"CA","branch":"other","branch_label":"Other / unknown","type":"Military base","feature_code":"L.MILB","source_id":"geonames:6087906"},"geometry":{"type":"Point","coordinates":[-79.09537,43.25592]}},{"type":"Feature","properties":{"name":"Nicolet Range","country":"Canada","country_code":"CA","branch":"other","branch_label":"Other / unknown","type":"Military base","feature_code":"L.MILB","source_id":"geonames:6088138"},"geometry":{"type":"Point","coordinates":[-72.68472,46.19086]}},{"type":"Feature","properties":{"name":"Osborne Head Range","country":"Canada","country_code":"CA","branch":"other","branch_label":"Other / unknown","type":"Military base","feature_code":"L.MILB","source_id":"geonames:6094515"},"geometry":{"type":"Point","coordinates":[-63.42162,44.61206]}},{"type":"Feature","properties":{"name":"Oshawa Training Area","country":"Canada","country_code":"CA","branch":"other","branch_label":"Other / unknown","type":"Military base","feature_code":"L.MILB","source_id":"geonames:6094582"},"geometry":{"type":"Point","coordinates":[-78.89957,43.90012]}},{"type":"Feature","properties":{"name":"Pelly Island/Nipterk Base","country":"Canada","country_code":"CA","branch":"air","branch_label":"Air base","type":"Air base","feature_code":"S.AIRB","source_id":"geonames:6301413"},"geometry":{"type":"Point","coordinates":[-135.43842,69.63368]}},{"type":"Feature","properties":{"name":"Petawawa Range and Training Area","country":"Canada","country_code":"CA","branch":"other","branch_label":"Other / unknown","type":"Military base","feature_code":"L.MILB","source_id":"geonames:6101611"},"geometry":{"type":"Point","coordinates":[-77.41838,45.91402]}},{"type":"Feature","properties":{"name":"Prince Albert Range","country":"Canada","country_code":"CA","branch":"other","branch_label":"Other / unknown","type":"Military base","feature_code":"L.MILB","source_id":"geonames:6113341"},"geometry":{"type":"Point","coordinates":[-105.76741,53.23758]}},{"type":"Feature","properties":{"name":"Richmond Training Area","country":"Canada","country_code":"CA","branch":"other","branch_label":"Other / unknown","type":"Military base","feature_code":"L.MILB","source_id":"geonames:6122112"},"geometry":{"type":"Point","coordinates":[-75.73265,45.1834]}},{"type":"Feature","properties":{"name":"Rocky Point Training Area","country":"Canada","country_code":"CA","branch":"other","branch_label":"Other / unknown","type":"Military base","feature_code":"L.MILB","source_id":"geonames:6126814"},"geometry":{"type":"Point","coordinates":[-123.56901,48.32683]}},{"type":"Feature","properties":{"name":"Saanich Inlet Range","country":"Canada","country_code":"CA","branch":"other","branch_label":"Other / unknown","type":"Military base","feature_code":"L.MILB","source_id":"geonames:6136946"},"geometry":{"type":"Point","coordinates":[-123.50203,48.63884]}},{"type":"Feature","properties":{"name":"Salmon Arm Range","country":"Canada","country_code":"CA","branch":"other","branch_label":"Other / unknown","type":"Military base","feature_code":"L.MILB","source_id":"geonames:6139418"},"geometry":{"type":"Point","coordinates":[-119.25297,50.67261]}},{"type":"Feature","properties":{"name":"Shilo Range and Training Area","country":"Canada","country_code":"CA","branch":"other","branch_label":"Other / unknown","type":"Military base","feature_code":"L.MILB","source_id":"geonames:6146396"},"geometry":{"type":"Point","coordinates":[-99.47502,49.73193]}},{"type":"Feature","properties":{"name":"Snowshoe Lake Training Area","country":"Canada","country_code":"CA","branch":"other","branch_label":"Other / unknown","type":"Military base","feature_code":"L.MILB","source_id":"geonames:6150844"},"geometry":{"type":"Point","coordinates":[-95.1005,50.58333]}},{"type":"Feature","properties":{"name":"St. Charles Range","country":"Canada","country_code":"CA","branch":"other","branch_label":"Other / unknown","type":"Military base","feature_code":"L.MILB","source_id":"geonames:6155744"},"geometry":{"type":"Point","coordinates":[-97.33896,49.9175]}},{"type":"Feature","properties":{"name":"Station des Forces canadiennes Aldergrove","country":"Canada","country_code":"CA","branch":"other","branch_label":"Other / unknown","type":"Military base","feature_code":"L.MILB","source_id":"geonames:6155586"},"geometry":{"type":"Point","coordinates":[-122.48869,49.07887]}},{"type":"Feature","properties":{"name":"Station des Forces canadiennes Flin Flon","country":"Canada","country_code":"CA","branch":"other","branch_label":"Other / unknown","type":"Military base","feature_code":"L.MILB","source_id":"geonames:6155588"},"geometry":{"type":"Point","coordinates":[-101.97998,54.72373]}},{"type":"Feature","properties":{"name":"Station des Forces canadiennes Leitrim","country":"Canada","country_code":"CA","branch":"other","branch_label":"Other / unknown","type":"Military base","feature_code":"L.MILB","source_id":"geonames:6155589"},"geometry":{"type":"Point","coordinates":[-75.58684,45.3395]}},{"type":"Feature","properties":{"name":"Station des Forces canadiennes Masset","country":"Canada","country_code":"CA","branch":"other","branch_label":"Other / unknown","type":"Military base","feature_code":"L.MILB","source_id":"geonames:6155590"},"geometry":{"type":"Point","coordinates":[-132.05751,54.00942]}},{"type":"Feature","properties":{"name":"Station des Forces canadiennes St. John's","country":"Canada","country_code":"CA","branch":"other","branch_label":"Other / unknown","type":"Military base","feature_code":"L.MILB","source_id":"geonames:6155591"},"geometry":{"type":"Point","coordinates":[-52.68134,47.58319]}},{"type":"Feature","properties":{"name":"Sudbury Training Area","country":"Canada","country_code":"CA","branch":"other","branch_label":"Other / unknown","type":"Military base","feature_code":"L.MILB","source_id":"geonames:6158844"},"geometry":{"type":"Point","coordinates":[-80.93303,46.38338]}},{"type":"Feature","properties":{"name":"Suffield Training Area","country":"Canada","country_code":"CA","branch":"other","branch_label":"Other / unknown","type":"Military base","feature_code":"L.MILB","source_id":"geonames:6158871"},"geometry":{"type":"Point","coordinates":[-110.84058,50.45149]}},{"type":"Feature","properties":{"name":"Sussex Training Area","country":"Canada","country_code":"CA","branch":"other","branch_label":"Other / unknown","type":"Military base","feature_code":"L.MILB","source_id":"geonames:6159986"},"geometry":{"type":"Point","coordinates":[-65.49883,45.71686]}},{"type":"Feature","properties":{"name":"Sydney Range","country":"Canada","country_code":"CA","branch":"other","branch_label":"Other / unknown","type":"Military base","feature_code":"L.MILB","source_id":"geonames:6160770"},"geometry":{"type":"Point","coordinates":[-60.14845,46.11684]}},{"type":"Feature","properties":{"name":"Vernon Range and Training Area","country":"Canada","country_code":"CA","branch":"other","branch_label":"Other / unknown","type":"Military base","feature_code":"L.MILB","source_id":"geonames:6173881"},"geometry":{"type":"Point","coordinates":[-119.29706,50.23022]}},{"type":"Feature","properties":{"name":"Wainwright Regional Training Area","country":"Canada","country_code":"CA","branch":"other","branch_label":"Other / unknown","type":"Military base","feature_code":"L.MILB","source_id":"geonames:6175064"},"geometry":{"type":"Point","coordinates":[-110.88224,52.74344]}},{"type":"Feature","properties":{"name":"Wellington Barracks (historical)","country":"Canada","country_code":"CA","branch":"army","branch_label":"Army base","type":"Barracks","feature_code":"S.BRKS","source_id":"geonames:11820220"},"geometry":{"type":"Point","coordinates":[-63.59412,44.66162]}},{"type":"Feature","properties":{"name":"Winona Range","country":"Canada","country_code":"CA","branch":"other","branch_label":"Other / unknown","type":"Military base","feature_code":"L.MILB","source_id":"geonames:6183253"},"geometry":{"type":"Point","coordinates":[-79.61681,43.21821]}},{"type":"Feature","properties":{"name":"Los Cóndores Air Base","country":"Chile","country_code":"CL","branch":"air","branch_label":"Air base","type":"Air base","feature_code":"S.AIRB","source_id":"geonames:8629688"},"geometry":{"type":"Point","coordinates":[-70.17603,-20.5231]}},{"type":"Feature","properties":{"name":"Baishiyi","country":"China","country_code":"CN","branch":"air","branch_label":"Air base","type":"Air base","feature_code":"S.AIRB","source_id":"geonames:11493968"},"geometry":{"type":"Point","coordinates":[106.35901,29.49586]}},{"type":"Feature","properties":{"name":"Beijing Tongxian","country":"China","country_code":"CN","branch":"air","branch_label":"Air base","type":"Air base","feature_code":"S.AIRB","source_id":"geonames:11493961"},"geometry":{"type":"Point","coordinates":[116.70786,39.81148]}},{"type":"Feature","properties":{"name":"Beijing Xijiao","country":"China","country_code":"CN","branch":"air","branch_label":"Air base","type":"Air base","feature_code":"S.AIRB","source_id":"geonames:11493960"},"geometry":{"type":"Point","coordinates":[116.2568,39.95874]}},{"type":"Feature","properties":{"name":"Bikeqi","country":"China","country_code":"CN","branch":"air","branch_label":"Air base","type":"Air base","feature_code":"S.AIRB","source_id":"geonames:11493958"},"geometry":{"type":"Point","coordinates":[111.22981,40.73697]}},{"type":"Feature","properties":{"name":"Cangzhou","country":"China","country_code":"CN","branch":"air","branch_label":"Air base","type":"Air base","feature_code":"S.AIRB","source_id":"geonames:11493951"},"geometry":{"type":"Point","coordinates":[116.93107,38.40315]}},{"type":"Feature","properties":{"name":"Changchun Datun","country":"China","country_code":"CN","branch":"air","branch_label":"Air base","type":"Air base","feature_code":"S.AIRB","source_id":"geonames:11493949"},"geometry":{"type":"Point","coordinates":[125.25399,43.73457]}},{"type":"Feature","properties":{"name":"Changsha Datuopu Air Force Base","country":"China","country_code":"CN","branch":"air","branch_label":"Air base","type":"Air base","feature_code":"S.AIRB","source_id":"geonames:6301358"},"geometry":{"type":"Point","coordinates":[112.95799,28.06653]}},{"type":"Feature","properties":{"name":"Changxing","country":"China","country_code":"CN","branch":"air","branch_label":"Air base","type":"Air base","feature_code":"S.AIRB","source_id":"geonames:11493942"},"geometry":{"type":"Point","coordinates":[119.72978,30.96839]}},{"type":"Feature","properties":{"name":"Chengdu Taipingsi","country":"China","country_code":"CN","branch":"air","branch_label":"Air base","type":"Air base","feature_code":"S.AIRB","source_id":"geonames:11493938"},"geometry":{"type":"Point","coordinates":[104.01412,30.60186]}},{"type":"Feature","properties":{"name":"Chengdu Wenjian","country":"China","country_code":"CN","branch":"air","branch_label":"Air base","type":"Air base","feature_code":"S.AIRB","source_id":"geonames:11493937"},"geometry":{"type":"Point","coordinates":[103.94971,30.7033]}},{"type":"Feature","properties":{"name":"Dalian Sanshilipu","country":"China","country_code":"CN","branch":"air","branch_label":"Air base","type":"Air base","feature_code":"S.AIRB","source_id":"geonames:11493922"},"geometry":{"type":"Point","coordinates":[121.76206,39.2896]}},{"type":"Feature","properties":{"name":"Dalian Tuchengzi","country":"China","country_code":"CN","branch":"air","branch_label":"Air base","type":"Air base","feature_code":"S.AIRB","source_id":"geonames:11493921"},"geometry":{"type":"Point","coordinates":[121.23662,38.91525]}},{"type":"Feature","properties":{"name":"Dangyang","country":"China","country_code":"CN","branch":"air","branch_label":"Air base","type":"Air base","feature_code":"S.AIRB","source_id":"geonames:11493918"},"geometry":{"type":"Point","coordinates":[111.8111,30.79859]}},{"type":"Feature","properties":{"name":"Datong Qingshuihe","country":"China","country_code":"CN","branch":"air","branch_label":"Air base","type":"Air base","feature_code":"S.AIRB","source_id":"geonames:11493916"},"geometry":{"type":"Point","coordinates":[113.14465,39.71757]}},{"type":"Feature","properties":{"name":"Dingxin","country":"China","country_code":"CN","branch":"air","branch_label":"Air base","type":"Air base","feature_code":"S.AIRB","source_id":"geonames:11493913"},"geometry":{"type":"Point","coordinates":[99.78934,40.40165]}},{"type":"Feature","properties":{"name":"Donglinquan","country":"China","country_code":"CN","branch":"air","branch_label":"Air base","type":"Air base","feature_code":"S.AIRB","source_id":"geonames:11493909"},"geometry":{"type":"Point","coordinates":[115.28808,39.14973]}},{"type":"Feature","properties":{"name":"Feidong","country":"China","country_code":"CN","branch":"air","branch_label":"Air base","type":"Air base","feature_code":"S.AIRB","source_id":"geonames:11493904"},"geometry":{"type":"Point","coordinates":[117.65821,31.90988]}},{"type":"Feature","properties":{"name":"Fuxin Flight School","country":"China","country_code":"CN","branch":"air","branch_label":"Air base","type":"Air base","feature_code":"S.AIRB","source_id":"geonames:11493899"},"geometry":{"type":"Point","coordinates":[121.71882,42.06852]}},{"type":"Feature","properties":{"name":"Fuzhou Air Base","country":"China","country_code":"CN","branch":"air","branch_label":"Air base","type":"Air base","feature_code":"S.AIRB","source_id":"geonames:11749371"},"geometry":{"type":"Point","coordinates":[119.30826,26.00326]}},{"type":"Feature","properties":{"name":"Gaomi","country":"China","country_code":"CN","branch":"air","branch_label":"Air base","type":"Air base","feature_code":"S.AIRB","source_id":"geonames:11493894"},"geometry":{"type":"Point","coordinates":[119.71179,36.38754]}},{"type":"Feature","properties":{"name":"Gucheng","country":"China","country_code":"CN","branch":"air","branch_label":"Air base","type":"Air base","feature_code":"S.AIRB","source_id":"geonames:11493890"},"geometry":{"type":"Point","coordinates":[116.11677,37.49117]}},{"type":"Feature","properties":{"name":"Guiping Mengxu","country":"China","country_code":"CN","branch":"air","branch_label":"Air base","type":"Air base","feature_code":"S.AIRB","source_id":"geonames:11493889"},"geometry":{"type":"Point","coordinates":[110.00935,23.32998]}},{"type":"Feature","properties":{"name":"Guozhuang","country":"China","country_code":"CN","branch":"air","branch_label":"Air base","type":"Air base","feature_code":"S.AIRB","source_id":"geonames:11493886"},"geometry":{"type":"Point","coordinates":[117.6256,36.00055]}},{"type":"Feature","properties":{"name":"Harbin Shuangyushu","country":"China","country_code":"CN","branch":"air","branch_label":"Air base","type":"Air base","feature_code":"S.AIRB","source_id":"geonames:11493883"},"geometry":{"type":"Point","coordinates":[126.6999,45.66407]}},{"type":"Feature","properties":{"name":"Harbin Wanggang","country":"China","country_code":"CN","branch":"air","branch_label":"Air base","type":"Air base","feature_code":"S.AIRB","source_id":"geonames:11493882"},"geometry":{"type":"Point","coordinates":[126.52208,45.67163]}},{"type":"Feature","properties":{"name":"Huian","country":"China","country_code":"CN","branch":"air","branch_label":"Air base","type":"Air base","feature_code":"S.AIRB","source_id":"geonames:11493869"},"geometry":{"type":"Point","coordinates":[118.8072,25.02636]}},{"type":"Feature","properties":{"name":"Jialaishi","country":"China","country_code":"CN","branch":"air","branch_label":"Air base","type":"Air base","feature_code":"S.AIRB","source_id":"geonames:11493867"},"geometry":{"type":"Point","coordinates":[109.72642,19.69824]}},{"type":"Feature","properties":{"name":"Jianqiao","country":"China","country_code":"CN","branch":"air","branch_label":"Air base","type":"Air base","feature_code":"S.AIRB","source_id":"geonames:11493864"},"geometry":{"type":"Point","coordinates":[120.23991,30.33339]}},{"type":"Feature","properties":{"name":"Jiaozhou","country":"China","country_code":"CN","branch":"air","branch_label":"Air base","type":"Air base","feature_code":"S.AIRB","source_id":"geonames:11493862"},"geometry":{"type":"Point","coordinates":[120.02543,36.33123]}},{"type":"Feature","properties":{"name":"Jinghai","country":"China","country_code":"CN","branch":"air","branch_label":"Air base","type":"Air base","feature_code":"S.AIRB","source_id":"geonames:11493859"},"geometry":{"type":"Point","coordinates":[117.06889,38.78226]}},{"type":"Feature","properties":{"name":"Jinzhou North","country":"China","country_code":"CN","branch":"air","branch_label":"Air base","type":"Air base","feature_code":"S.AIRB","source_id":"geonames:11493855"},"geometry":{"type":"Point","coordinates":[121.16666,41.18679]}},{"type":"Feature","properties":{"name":"Kaifeng Air Base","country":"China","country_code":"CN","branch":"air","branch_label":"Air base","type":"Air base","feature_code":"S.AIRB","source_id":"geonames:8679920"},"geometry":{"type":"Point","coordinates":[114.33901,34.75346]}},{"type":"Feature","properties":{"name":"Kaiyuan","country":"China","country_code":"CN","branch":"air","branch_label":"Air base","type":"Air base","feature_code":"S.AIRB","source_id":"geonames:11493852"},"geometry":{"type":"Point","coordinates":[123.98493,42.52634]}},{"type":"Feature","properties":{"name":"Laiyang","country":"China","country_code":"CN","branch":"air","branch_label":"Air base","type":"Air base","feature_code":"S.AIRB","source_id":"geonames:11493845"},"geometry":{"type":"Point","coordinates":[120.58947,36.96291]}},{"type":"Feature","properties":{"name":"Lalin","country":"China","country_code":"CN","branch":"air","branch_label":"Air base","type":"Air base","feature_code":"S.AIRB","source_id":"geonames:11493844"},"geometry":{"type":"Point","coordinates":[126.89348,45.25974]}},{"type":"Feature","properties":{"name":"Ledong","country":"China","country_code":"CN","branch":"air","branch_label":"Air base","type":"Air base","feature_code":"S.AIRB","source_id":"geonames:11493843"},"geometry":{"type":"Point","coordinates":[109.15958,18.69069]}},{"type":"Feature","properties":{"name":"Leiyang","country":"China","country_code":"CN","branch":"air","branch_label":"Air base","type":"Air base","feature_code":"S.AIRB","source_id":"geonames:11493842"},"geometry":{"type":"Point","coordinates":[112.89284,26.5868]}},{"type":"Feature","properties":{"name":"Liancheng Strip","country":"China","country_code":"CN","branch":"air","branch_label":"Air base","type":"Air base","feature_code":"S.AIRB","source_id":"geonames:11493839"},"geometry":{"type":"Point","coordinates":[116.76177,25.64393]}},{"type":"Feature","properties":{"name":"Liangxiang","country":"China","country_code":"CN","branch":"air","branch_label":"Air base","type":"Air base","feature_code":"S.AIRB","source_id":"geonames:11493838"},"geometry":{"type":"Point","coordinates":[116.1249,39.75776]}},{"type":"Feature","properties":{"name":"Linfen","country":"China","country_code":"CN","branch":"air","branch_label":"Air base","type":"Air base","feature_code":"S.AIRB","source_id":"geonames:11493836"},"geometry":{"type":"Point","coordinates":[111.4923,36.04205]}},{"type":"Feature","properties":{"name":"Lingqiu","country":"China","country_code":"CN","branch":"air","branch_label":"Air base","type":"Air base","feature_code":"S.AIRB","source_id":"geonames:11493835"},"geometry":{"type":"Point","coordinates":[114.16368,39.40581]}},{"type":"Feature","properties":{"name":"Longtian","country":"China","country_code":"CN","branch":"air","branch_label":"Air base","type":"Air base","feature_code":"S.AIRB","source_id":"geonames:11493829"},"geometry":{"type":"Point","coordinates":[119.46143,25.57267]}},{"type":"Feature","properties":{"name":"Luliang Air Base","country":"China","country_code":"CN","branch":"air","branch_label":"Air base","type":"Air base","feature_code":"S.AIRB","source_id":"geonames:8593873"},"geometry":{"type":"Point","coordinates":[103.64227,24.98847]}},{"type":"Feature","properties":{"name":"Malan","country":"China","country_code":"CN","branch":"air","branch_label":"Air base","type":"Air base","feature_code":"S.AIRB","source_id":"geonames:11493821"},"geometry":{"type":"Point","coordinates":[87.18649,42.18071]}},{"type":"Feature","properties":{"name":"Mengzi West","country":"China","country_code":"CN","branch":"air","branch_label":"Air base","type":"Air base","feature_code":"S.AIRB","source_id":"geonames:11493817"},"geometry":{"type":"Point","coordinates":[103.33438,23.39444]}},{"type":"Feature","properties":{"name":"Mugelolu","country":"China","country_code":"CN","branch":"air","branch_label":"Air base","type":"Air base","feature_code":"S.AIRB","source_id":"geonames:11493811"},"geometry":{"type":"Point","coordinates":[112.64827,42.35096]}},{"type":"Feature","properties":{"name":"Nanchang","country":"China","country_code":"CN","branch":"air","branch_label":"Air base","type":"Air base","feature_code":"S.AIRB","source_id":"geonames:11493810"},"geometry":{"type":"Point","coordinates":[115.92997,28.63546]}},{"type":"Feature","properties":{"name":"Nanchang Xiangtang","country":"China","country_code":"CN","branch":"air","branch_label":"Air base","type":"Air base","feature_code":"S.AIRB","source_id":"geonames:11493809"},"geometry":{"type":"Point","coordinates":[115.92343,28.4216]}},{"type":"Feature","properties":{"name":"Nanjing Dajiaochang Airport","country":"China","country_code":"CN","branch":"air","branch_label":"Air base","type":"Air base","feature_code":"S.AIRB","source_id":"geonames:8630187"},"geometry":{"type":"Point","coordinates":[118.81607,32.00102]}},{"type":"Feature","properties":{"name":"Neixiang","country":"China","country_code":"CN","branch":"air","branch_label":"Air base","type":"Air base","feature_code":"S.AIRB","source_id":"geonames:11493805"},"geometry":{"type":"Point","coordinates":[111.88533,32.97246]}},{"type":"Feature","properties":{"name":"Ningbo Zhangqiao","country":"China","country_code":"CN","branch":"air","branch_label":"Air base","type":"Air base","feature_code":"S.AIRB","source_id":"geonames:11493802"},"geometry":{"type":"Point","coordinates":[121.57398,29.92392]}},{"type":"Feature","properties":{"name":"Pingquan","country":"China","country_code":"CN","branch":"air","branch_label":"Air base","type":"Air base","feature_code":"S.AIRB","source_id":"geonames:11493793"},"geometry":{"type":"Point","coordinates":[118.67774,40.90044]}},{"type":"Feature","properties":{"name":"Pulandian","country":"China","country_code":"CN","branch":"air","branch_label":"Air base","type":"Air base","feature_code":"S.AIRB","source_id":"geonames:11493789"},"geometry":{"type":"Point","coordinates":[122.01823,39.45061]}},{"type":"Feature","properties":{"name":"Qifengling","country":"China","country_code":"CN","branch":"air","branch_label":"Air base","type":"Air base","feature_code":"S.AIRB","source_id":"geonames:11493787"},"geometry":{"type":"Point","coordinates":[110.32041,25.19379]}},{"type":"Feature","properties":{"name":"Ranghezhen","country":"China","country_code":"CN","branch":"air","branch_label":"Air base","type":"Air base","feature_code":"S.AIRB","source_id":"geonames:11493780"},"geometry":{"type":"Point","coordinates":[112.89054,33.68545]}},{"type":"Feature","properties":{"name":"Shahezhen","country":"China","country_code":"CN","branch":"air","branch_label":"Air base","type":"Air base","feature_code":"S.AIRB","source_id":"geonames:11493771"},"geometry":{"type":"Point","coordinates":[116.32336,40.14946]}},{"type":"Feature","properties":{"name":"Shahousuo","country":"China","country_code":"CN","branch":"air","branch_label":"Air base","type":"Air base","feature_code":"S.AIRB","source_id":"geonames:11493769"},"geometry":{"type":"Point","coordinates":[120.65757,40.50205]}},{"type":"Feature","properties":{"name":"Shanghai Dachang","country":"China","country_code":"CN","branch":"air","branch_label":"Air base","type":"Air base","feature_code":"S.AIRB","source_id":"geonames:11493767"},"geometry":{"type":"Point","coordinates":[121.40941,31.32449]}},{"type":"Feature","properties":{"name":"Shantou Waisha Air Base","country":"China","country_code":"CN","branch":"air","branch_label":"Air base","type":"Air base","feature_code":"S.AIRB","source_id":"geonames:8533073"},"geometry":{"type":"Point","coordinates":[116.76244,23.42742]}},{"type":"Feature","properties":{"name":"Shenyang Yu Hong Tun","country":"China","country_code":"CN","branch":"air","branch_label":"Air base","type":"Air base","feature_code":"S.AIRB","source_id":"geonames:11493757"},"geometry":{"type":"Point","coordinates":[123.29769,41.82352]}},{"type":"Feature","properties":{"name":"Shijiazhuang","country":"China","country_code":"CN","branch":"air","branch_label":"Air base","type":"Air base","feature_code":"S.AIRB","source_id":"geonames:11493754"},"geometry":{"type":"Point","coordinates":[114.41787,38.08246]}},{"type":"Feature","properties":{"name":"Shuangcheng","country":"China","country_code":"CN","branch":"air","branch_label":"Air base","type":"Air base","feature_code":"S.AIRB","source_id":"geonames:11493752"},"geometry":{"type":"Point","coordinates":[126.32067,45.40686]}},{"type":"Feature","properties":{"name":"Suixi","country":"China","country_code":"CN","branch":"air","branch_label":"Air base","type":"Air base","feature_code":"S.AIRB","source_id":"geonames:11493744"},"geometry":{"type":"Point","coordinates":[110.19932,21.39627]}},{"type":"Feature","properties":{"name":"Suizhong","country":"China","country_code":"CN","branch":"air","branch_label":"Air base","type":"Air base","feature_code":"S.AIRB","source_id":"geonames:11493742"},"geometry":{"type":"Point","coordinates":[120.36134,40.29934]}},{"type":"Feature","properties":{"name":"Wafangdian","country":"China","country_code":"CN","branch":"air","branch_label":"Air base","type":"Air base","feature_code":"S.AIRB","source_id":"geonames:11493728"},"geometry":{"type":"Point","coordinates":[121.7661,39.66995]}},{"type":"Feature","properties":{"name":"Wugong","country":"China","country_code":"CN","branch":"air","branch_label":"Air base","type":"Air base","feature_code":"S.AIRB","source_id":"geonames:11493720"},"geometry":{"type":"Point","coordinates":[108.26591,34.27593]}},{"type":"Feature","properties":{"name":"Wulumuqi Aweitan","country":"China","country_code":"CN","branch":"air","branch_label":"Air base","type":"Air base","feature_code":"S.AIRB","source_id":"geonames:11493716"},"geometry":{"type":"Point","coordinates":[87.07928,43.95122]}},{"type":"Feature","properties":{"name":"Wulumuqi South","country":"China","country_code":"CN","branch":"air","branch_label":"Air base","type":"Air base","feature_code":"S.AIRB","source_id":"geonames:11493714"},"geometry":{"type":"Point","coordinates":[87.53123,43.46653]}},{"type":"Feature","properties":{"name":"Wumaojie","country":"China","country_code":"CN","branch":"air","branch_label":"Air base","type":"Air base","feature_code":"S.AIRB","source_id":"geonames:11493712"},"geometry":{"type":"Point","coordinates":[108.99794,40.61434]}},{"type":"Feature","properties":{"name":"Wuwei","country":"China","country_code":"CN","branch":"air","branch_label":"Air base","type":"Air base","feature_code":"S.AIRB","source_id":"geonames:11493710"},"geometry":{"type":"Point","coordinates":[102.5664,37.98994]}},{"type":"Feature","properties":{"name":"Xiaheqing","country":"China","country_code":"CN","branch":"air","branch_label":"Air base","type":"Air base","feature_code":"S.AIRB","source_id":"geonames:11493706"},"geometry":{"type":"Point","coordinates":[98.88418,39.55415]}},{"type":"Feature","properties":{"name":"Xian Huxian","country":"China","country_code":"CN","branch":"air","branch_label":"Air base","type":"Air base","feature_code":"S.AIRB","source_id":"geonames:11493705"},"geometry":{"type":"Point","coordinates":[108.59973,34.15305]}},{"type":"Feature","properties":{"name":"Xian Yanliang","country":"China","country_code":"CN","branch":"air","branch_label":"Air base","type":"Air base","feature_code":"S.AIRB","source_id":"geonames:11493704"},"geometry":{"type":"Point","coordinates":[109.24136,34.64298]}},{"type":"Feature","properties":{"name":"Xiaogan Airbase","country":"China","country_code":"CN","branch":"air","branch_label":"Air base","type":"Air base","feature_code":"S.AIRB","source_id":"geonames:11493701"},"geometry":{"type":"Point","coordinates":[113.912,30.95391]}},{"type":"Feature","properties":{"name":"Xiapu","country":"China","country_code":"CN","branch":"air","branch_label":"Air base","type":"Air base","feature_code":"S.AIRB","source_id":"geonames:11493699"},"geometry":{"type":"Point","coordinates":[120.07738,26.9416]}},{"type":"Feature","properties":{"name":"Xingcheng","country":"China","country_code":"CN","branch":"air","branch_label":"Air base","type":"Air base","feature_code":"S.AIRB","source_id":"geonames:11493697"},"geometry":{"type":"Point","coordinates":[120.7,40.58004]}},{"type":"Feature","properties":{"name":"Xingning Airport","country":"China","country_code":"CN","branch":"air","branch_label":"Air base","type":"Air base","feature_code":"S.AIRB","source_id":"geonames:7731636"},"geometry":{"type":"Point","coordinates":[115.758,24.1492]}},{"type":"Feature","properties":{"name":"Xuchang West","country":"China","country_code":"CN","branch":"air","branch_label":"Air base","type":"Air base","feature_code":"S.AIRB","source_id":"geonames:11493692"},"geometry":{"type":"Point","coordinates":[113.69862,34.02598]}},{"type":"Feature","properties":{"name":"Xuzhou Daguozhang","country":"China","country_code":"CN","branch":"air","branch_label":"Air base","type":"Air base","feature_code":"S.AIRB","source_id":"geonames:11493690"},"geometry":{"type":"Point","coordinates":[117.24571,34.22937]}},{"type":"Feature","properties":{"name":"Yancheng","country":"China","country_code":"CN","branch":"air","branch_label":"Air base","type":"Air base","feature_code":"S.AIRB","source_id":"geonames:11493688"},"geometry":{"type":"Point","coordinates":[116.63986,36.76829]}},{"type":"Feature","properties":{"name":"Yangcun","country":"China","country_code":"CN","branch":"air","branch_label":"Air base","type":"Air base","feature_code":"S.AIRB","source_id":"geonames:11493685"},"geometry":{"type":"Point","coordinates":[117.09283,39.37438]}},{"type":"Feature","properties":{"name":"Yangluo","country":"China","country_code":"CN","branch":"air","branch_label":"Air base","type":"Air base","feature_code":"S.AIRB","source_id":"geonames:11493683"},"geometry":{"type":"Point","coordinates":[114.63143,30.67426]}},{"type":"Feature","properties":{"name":"Yinchuan Helanshan Airport","country":"China","country_code":"CN","branch":"air","branch_label":"Air base","type":"Air base","feature_code":"S.AIRB","source_id":"geonames:11493676"},"geometry":{"type":"Point","coordinates":[106.00897,38.48262]}},{"type":"Feature","properties":{"name":"Yingshan North","country":"China","country_code":"CN","branch":"air","branch_label":"Air base","type":"Air base","feature_code":"S.AIRB","source_id":"geonames:11493674"},"geometry":{"type":"Point","coordinates":[113.81767,31.66257]}},{"type":"Feature","properties":{"name":"Yongji","country":"China","country_code":"CN","branch":"air","branch_label":"Air base","type":"Air base","feature_code":"S.AIRB","source_id":"geonames:11493672"},"geometry":{"type":"Point","coordinates":[110.361,34.8722]}},{"type":"Feature","properties":{"name":"Yongning","country":"China","country_code":"CN","branch":"air","branch_label":"Air base","type":"Air base","feature_code":"S.AIRB","source_id":"geonames:11493671"},"geometry":{"type":"Point","coordinates":[116.10764,40.50278]}},{"type":"Feature","properties":{"name":"Zhangshu","country":"China","country_code":"CN","branch":"air","branch_label":"Air base","type":"Air base","feature_code":"S.AIRB","source_id":"geonames:11493661"},"geometry":{"type":"Point","coordinates":[115.54971,28.02345]}},{"type":"Feature","properties":{"name":"Zhangzhou","country":"China","country_code":"CN","branch":"air","branch_label":"Air base","type":"Air base","feature_code":"S.AIRB","source_id":"geonames:11493660"},"geometry":{"type":"Point","coordinates":[117.65469,24.5617]}},{"type":"Feature","properties":{"name":"Zhengjiatun","country":"China","country_code":"CN","branch":"air","branch_label":"Air base","type":"Air base","feature_code":"S.AIRB","source_id":"geonames:11493652"},"geometry":{"type":"Point","coordinates":[123.57919,43.58757]}},{"type":"Feature","properties":{"name":"Zhengzhou Northeast","country":"China","country_code":"CN","branch":"air","branch_label":"Air base","type":"Air base","feature_code":"S.AIRB","source_id":"geonames:11493651"},"geometry":{"type":"Point","coordinates":[113.73002,34.86296]}},{"type":"Feature","properties":{"name":"Zhucheng","country":"China","country_code":"CN","branch":"air","branch_label":"Air base","type":"Air base","feature_code":"S.AIRB","source_id":"geonames:11493488"},"geometry":{"type":"Point","coordinates":[119.43785,36.02829]}},{"type":"Feature","properties":{"name":"Zhuoxian","country":"China","country_code":"CN","branch":"air","branch_label":"Air base","type":"Air base","feature_code":"S.AIRB","source_id":"geonames:11493486"},"geometry":{"type":"Point","coordinates":[116.00065,39.45668]}},{"type":"Feature","properties":{"name":"Zhurihe","country":"China","country_code":"CN","branch":"air","branch_label":"Air base","type":"Air base","feature_code":"S.AIRB","source_id":"geonames:11493485"},"geometry":{"type":"Point","coordinates":[112.75559,42.21828]}},{"type":"Feature","properties":{"name":"Zunhua Dongxinzhuan","country":"China","country_code":"CN","branch":"air","branch_label":"Air base","type":"Air base","feature_code":"S.AIRB","source_id":"geonames:11493483"},"geometry":{"type":"Point","coordinates":[117.88527,40.10176]}},{"type":"Feature","properties":{"name":"Aeródromo Asta","country":"Colombia","country_code":"CO","branch":"air","branch_label":"Air base","type":"Air base","feature_code":"S.AIRB","source_id":"geonames:3739342"},"geometry":{"type":"Point","coordinates":[-74.9575,3.85417]}},{"type":"Feature","properties":{"name":"Aeródromo Las Magaritas","country":"Colombia","country_code":"CO","branch":"air","branch_label":"Air base","type":"Air base","feature_code":"S.AIRB","source_id":"geonames:3739337"},"geometry":{"type":"Point","coordinates":[-74.98167,3.82861]}},{"type":"Feature","properties":{"name":"Melgar Air Base","country":"Colombia","country_code":"CO","branch":"air","branch_label":"Air base","type":"Air base","feature_code":"S.AIRB","source_id":"geonames:8572195"},"geometry":{"type":"Point","coordinates":[-74.63538,4.21687]}},{"type":"Feature","properties":{"name":"Tolemaida Air Base","country":"Colombia","country_code":"CO","branch":"air","branch_label":"Air base","type":"Air base","feature_code":"S.AIRB","source_id":"geonames:8531895"},"geometry":{"type":"Point","coordinates":[-74.64935,4.24627]}},{"type":"Feature","properties":{"name":"San Julián Air Base","country":"Cuba","country_code":"CU","branch":"air","branch_label":"Air base","type":"Air base","feature_code":"S.AIRB","source_id":"geonames:3539255"},"geometry":{"type":"Point","coordinates":[-84.15708,22.09999]}},{"type":"Feature","properties":{"name":"Pinarbashi","country":"Cyprus","country_code":"CY","branch":"air","branch_label":"Air base","type":"Air base","feature_code":"S.AIRB","source_id":"geonames:414433"},"geometry":{"type":"Point","coordinates":[33.26851,35.27381]}},{"type":"Feature","properties":{"name":"Caslav","country":"Czechia","country_code":"CZ","branch":"air","branch_label":"Air base","type":"Air base","feature_code":"S.AIRB","source_id":"geonames:11710993"},"geometry":{"type":"Point","coordinates":[15.38193,49.93958]}},{"type":"Feature","properties":{"name":"Namest","country":"Czechia","country_code":"CZ","branch":"air","branch_label":"Air base","type":"Air base","feature_code":"S.AIRB","source_id":"geonames:11711376"},"geometry":{"type":"Point","coordinates":[16.12441,49.16622]}},{"type":"Feature","properties":{"name":"Aalborg Air Base","country":"Denmark","country_code":"DK","branch":"air","branch_label":"Air base","type":"Air base","feature_code":"S.AIRB","source_id":"geonames:9036365"},"geometry":{"type":"Point","coordinates":[9.87027,57.0957]}},{"type":"Feature","properties":{"name":"Avno Danish Air Force Base","country":"Denmark","country_code":"DK","branch":"air","branch_label":"Air base","type":"Air base","feature_code":"S.AIRB","source_id":"geonames:6296702"},"geometry":{"type":"Point","coordinates":[11.78333,55.08333]}},{"type":"Feature","properties":{"name":"San Isidro Air Base","country":"Dominican Republic","country_code":"DO","branch":"air","branch_label":"Air base","type":"Air base","feature_code":"S.AIRB","source_id":"geonames:6301803"},"geometry":{"type":"Point","coordinates":[-69.76171,18.50371]}},{"type":"Feature","properties":{"name":"Base Naval","country":"Ecuador","country_code":"EC","branch":"naval","branch_label":"Naval base","type":"Naval base","feature_code":"L.NVB","source_id":"geonames:12543657"},"geometry":{"type":"Point","coordinates":[-79.87801,-2.15859]}},{"type":"Feature","properties":{"name":"Taura","country":"Ecuador","country_code":"EC","branch":"air","branch_label":"Air base","type":"Air base","feature_code":"S.AIRB","source_id":"geonames:11674335"},"geometry":{"type":"Point","coordinates":[-79.68037,-2.26095]}},{"type":"Feature","properties":{"name":"Abu Suwayr Air Base","country":"Egypt","country_code":"EG","branch":"air","branch_label":"Air base","type":"Air base","feature_code":"S.AIRB","source_id":"geonames:11749387"},"geometry":{"type":"Point","coordinates":[32.09965,30.56581]}},{"type":"Feature","properties":{"name":"Al Farafirah Helipad","country":"Egypt","country_code":"EG","branch":"air","branch_label":"Air base","type":"Air base","feature_code":"S.AIRB","source_id":"geonames:12164541"},"geometry":{"type":"Point","coordinates":[27.99174,27.05629]}},{"type":"Feature","properties":{"name":"Al Mansurah","country":"Egypt","country_code":"EG","branch":"air","branch_label":"Air base","type":"Air base","feature_code":"S.AIRB","source_id":"geonames:12164542"},"geometry":{"type":"Point","coordinates":[31.43405,30.96713]}},{"type":"Feature","properties":{"name":"Al Mu‘addīyah","country":"Egypt","country_code":"EG","branch":"naval","branch_label":"Naval base","type":"Coast guard station","feature_code":"S.STNC","source_id":"geonames:360674"},"geometry":{"type":"Point","coordinates":[30.16667,31.26667]}},{"type":"Feature","properties":{"name":"Almaza Air Force Base","country":"Egypt","country_code":"EG","branch":"air","branch_label":"Air base","type":"Air base","feature_code":"S.AIRB","source_id":"geonames:11749391"},"geometry":{"type":"Point","coordinates":[31.36086,30.09383]}},{"type":"Feature","properties":{"name":"As Sallum Heliport South Southeast","country":"Egypt","country_code":"EG","branch":"air","branch_label":"Air base","type":"Air base","feature_code":"S.AIRB","source_id":"geonames:12164544"},"geometry":{"type":"Point","coordinates":[25.17974,31.5262]}},{"type":"Feature","properties":{"name":"Az Zaqaziq","country":"Egypt","country_code":"EG","branch":"air","branch_label":"Air base","type":"Air base","feature_code":"S.AIRB","source_id":"geonames:12164546"},"geometry":{"type":"Point","coordinates":[31.66509,30.59477]}},{"type":"Feature","properties":{"name":"Beni Suef Air Base","country":"Egypt","country_code":"EG","branch":"air","branch_label":"Air base","type":"Air base","feature_code":"S.AIRB","source_id":"geonames:11749392"},"geometry":{"type":"Point","coordinates":[31.01303,29.18649]}},{"type":"Feature","properties":{"name":"Bilbeis Air Base","country":"Egypt","country_code":"EG","branch":"air","branch_label":"Air base","type":"Air base","feature_code":"S.AIRB","source_id":"geonames:11749390"},"geometry":{"type":"Point","coordinates":[31.59805,30.40323]}},{"type":"Feature","properties":{"name":"Birma Air Base","country":"Egypt","country_code":"EG","branch":"air","branch_label":"Air base","type":"Air base","feature_code":"S.AIRB","source_id":"geonames:11749385"},"geometry":{"type":"Point","coordinates":[30.93209,30.84078]}},{"type":"Feature","properties":{"name":"Cairo Northwest Heliport","country":"Egypt","country_code":"EG","branch":"air","branch_label":"Air base","type":"Air base","feature_code":"S.AIRB","source_id":"geonames:12164551"},"geometry":{"type":"Point","coordinates":[30.87319,30.31155]}},{"type":"Feature","properties":{"name":"Cairo West Air Base","country":"Egypt","country_code":"EG","branch":"air","branch_label":"Air base","type":"Air base","feature_code":"S.AIRB","source_id":"geonames:7730090"},"geometry":{"type":"Point","coordinates":[30.9154,30.1164]}},{"type":"Feature","properties":{"name":"Coast Guard Station (historical)","country":"Egypt","country_code":"EG","branch":"naval","branch_label":"Naval base","type":"Coast guard station","feature_code":"S.STNC","source_id":"geonames:12129150"},"geometry":{"type":"Point","coordinates":[27.247,31.36617]}},{"type":"Feature","properties":{"name":"Daraw","country":"Egypt","country_code":"EG","branch":"air","branch_label":"Air base","type":"Air base","feature_code":"S.AIRB","source_id":"geonames:12164553"},"geometry":{"type":"Point","coordinates":[32.95487,24.41549]}},{"type":"Feature","properties":{"name":"Deversoir Station","country":"Egypt","country_code":"EG","branch":"naval","branch_label":"Naval base","type":"Coast guard station","feature_code":"S.STNC","source_id":"geonames:358247"},"geometry":{"type":"Point","coordinates":[32.35626,30.41281]}},{"type":"Feature","properties":{"name":"El Maadi Heliport","country":"Egypt","country_code":"EG","branch":"air","branch_label":"Air base","type":"Air base","feature_code":"S.AIRB","source_id":"geonames:12164556"},"geometry":{"type":"Point","coordinates":[31.24631,29.96941]}},{"type":"Feature","properties":{"name":"El-Bughaz Fort West","country":"Egypt","country_code":"EG","branch":"naval","branch_label":"Naval base","type":"Coast guard station","feature_code":"S.STNC","source_id":"geonames:357934"},"geometry":{"type":"Point","coordinates":[30.35917,31.48056]}},{"type":"Feature","properties":{"name":"El-Ghalyûn","country":"Egypt","country_code":"EG","branch":"naval","branch_label":"Naval base","type":"Coast guard station","feature_code":"S.STNC","source_id":"geonames:357904"},"geometry":{"type":"Point","coordinates":[30.40167,31.48139]}},{"type":"Feature","properties":{"name":"El-Qar‘a Coast Guard Outpost","country":"Egypt","country_code":"EG","branch":"naval","branch_label":"Naval base","type":"Coast guard station","feature_code":"S.STNC","source_id":"geonames:357803"},"geometry":{"type":"Point","coordinates":[31.43417,31.48472]}},{"type":"Feature","properties":{"name":"El-Ṭarḥ","country":"Egypt","country_code":"EG","branch":"naval","branch_label":"Naval base","type":"Coast guard station","feature_code":"S.STNC","source_id":"geonames:409412"},"geometry":{"type":"Point","coordinates":[30.08139,31.28861]}},{"type":"Feature","properties":{"name":"El-‘Abd Fort","country":"Egypt","country_code":"EG","branch":"naval","branch_label":"Naval base","type":"Coast guard station","feature_code":"S.STNC","source_id":"geonames:357956"},"geometry":{"type":"Point","coordinates":[30.35861,31.44667]}},{"type":"Feature","properties":{"name":"El-‘Aiyâsh Fort No. 6","country":"Egypt","country_code":"EG","branch":"naval","branch_label":"Naval base","type":"Coast guard station","feature_code":"S.STNC","source_id":"geonames:357951"},"geometry":{"type":"Point","coordinates":[31.28056,31.55833]}},{"type":"Feature","properties":{"name":"El-‘Alâyim Fort","country":"Egypt","country_code":"EG","branch":"naval","branch_label":"Naval base","type":"Coast guard station","feature_code":"S.STNC","source_id":"geonames:357949"},"geometry":{"type":"Point","coordinates":[30.3325,31.37361]}},{"type":"Feature","properties":{"name":"Gebel El Basur Air Base","country":"Egypt","country_code":"EG","branch":"air","branch_label":"Air base","type":"Air base","feature_code":"S.AIRB","source_id":"geonames:11749386"},"geometry":{"type":"Point","coordinates":[30.55624,30.52811]}},{"type":"Feature","properties":{"name":"Gilleaume Station (historical)","country":"Egypt","country_code":"EG","branch":"naval","branch_label":"Naval base","type":"Coast guard station","feature_code":"S.STNC","source_id":"geonames:11776366"},"geometry":{"type":"Point","coordinates":[32.56997,30.05908]}},{"type":"Feature","properties":{"name":"Guerin Station (historical)","country":"Egypt","country_code":"EG","branch":"naval","branch_label":"Naval base","type":"Coast guard station","feature_code":"S.STNC","source_id":"geonames:11748313"},"geometry":{"type":"Point","coordinates":[32.56658,30.16878]}},{"type":"Feature","properties":{"name":"Helwan","country":"Egypt","country_code":"EG","branch":"air","branch_label":"Air base","type":"Air base","feature_code":"S.AIRB","source_id":"geonames:12164559"},"geometry":{"type":"Point","coordinates":[31.33092,29.82252]}},{"type":"Feature","properties":{"name":"Inshas","country":"Egypt","country_code":"EG","branch":"air","branch_label":"Air base","type":"Air base","feature_code":"S.AIRB","source_id":"geonames:12164560"},"geometry":{"type":"Point","coordinates":[31.44127,30.32993]}},{"type":"Feature","properties":{"name":"Jabal Uwaybid Division Assembly A Helipads","country":"Egypt","country_code":"EG","branch":"air","branch_label":"Air base","type":"Air base","feature_code":"S.AIRB","source_id":"geonames:12164561"},"geometry":{"type":"Point","coordinates":[32.15816,30.17153]}},{"type":"Feature","properties":{"name":"Jiyanklis Air Base","country":"Egypt","country_code":"EG","branch":"air","branch_label":"Air base","type":"Air base","feature_code":"S.AIRB","source_id":"geonames:11749393"},"geometry":{"type":"Point","coordinates":[30.19043,30.82295]}},{"type":"Feature","properties":{"name":"Kibrit Airfield","country":"Egypt","country_code":"EG","branch":"air","branch_label":"Air base","type":"Air base","feature_code":"S.AIRB","source_id":"geonames:6413491"},"geometry":{"type":"Point","coordinates":[32.49179,30.24433]}},{"type":"Feature","properties":{"name":"Km 146 Signal Station (historical)","country":"Egypt","country_code":"EG","branch":"naval","branch_label":"Naval base","type":"Coast guard station","feature_code":"S.STNC","source_id":"geonames:11777316"},"geometry":{"type":"Point","coordinates":[32.57532,30.0524]}},{"type":"Feature","properties":{"name":"Km 152 Signal Station (historical)","country":"Egypt","country_code":"EG","branch":"naval","branch_label":"Naval base","type":"Coast guard station","feature_code":"S.STNC","source_id":"geonames:11776367"},"geometry":{"type":"Point","coordinates":[32.57927,30.00942]}},{"type":"Feature","properties":{"name":"Kom Awshim","country":"Egypt","country_code":"EG","branch":"air","branch_label":"Air base","type":"Air base","feature_code":"S.AIRB","source_id":"geonames:12164563"},"geometry":{"type":"Point","coordinates":[30.89533,29.55377]}},{"type":"Feature","properties":{"name":"Masākin al Quwwāt al Musallaḩah","country":"Egypt","country_code":"EG","branch":"army","branch_label":"Army base","type":"Barracks","feature_code":"S.BRKS","source_id":"geonames:7911576"},"geometry":{"type":"Point","coordinates":[31.30513,30.06088]}},{"type":"Feature","properties":{"name":"Maḩaţţat al Kibrīt","country":"Egypt","country_code":"EG","branch":"naval","branch_label":"Naval base","type":"Coast guard station","feature_code":"S.STNC","source_id":"geonames:353517"},"geometry":{"type":"Point","coordinates":[32.50103,30.25957]}},{"type":"Feature","properties":{"name":"Mish‘il Coast Guard Qutpost","country":"Egypt","country_code":"EG","branch":"naval","branch_label":"Naval base","type":"Coast guard station","feature_code":"S.STNC","source_id":"geonames:352278"},"geometry":{"type":"Point","coordinates":[30.56861,31.46]}},{"type":"Feature","properties":{"name":"Nuqţat Sawāḩil Abū Qīr","country":"Egypt","country_code":"EG","branch":"naval","branch_label":"Naval base","type":"Coast guard station","feature_code":"S.STNC","source_id":"geonames:8622255"},"geometry":{"type":"Point","coordinates":[30.06959,31.32119]}},{"type":"Feature","properties":{"name":"Quwaysina","country":"Egypt","country_code":"EG","branch":"air","branch_label":"Air base","type":"Air base","feature_code":"S.AIRB","source_id":"geonames:12164566"},"geometry":{"type":"Point","coordinates":[31.12882,30.57914]}},{"type":"Feature","properties":{"name":"Ras Banas","country":"Egypt","country_code":"EG","branch":"air","branch_label":"Air base","type":"Air base","feature_code":"S.AIRB","source_id":"geonames:12164567"},"geometry":{"type":"Point","coordinates":[35.46033,23.97411]}},{"type":"Feature","properties":{"name":"Sidi Barrani","country":"Egypt","country_code":"EG","branch":"air","branch_label":"Air base","type":"Air base","feature_code":"S.AIRB","source_id":"geonames:12164569"},"geometry":{"type":"Point","coordinates":[25.87795,31.46656]}},{"type":"Feature","properties":{"name":"Sidi Kurayr Heliport","country":"Egypt","country_code":"EG","branch":"air","branch_label":"Air base","type":"Air base","feature_code":"S.AIRB","source_id":"geonames:12164570"},"geometry":{"type":"Point","coordinates":[29.65568,31.03332]}},{"type":"Feature","properties":{"name":"Wadi Abu Rish","country":"Egypt","country_code":"EG","branch":"air","branch_label":"Air base","type":"Air base","feature_code":"S.AIRB","source_id":"geonames:12164574"},"geometry":{"type":"Point","coordinates":[31.69883,28.9757]}},{"type":"Feature","properties":{"name":"Wadi Abu Shihat","country":"Egypt","country_code":"EG","branch":"air","branch_label":"Air base","type":"Air base","feature_code":"S.AIRB","source_id":"geonames:12164575"},"geometry":{"type":"Point","coordinates":[33.12103,26.55643]}},{"type":"Feature","properties":{"name":"Ţābiyat al Farsh","country":"Egypt","country_code":"EG","branch":"naval","branch_label":"Naval base","type":"Coast guard station","feature_code":"S.STNC","source_id":"geonames:356936"},"geometry":{"type":"Point","coordinates":[30.34694,31.41056]}},{"type":"Feature","properties":{"name":"Ţābiyat al Jazā’ir","country":"Egypt","country_code":"EG","branch":"naval","branch_label":"Naval base","type":"Coast guard station","feature_code":"S.STNC","source_id":"geonames:355129"},"geometry":{"type":"Point","coordinates":[30.25,31.3]}},{"type":"Feature","properties":{"name":"Ţābiyat al Kalakh","country":"Egypt","country_code":"EG","branch":"naval","branch_label":"Naval base","type":"Coast guard station","feature_code":"S.STNC","source_id":"geonames:353984"},"geometry":{"type":"Point","coordinates":[30.22139,31.28306]}},{"type":"Feature","properties":{"name":"Ţābiyat ash Shaykh","country":"Egypt","country_code":"EG","branch":"naval","branch_label":"Naval base","type":"Coast guard station","feature_code":"S.STNC","source_id":"geonames:349274"},"geometry":{"type":"Point","coordinates":[30.31999,31.3495]}},{"type":"Feature","properties":{"name":"Saqani Seaplane Base","country":"Fiji","country_code":"FJ","branch":"air","branch_label":"Air base","type":"Air base","feature_code":"S.AIRB","source_id":"geonames:8629648"},"geometry":{"type":"Point","coordinates":[179.35279,-16.74973]}},{"type":"Feature","properties":{"name":"Kaartinkasarmi","country":"Finland","country_code":"FI","branch":"army","branch_label":"Army base","type":"Barracks","feature_code":"S.BRKS","source_id":"geonames:12670326"},"geometry":{"type":"Point","coordinates":[24.949,60.16462]}},{"type":"Feature","properties":{"name":"Merikasarmi","country":"Finland","country_code":"FI","branch":"army","branch_label":"Army base","type":"Barracks","feature_code":"S.BRKS","source_id":"geonames:12670095"},"geometry":{"type":"Point","coordinates":[24.9722,60.16808]}},{"type":"Feature","properties":{"name":"Nylands brigad","country":"Finland","country_code":"FI","branch":"naval","branch_label":"Naval base","type":"Naval base","feature_code":"L.NVB","source_id":"geonames:12510630"},"geometry":{"type":"Point","coordinates":[23.47966,59.98549]}},{"type":"Feature","properties":{"name":"Skatanniemi","country":"Finland","country_code":"FI","branch":"other","branch_label":"Other / unknown","type":"Military base","feature_code":"L.MILB","source_id":"geonames:6690946"},"geometry":{"type":"Point","coordinates":[25.17712,60.1941]}},{"type":"Feature","properties":{"name":"Ancienne caserne Claude-Decaen","country":"France","country_code":"FR","branch":"army","branch_label":"Army base","type":"Barracks","feature_code":"S.BRKS","source_id":"geonames:12503835"},"geometry":{"type":"Point","coordinates":[-0.34773,49.16712]}},{"type":"Feature","properties":{"name":"Ancienne caserne Delzons","country":"France","country_code":"FR","branch":"army","branch_label":"Army base","type":"Barracks","feature_code":"S.BRKS","source_id":"geonames:12493673"},"geometry":{"type":"Point","coordinates":[2.44281,44.92373]}},{"type":"Feature","properties":{"name":"Ancienne caserne Martin","country":"France","country_code":"FR","branch":"army","branch_label":"Army base","type":"Barracks","feature_code":"S.BRKS","source_id":"geonames:12518888"},"geometry":{"type":"Point","coordinates":[-0.36339,49.17855]}},{"type":"Feature","properties":{"name":"Ancienne caserne de Lagatjar","country":"France","country_code":"FR","branch":"army","branch_label":"Army base","type":"Barracks","feature_code":"S.BRKS","source_id":"geonames:13405650"},"geometry":{"type":"Point","coordinates":[-4.60889,48.27502]}},{"type":"Feature","properties":{"name":"Arsenal de Brest","country":"France","country_code":"FR","branch":"naval","branch_label":"Naval base","type":"Naval base","feature_code":"L.NVB","source_id":"geonames:12495540"},"geometry":{"type":"Point","coordinates":[-4.4966,48.38185]}},{"type":"Feature","properties":{"name":"Camp de Châlons","country":"France","country_code":"FR","branch":"army","branch_label":"Army base","type":"Barracks","feature_code":"S.BRKS","source_id":"geonames:12494855"},"geometry":{"type":"Point","coordinates":[4.36829,49.13294]}},{"type":"Feature","properties":{"name":"Caserne Dumont-d'Urville","country":"France","country_code":"FR","branch":"army","branch_label":"Army base","type":"Barracks","feature_code":"S.BRKS","source_id":"geonames:12501143"},"geometry":{"type":"Point","coordinates":[-0.1881,48.89587]}},{"type":"Feature","properties":{"name":"Caserne Hamelin","country":"France","country_code":"FR","branch":"army","branch_label":"Army base","type":"Barracks","feature_code":"S.BRKS","source_id":"geonames:12501410"},"geometry":{"type":"Point","coordinates":[-0.35596,49.17722]}},{"type":"Feature","properties":{"name":"Caserne Pérignon","country":"France","country_code":"FR","branch":"army","branch_label":"Army base","type":"Barracks","feature_code":"S.BRKS","source_id":"geonames:12750259"},"geometry":{"type":"Point","coordinates":[1.46411,43.59989]}},{"type":"Feature","properties":{"name":"Caserne Teyssier","country":"France","country_code":"FR","branch":"army","branch_label":"Army base","type":"Barracks","feature_code":"S.BRKS","source_id":"geonames:13286512"},"geometry":{"type":"Point","coordinates":[2.14419,43.93324]}},{"type":"Feature","properties":{"name":"Caserne Valence","country":"France","country_code":"FR","branch":"army","branch_label":"Army base","type":"Barracks","feature_code":"S.BRKS","source_id":"geonames:12750497"},"geometry":{"type":"Point","coordinates":[0.61481,44.19664]}},{"type":"Feature","properties":{"name":"Cazaux","country":"France","country_code":"FR","branch":"air","branch_label":"Air base","type":"Air base","feature_code":"S.AIRB","source_id":"geonames:6299366"},"geometry":{"type":"Point","coordinates":[-1.125,44.53333]}},{"type":"Feature","properties":{"name":"Colmar-Meyenheim","country":"France","country_code":"FR","branch":"air","branch_label":"Air base","type":"Air base","feature_code":"S.AIRB","source_id":"geonames:6299467"},"geometry":{"type":"Point","coordinates":[7.39967,47.92198]}},{"type":"Feature","properties":{"name":"Creil","country":"France","country_code":"FR","branch":"air","branch_label":"Air base","type":"Air base","feature_code":"S.AIRB","source_id":"geonames:6299440"},"geometry":{"type":"Point","coordinates":[2.51914,49.25355]}},{"type":"Feature","properties":{"name":"Istres-Le Tubé Air Base","country":"France","country_code":"FR","branch":"air","branch_label":"Air base","type":"Air base","feature_code":"S.AIRB","source_id":"geonames:6299415"},"geometry":{"type":"Point","coordinates":[4.92384,43.52274]}},{"type":"Feature","properties":{"name":"Landivisiau","country":"France","country_code":"FR","branch":"air","branch_label":"Air base","type":"Air base","feature_code":"S.AIRB","source_id":"geonames:6299455"},"geometry":{"type":"Point","coordinates":[-4.15164,48.53026]}},{"type":"Feature","properties":{"name":"Luxeuil - Saint-Sauveur","country":"France","country_code":"FR","branch":"air","branch_label":"Air base","type":"Air base","feature_code":"S.AIRB","source_id":"geonames:6299476"},"geometry":{"type":"Point","coordinates":[6.36406,47.78313]}},{"type":"Feature","properties":{"name":"Metz-Frescaty","country":"France","country_code":"FR","branch":"air","branch_label":"Air base","type":"Air base","feature_code":"S.AIRB","source_id":"geonames:6301775"},"geometry":{"type":"Point","coordinates":[6.13167,49.07167]}},{"type":"Feature","properties":{"name":"Mont-de-Marsan","country":"France","country_code":"FR","branch":"air","branch_label":"Air base","type":"Air base","feature_code":"S.AIRB","source_id":"geonames:6299375"},"geometry":{"type":"Point","coordinates":[-0.5075,43.91167]}},{"type":"Feature","properties":{"name":"Nancy-Ochey","country":"France","country_code":"FR","branch":"air","branch_label":"Air base","type":"Air base","feature_code":"S.AIRB","source_id":"geonames:6299472"},"geometry":{"type":"Point","coordinates":[5.955,48.58306]}},{"type":"Feature","properties":{"name":"Orange-Caritat","country":"France","country_code":"FR","branch":"air","branch_label":"Air base","type":"Air base","feature_code":"S.AIRB","source_id":"geonames:6299419"},"geometry":{"type":"Point","coordinates":[4.86672,44.14048]}},{"type":"Feature","properties":{"name":"Orléans – Bricy Air Base","country":"France","country_code":"FR","branch":"air","branch_label":"Air base","type":"Air base","feature_code":"S.AIRB","source_id":"geonames:6299433"},"geometry":{"type":"Point","coordinates":[1.76056,47.98778]}},{"type":"Feature","properties":{"name":"Saint-Dizier - Robinson","country":"France","country_code":"FR","branch":"air","branch_label":"Air base","type":"Air base","feature_code":"S.AIRB","source_id":"geonames:6299469"},"geometry":{"type":"Point","coordinates":[4.89942,48.63601]}},{"type":"Feature","properties":{"name":"Salon","country":"France","country_code":"FR","branch":"air","branch_label":"Air base","type":"Air base","feature_code":"S.AIRB","source_id":"geonames:6299424"},"geometry":{"type":"Point","coordinates":[5.10925,43.60641]}},{"type":"Feature","properties":{"name":"Solenzara Air Base","country":"France","country_code":"FR","branch":"air","branch_label":"Air base","type":"Air base","feature_code":"S.AIRB","source_id":"geonames:6299396"},"geometry":{"type":"Point","coordinates":[9.406,41.92442]}},{"type":"Feature","properties":{"name":"Vélizy – Villacoublay Air Base","country":"France","country_code":"FR","branch":"air","branch_label":"Air base","type":"Air base","feature_code":"S.AIRB","source_id":"geonames:6299443"},"geometry":{"type":"Point","coordinates":[2.20154,48.77441]}},{"type":"Feature","properties":{"name":"Évreux-Fauville Air Base","country":"France","country_code":"FR","branch":"air","branch_label":"Air base","type":"Air base","feature_code":"S.AIRB","source_id":"geonames:6299429"},"geometry":{"type":"Point","coordinates":[1.21986,49.02867]}},{"type":"Feature","properties":{"name":"Gudauta","country":"Georgia","country_code":"GE","branch":"air","branch_label":"Air base","type":"Air base","feature_code":"S.AIRB","source_id":"geonames:11500130"},"geometry":{"type":"Point","coordinates":[40.57916,43.10411]}},{"type":"Feature","properties":{"name":"Ochamchire Naval Base","country":"Georgia","country_code":"GE","branch":"naval","branch_label":"Naval base","type":"Naval base","feature_code":"L.NVB","source_id":"geonames:12954207"},"geometry":{"type":"Point","coordinates":[41.42536,42.74237]}},{"type":"Feature","properties":{"name":"Ozurgeti Air Base","country":"Georgia","country_code":"GE","branch":"air","branch_label":"Air base","type":"Air base","feature_code":"S.AIRB","source_id":"geonames:11749384"},"geometry":{"type":"Point","coordinates":[41.86074,41.92936]}},{"type":"Feature","properties":{"name":"Vaziani Air Base","country":"Georgia","country_code":"GE","branch":"air","branch_label":"Air base","type":"Air base","feature_code":"S.AIRB","source_id":"geonames:11749498"},"geometry":{"type":"Point","coordinates":[45.02892,41.62885]}},{"type":"Feature","properties":{"name":"Bonn-Hardthoehe Air Base","country":"Germany","country_code":"DE","branch":"air","branch_label":"Air base","type":"Air base","feature_code":"S.AIRB","source_id":"geonames:13561278"},"geometry":{"type":"Point","coordinates":[7.04433,50.6963]}},{"type":"Feature","properties":{"name":"Haarholm","country":"Germany","country_code":"DE","branch":"army","branch_label":"Army base","type":"Barracks","feature_code":"S.BRKS","source_id":"geonames:2913107"},"geometry":{"type":"Point","coordinates":[9.53574,54.56443]}},{"type":"Feature","properties":{"name":"Lager Hammelburg","country":"Germany","country_code":"DE","branch":"other","branch_label":"Other / unknown","type":"Military base","feature_code":"L.MILB","source_id":"geonames:3208078"},"geometry":{"type":"Point","coordinates":[9.90212,50.08908]}},{"type":"Feature","properties":{"name":"Lager Heuberg","country":"Germany","country_code":"DE","branch":"other","branch_label":"Other / unknown","type":"Military base","feature_code":"L.MILB","source_id":"geonames:3206206"},"geometry":{"type":"Point","coordinates":[9.06667,48.13333]}},{"type":"Feature","properties":{"name":"Lager Schwarzenborn","country":"Germany","country_code":"DE","branch":"other","branch_label":"Other / unknown","type":"Military base","feature_code":"L.MILB","source_id":"geonames:3208079"},"geometry":{"type":"Point","coordinates":[9.4198,50.89326]}},{"type":"Feature","properties":{"name":"Lechfeld Air Base","country":"Germany","country_code":"DE","branch":"air","branch_label":"Air base","type":"Air base","feature_code":"S.AIRB","source_id":"geonames:3208394"},"geometry":{"type":"Point","coordinates":[10.86205,48.18474]}},{"type":"Feature","properties":{"name":"Mainfranken-Kaserne","country":"Germany","country_code":"DE","branch":"army","branch_label":"Army base","type":"Barracks","feature_code":"S.BRKS","source_id":"geonames:11550874"},"geometry":{"type":"Point","coordinates":[10.244,49.85]}},{"type":"Feature","properties":{"name":"New Golden Steed Barrack","country":"Germany","country_code":"DE","branch":"army","branch_label":"Army base","type":"Barracks","feature_code":"S.BRKS","source_id":"geonames:12122756"},"geometry":{"type":"Point","coordinates":[8.244,50.01075]}},{"type":"Feature","properties":{"name":"Nordholz Naval Airbase","country":"Germany","country_code":"DE","branch":"air","branch_label":"Air base","type":"Air base","feature_code":"S.AIRB","source_id":"geonames:11427866"},"geometry":{"type":"Point","coordinates":[8.67319,53.76538]}},{"type":"Feature","properties":{"name":"Nörvenich Air Base","country":"Germany","country_code":"DE","branch":"air","branch_label":"Air base","type":"Air base","feature_code":"S.AIRB","source_id":"geonames:3207677"},"geometry":{"type":"Point","coordinates":[6.66667,50.83333]}},{"type":"Feature","properties":{"name":"RAF Geilenkirchen (historical)","country":"Germany","country_code":"DE","branch":"air","branch_label":"Air base","type":"Air base","feature_code":"S.AIRB","source_id":"geonames:8354414"},"geometry":{"type":"Point","coordinates":[6.04252,50.96083]}},{"type":"Feature","properties":{"name":"Ramstein","country":"Germany","country_code":"DE","branch":"air","branch_label":"Air base","type":"Air base","feature_code":"S.AIRB","source_id":"geonames:3208854"},"geometry":{"type":"Point","coordinates":[7.6,49.43333]}},{"type":"Feature","properties":{"name":"Robinson Barracks","country":"Germany","country_code":"DE","branch":"army","branch_label":"Army base","type":"Barracks","feature_code":"S.BRKS","source_id":"geonames:10943266"},"geometry":{"type":"Point","coordinates":[9.18715,48.82043]}},{"type":"Feature","properties":{"name":"Saaleck-Kaserne","country":"Germany","country_code":"DE","branch":"army","branch_label":"Army base","type":"Barracks","feature_code":"S.BRKS","source_id":"geonames:11592830"},"geometry":{"type":"Point","coordinates":[9.9,50.088]}},{"type":"Feature","properties":{"name":"Wiesbaden","country":"Germany","country_code":"DE","branch":"air","branch_label":"Air base","type":"Air base","feature_code":"S.AIRB","source_id":"geonames:3208839"},"geometry":{"type":"Point","coordinates":[8.31667,50.06667]}},{"type":"Feature","properties":{"name":"Myohaung Army Barracks","country":"Ghana","country_code":"GH","branch":"army","branch_label":"Army base","type":"Barracks","feature_code":"S.BRKS","source_id":"geonames:11793445"},"geometry":{"type":"Point","coordinates":[-1.80092,4.91549]}},{"type":"Feature","properties":{"name":"H.M.S. Rooke","country":"Gibraltar","country_code":"GI","branch":"naval","branch_label":"Naval base","type":"Naval base","feature_code":"L.NVB","source_id":"geonames:2411560"},"geometry":{"type":"Point","coordinates":[-5.35639,36.14051]}},{"type":"Feature","properties":{"name":"Lathbury Barracks","country":"Gibraltar","country_code":"GI","branch":"army","branch_label":"Army base","type":"Barracks","feature_code":"S.BRKS","source_id":"geonames:2411545"},"geometry":{"type":"Point","coordinates":[-5.34247,36.12096]}},{"type":"Feature","properties":{"name":"RAF Gibraltar","country":"Gibraltar","country_code":"GI","branch":"air","branch_label":"Air base","type":"Air base","feature_code":"S.AIRB","source_id":"geonames:12032467"},"geometry":{"type":"Point","coordinates":[-5.34758,36.14969]}},{"type":"Feature","properties":{"name":"South Barracks House","country":"Gibraltar","country_code":"GI","branch":"army","branch_label":"Army base","type":"Barracks","feature_code":"S.BRKS","source_id":"geonames:2411455"},"geometry":{"type":"Point","coordinates":[-5.35031,36.12563]}},{"type":"Feature","properties":{"name":"Kasteli","country":"Greece","country_code":"GR","branch":"air","branch_label":"Air base","type":"Air base","feature_code":"S.AIRB","source_id":"geonames:11711228"},"geometry":{"type":"Point","coordinates":[25.32697,35.192]}},{"type":"Feature","properties":{"name":"Stefanovikion","country":"Greece","country_code":"GR","branch":"air","branch_label":"Air base","type":"Air base","feature_code":"S.AIRB","source_id":"geonames:11711583"},"geometry":{"type":"Point","coordinates":[22.76922,39.47852]}},{"type":"Feature","properties":{"name":"Pituffik Space Base","country":"Greenland","country_code":"GL","branch":"air","branch_label":"Air base","type":"Air base","feature_code":"S.AIRB","source_id":"geonames:3831683"},"geometry":{"type":"Point","coordinates":[-68.70316,76.5312]}},{"type":"Feature","properties":{"name":"Andersen AFB Control Tower","country":"Guam","country_code":"GU","branch":"air","branch_label":"Air base","type":"Air base","feature_code":"S.AIRB","source_id":"geonames:7871240"},"geometry":{"type":"Point","coordinates":[144.93078,13.57541]}},{"type":"Feature","properties":{"name":"Andersen AFB Main Gate","country":"Guam","country_code":"GU","branch":"air","branch_label":"Air base","type":"Air base","feature_code":"S.AIRB","source_id":"geonames:7871226"},"geometry":{"type":"Point","coordinates":[144.90036,13.56509]}},{"type":"Feature","properties":{"name":"B-2 Stealth Bomber Takeoff Crash Site","country":"Guam","country_code":"GU","branch":"air","branch_label":"Air base","type":"Air base","feature_code":"S.AIRB","source_id":"geonames:7871241"},"geometry":{"type":"Point","coordinates":[144.93944,13.58746]}},{"type":"Feature","properties":{"name":"DoD Andersen AFB Andy South","country":"Guam","country_code":"GU","branch":"air","branch_label":"Air base","type":"Military base","feature_code":"L.MILB","source_id":"geonames:7874275"},"geometry":{"type":"Point","coordinates":[144.86774,13.49856]}},{"type":"Feature","properties":{"name":"DoD Andersen AFB Communication South","country":"Guam","country_code":"GU","branch":"air","branch_label":"Air base","type":"Military base","feature_code":"L.MILB","source_id":"geonames:7871081"},"geometry":{"type":"Point","coordinates":[144.81122,13.4539]}},{"type":"Feature","properties":{"name":"DoD Andersen AFB Marbo Annex","country":"Guam","country_code":"GU","branch":"air","branch_label":"Air base","type":"Military base","feature_code":"L.MILB","source_id":"geonames:7871074"},"geometry":{"type":"Point","coordinates":[144.87345,13.51083]}},{"type":"Feature","properties":{"name":"DoD Andersen AFB Potts Junction Tank Farm","country":"Guam","country_code":"GU","branch":"air","branch_label":"Air base","type":"Military base","feature_code":"L.MILB","source_id":"geonames:7871326"},"geometry":{"type":"Point","coordinates":[144.86212,13.58622]}},{"type":"Feature","properties":{"name":"DoD Naval Communication Station","country":"Guam","country_code":"GU","branch":"naval","branch_label":"Naval base","type":"Military base","feature_code":"L.MILB","source_id":"geonames:7871464"},"geometry":{"type":"Point","coordinates":[144.82839,13.48016]}},{"type":"Feature","properties":{"name":"DoD Naval Computer and Telecommunications Finegayan","country":"Guam","country_code":"GU","branch":"naval","branch_label":"Naval base","type":"Military base","feature_code":"L.MILB","source_id":"geonames:7269466"},"geometry":{"type":"Point","coordinates":[144.84502,13.5828]}},{"type":"Feature","properties":{"name":"DoD Naval Hospital","country":"Guam","country_code":"GU","branch":"naval","branch_label":"Naval base","type":"Military base","feature_code":"L.MILB","source_id":"geonames:7269467"},"geometry":{"type":"Point","coordinates":[144.74198,13.47396]}},{"type":"Feature","properties":{"name":"DoD Naval Reserve - Apra Heights Housing","country":"Guam","country_code":"GU","branch":"naval","branch_label":"Naval base","type":"Military base","feature_code":"L.MILB","source_id":"geonames:4045189"},"geometry":{"type":"Point","coordinates":[144.6817,13.40302]}},{"type":"Feature","properties":{"name":"DoD Naval Reserve - Fena Valley Watershed","country":"Guam","country_code":"GU","branch":"naval","branch_label":"Naval base","type":"Military base","feature_code":"L.MILB","source_id":"geonames:7870684"},"geometry":{"type":"Point","coordinates":[144.7011,13.35555]}},{"type":"Feature","properties":{"name":"DoD Naval Reserve - Naval Magazine","country":"Guam","country_code":"GU","branch":"naval","branch_label":"Naval base","type":"Military base","feature_code":"L.MILB","source_id":"geonames:4038645"},"geometry":{"type":"Point","coordinates":[144.69977,13.37538]}},{"type":"Feature","properties":{"name":"DoD Naval Reserve - Piers Delta-Echo and Drydock Peninsula","country":"Guam","country_code":"GU","branch":"naval","branch_label":"Naval base","type":"Military base","feature_code":"L.MILB","source_id":"geonames:7874242"},"geometry":{"type":"Point","coordinates":[144.6664,13.45541]}},{"type":"Feature","properties":{"name":"DoD Naval Reserve Apra Inner Harbor","country":"Guam","country_code":"GU","branch":"naval","branch_label":"Naval base","type":"Military base","feature_code":"L.MILB","source_id":"geonames:7870752"},"geometry":{"type":"Point","coordinates":[144.66823,13.42736]}},{"type":"Feature","properties":{"name":"DoD Naval Reserve NHC Reservoir","country":"Guam","country_code":"GU","branch":"naval","branch_label":"Naval base","type":"Military base","feature_code":"L.MILB","source_id":"geonames:7874064"},"geometry":{"type":"Point","coordinates":[144.71286,13.44921]}},{"type":"Feature","properties":{"name":"DoD Naval Reserve Nimitz Hill COMNAVMAR","country":"Guam","country_code":"GU","branch":"naval","branch_label":"Naval base","type":"Military base","feature_code":"L.MILB","source_id":"geonames:7874067"},"geometry":{"type":"Point","coordinates":[144.72513,13.45549]}},{"type":"Feature","properties":{"name":"DoD Naval Reserve Orote Peninsula","country":"Guam","country_code":"GU","branch":"naval","branch_label":"Naval base","type":"Military base","feature_code":"L.MILB","source_id":"geonames:7870769"},"geometry":{"type":"Point","coordinates":[144.64505,13.43717]}},{"type":"Feature","properties":{"name":"DoD Naval Reserve Outer Glass Breakwater","country":"Guam","country_code":"GU","branch":"naval","branch_label":"Naval base","type":"Military base","feature_code":"L.MILB","source_id":"geonames:4038775"},"geometry":{"type":"Point","coordinates":[144.64406,13.46438]}},{"type":"Feature","properties":{"name":"DoD Naval Reserve Sasa Valley","country":"Guam","country_code":"GU","branch":"naval","branch_label":"Naval base","type":"Military base","feature_code":"L.MILB","source_id":"geonames:7839899"},"geometry":{"type":"Point","coordinates":[144.70136,13.44522]}},{"type":"Feature","properties":{"name":"DoD Naval Reserve South Finegayan Housing","country":"Guam","country_code":"GU","branch":"naval","branch_label":"Naval base","type":"Military base","feature_code":"L.MILB","source_id":"geonames:7839943"},"geometry":{"type":"Point","coordinates":[144.8324,13.55168]}},{"type":"Feature","properties":{"name":"DoD Naval Reserve Tenjo Vista","country":"Guam","country_code":"GU","branch":"naval","branch_label":"Naval base","type":"Military base","feature_code":"L.MILB","source_id":"geonames:7839901"},"geometry":{"type":"Point","coordinates":[144.68762,13.43374]}},{"type":"Feature","properties":{"name":"DoD Nimitz Hill Housing","country":"Guam","country_code":"GU","branch":"other","branch_label":"Other / unknown","type":"Military base","feature_code":"L.MILB","source_id":"geonames:7874058"},"geometry":{"type":"Point","coordinates":[144.71743,13.45822]}},{"type":"Feature","properties":{"name":"DoD Nimitz Hill Reserve High School","country":"Guam","country_code":"GU","branch":"other","branch_label":"Other / unknown","type":"Military base","feature_code":"L.MILB","source_id":"geonames:7839974"},"geometry":{"type":"Point","coordinates":[144.72919,13.46377]}},{"type":"Feature","properties":{"name":"DoD Nimitz Hill Reserve Officers Housing","country":"Guam","country_code":"GU","branch":"other","branch_label":"Other / unknown","type":"Military base","feature_code":"L.MILB","source_id":"geonames:7874009"},"geometry":{"type":"Point","coordinates":[144.72374,13.4672]}},{"type":"Feature","properties":{"name":"DoD Reservation Santa Rosa Communications Annex","country":"Guam","country_code":"GU","branch":"other","branch_label":"Other / unknown","type":"Military base","feature_code":"L.MILB","source_id":"geonames:7871325"},"geometry":{"type":"Point","coordinates":[144.91402,13.53528]}},{"type":"Feature","properties":{"name":"DoD Reserve Admiral Nimitz Golf Course","country":"Guam","country_code":"GU","branch":"other","branch_label":"Other / unknown","type":"Military base","feature_code":"L.MILB","source_id":"geonames:7871459"},"geometry":{"type":"Point","coordinates":[144.82309,13.46947]}},{"type":"Feature","properties":{"name":"DoD USAF All Land North of Route9","country":"Guam","country_code":"GU","branch":"other","branch_label":"Other / unknown","type":"Military base","feature_code":"L.MILB","source_id":"geonames:7871232"},"geometry":{"type":"Point","coordinates":[144.87199,13.59802]}},{"type":"Feature","properties":{"name":"DoD USAF Andersen AFB","country":"Guam","country_code":"GU","branch":"air","branch_label":"Air base","type":"Military base","feature_code":"L.MILB","source_id":"geonames:7871227"},"geometry":{"type":"Point","coordinates":[144.92924,13.58346]}},{"type":"Feature","properties":{"name":"US Coast Gard Sector Guam","country":"Guam","country_code":"GU","branch":"naval","branch_label":"Naval base","type":"Coast guard station","feature_code":"S.STNC","source_id":"geonames:7870743"},"geometry":{"type":"Point","coordinates":[144.66349,13.42246]}},{"type":"Feature","properties":{"name":"USAF Andersen Air Force Base","country":"Guam","country_code":"GU","branch":"air","branch_label":"Air base","type":"Air base","feature_code":"S.AIRB","source_id":"geonames:7269457"},"geometry":{"type":"Point","coordinates":[144.92825,13.58311]}},{"type":"Feature","properties":{"name":"Destacamento Militar Campamento Guayacán","country":"Guatemala","country_code":"GT","branch":"other","branch_label":"Other / unknown","type":"Military base","feature_code":"L.MILB","source_id":"geonames:11508249"},"geometry":{"type":"Point","coordinates":[-90.51551,17.6633]}},{"type":"Feature","properties":{"name":"Tamara Military Garrison","country":"Honduras","country_code":"HN","branch":"air","branch_label":"Air base","type":"Air base","feature_code":"S.AIRB","source_id":"geonames:11675788"},"geometry":{"type":"Point","coordinates":[-87.34959,14.17881]}},{"type":"Feature","properties":{"name":"Huszár laktanya","country":"Hungary","country_code":"HU","branch":"army","branch_label":"Army base","type":"Barracks","feature_code":"S.BRKS","source_id":"geonames:6694173"},"geometry":{"type":"Point","coordinates":[16.62532,47.24386]}},{"type":"Feature","properties":{"name":"Papa","country":"Hungary","country_code":"HU","branch":"air","branch_label":"Air base","type":"Air base","feature_code":"S.AIRB","source_id":"geonames:11711434"},"geometry":{"type":"Point","coordinates":[17.50055,47.36397]}},{"type":"Feature","properties":{"name":"Taszár Air Base","country":"Hungary","country_code":"HU","branch":"air","branch_label":"Air base","type":"Air base","feature_code":"S.AIRB","source_id":"geonames:6301779"},"geometry":{"type":"Point","coordinates":[17.91531,46.39836]}},{"type":"Feature","properties":{"name":"Alexandria Barracks","country":"India","country_code":"IN","branch":"army","branch_label":"Army base","type":"Barracks","feature_code":"S.BRKS","source_id":"geonames:10940983"},"geometry":{"type":"Point","coordinates":[74.49635,15.85239]}},{"type":"Feature","properties":{"name":"Allenby Barracks","country":"India","country_code":"IN","branch":"army","branch_label":"Army base","type":"Barracks","feature_code":"S.BRKS","source_id":"geonames:11038618"},"geometry":{"type":"Point","coordinates":[78.52784,17.49666]}},{"type":"Feature","properties":{"name":"Ambala Air Force Station","country":"India","country_code":"IN","branch":"air","branch_label":"Air base","type":"Air base","feature_code":"S.AIRB","source_id":"geonames:11749508"},"geometry":{"type":"Point","coordinates":[76.81323,30.3708]}},{"type":"Feature","properties":{"name":"Bhisiana Air Force Station","country":"India","country_code":"IN","branch":"air","branch_label":"Air base","type":"Air base","feature_code":"S.AIRB","source_id":"geonames:11427448"},"geometry":{"type":"Point","coordinates":[74.75707,30.27979]}},{"type":"Feature","properties":{"name":"Bhuj Rudra Mata Air Force Base","country":"India","country_code":"IN","branch":"air","branch_label":"Air base","type":"Air base","feature_code":"S.AIRB","source_id":"geonames:9036383"},"geometry":{"type":"Point","coordinates":[69.67379,23.29453]}},{"type":"Feature","properties":{"name":"Car Nicobar Air Force Base","country":"India","country_code":"IN","branch":"air","branch_label":"Air base","type":"Air base","feature_code":"S.AIRB","source_id":"geonames:6301070"},"geometry":{"type":"Point","coordinates":[92.81877,9.15163]}},{"type":"Feature","properties":{"name":"Dundigul Air Force Academy","country":"India","country_code":"IN","branch":"air","branch_label":"Air base","type":"Air base","feature_code":"S.AIRB","source_id":"geonames:11749512"},"geometry":{"type":"Point","coordinates":[78.39664,17.63134]}},{"type":"Feature","properties":{"name":"Gough Barracks","country":"India","country_code":"IN","branch":"army","branch_label":"Army base","type":"Barracks","feature_code":"S.BRKS","source_id":"geonames:11038623"},"geometry":{"type":"Point","coordinates":[78.51283,17.46014]}},{"type":"Feature","properties":{"name":"Hashimara Air Force Station","country":"India","country_code":"IN","branch":"air","branch_label":"Air base","type":"Air base","feature_code":"S.AIRB","source_id":"geonames:11749504"},"geometry":{"type":"Point","coordinates":[89.36687,26.69793]}},{"type":"Feature","properties":{"name":"Meadow’s Barracks","country":"India","country_code":"IN","branch":"army","branch_label":"Army base","type":"Barracks","feature_code":"S.BRKS","source_id":"geonames:11038622"},"geometry":{"type":"Point","coordinates":[78.51811,17.46996]}},{"type":"Feature","properties":{"name":"Panagarh Air Force Station","country":"India","country_code":"IN","branch":"air","branch_label":"Air base","type":"Air base","feature_code":"S.AIRB","source_id":"geonames:11749505"},"geometry":{"type":"Point","coordinates":[87.42482,23.47687]}},{"type":"Feature","properties":{"name":"Roberts Barracks","country":"India","country_code":"IN","branch":"army","branch_label":"Army base","type":"Barracks","feature_code":"S.BRKS","source_id":"geonames:11038620"},"geometry":{"type":"Point","coordinates":[78.51845,17.48587]}},{"type":"Feature","properties":{"name":"Sirsa Air Force Station","country":"India","country_code":"IN","branch":"air","branch_label":"Air base","type":"Air base","feature_code":"S.AIRB","source_id":"geonames:11749509"},"geometry":{"type":"Point","coordinates":[75.00546,29.56734]}},{"type":"Feature","properties":{"name":"Udhampur Air Force Station","country":"India","country_code":"IN","branch":"air","branch_label":"Air base","type":"Air base","feature_code":"S.AIRB","source_id":"geonames:11749511"},"geometry":{"type":"Point","coordinates":[75.1555,32.90597]}},{"type":"Feature","properties":{"name":"Victoria Barracks","country":"India","country_code":"IN","branch":"army","branch_label":"Army base","type":"Barracks","feature_code":"S.BRKS","source_id":"geonames:10940982"},"geometry":{"type":"Point","coordinates":[74.49416,15.86552]}},{"type":"Feature","properties":{"name":"Yelahanka Airforce Base","country":"India","country_code":"IN","branch":"air","branch_label":"Air base","type":"Air base","feature_code":"S.AIRB","source_id":"geonames:8629679"},"geometry":{"type":"Point","coordinates":[77.60931,13.13565]}},{"type":"Feature","properties":{"name":"Asrama Batalyon Infanteri Tiga Dua Tujuh","country":"Indonesia","country_code":"ID","branch":"army","branch_label":"Army base","type":"Barracks","feature_code":"S.BRKS","source_id":"geonames:6579131"},"geometry":{"type":"Point","coordinates":[107.15444,-6.80333]}},{"type":"Feature","properties":{"name":"Asrama Batalyon Infanteri Tigaratus Tiga","country":"Indonesia","country_code":"ID","branch":"army","branch_label":"Army base","type":"Barracks","feature_code":"S.BRKS","source_id":"geonames:7911943"},"geometry":{"type":"Point","coordinates":[107.7892,-7.3525]}},{"type":"Feature","properties":{"name":"Asrama Brigade Mobil","country":"Indonesia","country_code":"ID","branch":"army","branch_label":"Army base","type":"Barracks","feature_code":"S.BRKS","source_id":"geonames:6762684"},"geometry":{"type":"Point","coordinates":[106.1436,-6.1144]}},{"type":"Feature","properties":{"name":"Asrama Brigade Mobil","country":"Indonesia","country_code":"ID","branch":"army","branch_label":"Army base","type":"Barracks","feature_code":"S.BRKS","source_id":"geonames:6785144"},"geometry":{"type":"Point","coordinates":[108.5096,-6.7511]}},{"type":"Feature","properties":{"name":"Asrama Brigade Mobil","country":"Indonesia","country_code":"ID","branch":"army","branch_label":"Army base","type":"Barracks","feature_code":"S.BRKS","source_id":"geonames:6856698"},"geometry":{"type":"Point","coordinates":[112.6669,-7.569]}},{"type":"Feature","properties":{"name":"Asrama Empat Ratus Tiga Belas","country":"Indonesia","country_code":"ID","branch":"army","branch_label":"Army base","type":"Barracks","feature_code":"S.BRKS","source_id":"geonames:1935820"},"geometry":{"type":"Point","coordinates":[110.88194,-7.57417]}},{"type":"Feature","properties":{"name":"Asrama Kelas Layanan Khusus","country":"Indonesia","country_code":"ID","branch":"army","branch_label":"Army base","type":"Barracks","feature_code":"S.BRKS","source_id":"geonames:8060789"},"geometry":{"type":"Point","coordinates":[111.3514,-6.73]}},{"type":"Feature","properties":{"name":"Asrama Komando Distrik Militer","country":"Indonesia","country_code":"ID","branch":"army","branch_label":"Army base","type":"Barracks","feature_code":"S.BRKS","source_id":"geonames:6579372"},"geometry":{"type":"Point","coordinates":[107.13389,-6.82861]}},{"type":"Feature","properties":{"name":"Asrama Polisi","country":"Indonesia","country_code":"ID","branch":"army","branch_label":"Army base","type":"Barracks","feature_code":"S.BRKS","source_id":"geonames:6780212"},"geometry":{"type":"Point","coordinates":[108.5256,-6.7388]}},{"type":"Feature","properties":{"name":"Asrama Polisi Republik Indonesia","country":"Indonesia","country_code":"ID","branch":"army","branch_label":"Army base","type":"Barracks","feature_code":"S.BRKS","source_id":"geonames:6780107"},"geometry":{"type":"Point","coordinates":[108.5588,-6.7257]}},{"type":"Feature","properties":{"name":"Asrama Polisi Republik Indonesia","country":"Indonesia","country_code":"ID","branch":"army","branch_label":"Army base","type":"Barracks","feature_code":"S.BRKS","source_id":"geonames:8060786"},"geometry":{"type":"Point","coordinates":[111.3546,-6.7336]}},{"type":"Feature","properties":{"name":"Asrama Tentara Nasional Indonesia Angkatan Darat","country":"Indonesia","country_code":"ID","branch":"army","branch_label":"Army base","type":"Barracks","feature_code":"S.BRKS","source_id":"geonames:6780108"},"geometry":{"type":"Point","coordinates":[108.5541,-6.7258]}},{"type":"Feature","properties":{"name":"Asrama Tentara Nasional Indonesia Angkatan Darat Kompi C Satu Tiga Belas Tangse","country":"Indonesia","country_code":"ID","branch":"army","branch_label":"Army base","type":"Barracks","feature_code":"S.BRKS","source_id":"geonames:6707803"},"geometry":{"type":"Point","coordinates":[95.9194,5.0075]}},{"type":"Feature","properties":{"name":"Asrama Yonip Angkatan Udara 503","country":"Indonesia","country_code":"ID","branch":"army","branch_label":"Army base","type":"Barracks","feature_code":"S.BRKS","source_id":"geonames:6837777"},"geometry":{"type":"Point","coordinates":[112.5466,-7.5184]}},{"type":"Feature","properties":{"name":"Atangsanjaya","country":"Indonesia","country_code":"ID","branch":"air","branch_label":"Air base","type":"Air base","feature_code":"S.AIRB","source_id":"geonames:6597707"},"geometry":{"type":"Point","coordinates":[106.75472,-6.54306]}},{"type":"Feature","properties":{"name":"Batalyon Artileri Pertahanan Udara Delapan","country":"Indonesia","country_code":"ID","branch":"army","branch_label":"Army base","type":"Barracks","feature_code":"S.BRKS","source_id":"geonames:6771308"},"geometry":{"type":"Point","coordinates":[112.7233,-7.3969]}},{"type":"Feature","properties":{"name":"Gumil Tentara Nasional Indonesia Angkatan Darat","country":"Indonesia","country_code":"ID","branch":"army","branch_label":"Army base","type":"Barracks","feature_code":"S.BRKS","source_id":"geonames:6583444"},"geometry":{"type":"Point","coordinates":[107.56444,-6.87167]}},{"type":"Feature","properties":{"name":"Kompi Brigade Mobil","country":"Indonesia","country_code":"ID","branch":"army","branch_label":"Army base","type":"Barracks","feature_code":"S.BRKS","source_id":"geonames:6856932"},"geometry":{"type":"Point","coordinates":[112.6943,-7.5419]}},{"type":"Feature","properties":{"name":"Linud Seratus","country":"Indonesia","country_code":"ID","branch":"army","branch_label":"Army base","type":"Barracks","feature_code":"S.BRKS","source_id":"geonames:6706786"},"geometry":{"type":"Point","coordinates":[98.4753,3.5055]}},{"type":"Feature","properties":{"name":"Pangkalan Tentara Nasional Indonesia Angkatan Udara Iswahjudi","country":"Indonesia","country_code":"ID","branch":"air","branch_label":"Air base","type":"Air base","feature_code":"S.AIRB","source_id":"geonames:6830093"},"geometry":{"type":"Point","coordinates":[111.433,-7.6129]}},{"type":"Feature","properties":{"name":"Soewondo Air Force Base","country":"Indonesia","country_code":"ID","branch":"air","branch_label":"Air base","type":"Air base","feature_code":"S.AIRB","source_id":"geonames:6301237"},"geometry":{"type":"Point","coordinates":[98.67172,3.55806]}},{"type":"Feature","properties":{"name":"8th Shekari Air Base","country":"Iran","country_code":"IR","branch":"air","branch_label":"Air base","type":"Air base","feature_code":"S.AIRB","source_id":"geonames:7464437"},"geometry":{"type":"Point","coordinates":[51.84448,32.77616]}},{"type":"Feature","properties":{"name":"Badr Air Base","country":"Iran","country_code":"IR","branch":"air","branch_label":"Air base","type":"Air base","feature_code":"S.AIRB","source_id":"geonames:417839"},"geometry":{"type":"Point","coordinates":[51.69685,32.62113]}},{"type":"Feature","properties":{"name":"Doshan Tappeh","country":"Iran","country_code":"IR","branch":"air","branch_label":"Air base","type":"Air base","feature_code":"S.AIRB","source_id":"geonames:404590"},"geometry":{"type":"Point","coordinates":[51.47519,35.70296]}},{"type":"Feature","properties":{"name":"Khānehhā-ye Sāzemānī-ye Nīrū-ye Darya’ī","country":"Iran","country_code":"IR","branch":"army","branch_label":"Army base","type":"Barracks","feature_code":"S.BRKS","source_id":"geonames:7925519"},"geometry":{"type":"Point","coordinates":[56.24622,27.17771]}},{"type":"Feature","properties":{"name":"Nogeh","country":"Iran","country_code":"IR","branch":"air","branch_label":"Air base","type":"Air base","feature_code":"S.AIRB","source_id":"geonames:35790"},"geometry":{"type":"Point","coordinates":[48.65344,35.21164]}},{"type":"Feature","properties":{"name":"Omidiyeh","country":"Iran","country_code":"IR","branch":"air","branch_label":"Air base","type":"Air base","feature_code":"S.AIRB","source_id":"geonames:6300038"},"geometry":{"type":"Point","coordinates":[49.535,30.83528]}},{"type":"Feature","properties":{"name":"Pādegān-e Ḩūlī","country":"Iran","country_code":"IR","branch":"army","branch_label":"Army base","type":"Barracks","feature_code":"S.BRKS","source_id":"geonames:11008769"},"geometry":{"type":"Point","coordinates":[48.38096,32.38727]}},{"type":"Feature","properties":{"name":"Pādgān-e Farahābād","country":"Iran","country_code":"IR","branch":"other","branch_label":"Other / unknown","type":"Military base","feature_code":"L.MILB","source_id":"geonames:404588"},"geometry":{"type":"Point","coordinates":[51.49417,35.68389]}},{"type":"Feature","properties":{"name":"Pādgān-e Jey","country":"Iran","country_code":"IR","branch":"other","branch_label":"Other / unknown","type":"Military base","feature_code":"L.MILB","source_id":"geonames:404574"},"geometry":{"type":"Point","coordinates":[51.35028,35.68111]}},{"type":"Feature","properties":{"name":"Pāsgāh-e Nīrū-ye Entez̧āmī-ye Khorramrūd","country":"Iran","country_code":"IR","branch":"army","branch_label":"Army base","type":"Barracks","feature_code":"S.BRKS","source_id":"geonames:11240403"},"geometry":{"type":"Point","coordinates":[48.31673,34.69966]}},{"type":"Feature","properties":{"name":"Pāsgāh-e Nīrū-ye Entez̧āmī-ye Vahanābād","country":"Iran","country_code":"IR","branch":"army","branch_label":"Army base","type":"Barracks","feature_code":"S.BRKS","source_id":"geonames:11483891"},"geometry":{"type":"Point","coordinates":[51.18089,35.44848]}},{"type":"Feature","properties":{"name":"Shahid Vatan Pour Air Base","country":"Iran","country_code":"IR","branch":"air","branch_label":"Air base","type":"Air base","feature_code":"S.AIRB","source_id":"geonames:12086236"},"geometry":{"type":"Point","coordinates":[51.69123,32.56724]}},{"type":"Feature","properties":{"name":"Vahdati AFB","country":"Iran","country_code":"IR","branch":"air","branch_label":"Air base","type":"Air base","feature_code":"S.AIRB","source_id":"geonames:66098"},"geometry":{"type":"Point","coordinates":[48.38333,32.43333]}},{"type":"Feature","properties":{"name":"Al Taji","country":"Iraq","country_code":"IQ","branch":"air","branch_label":"Air base","type":"Air base","feature_code":"S.AIRB","source_id":"geonames:11499693"},"geometry":{"type":"Point","coordinates":[44.25685,33.52363]}},{"type":"Feature","properties":{"name":"Ali Base","country":"Iraq","country_code":"IQ","branch":"air","branch_label":"Air base","type":"Air base","feature_code":"S.AIRB","source_id":"geonames:11499695"},"geometry":{"type":"Point","coordinates":[46.09001,30.93556]}},{"type":"Feature","properties":{"name":"Fort Suse","country":"Iraq","country_code":"IQ","branch":"army","branch_label":"Army base","type":"Barracks","feature_code":"S.BRKS","source_id":"geonames:9255811"},"geometry":{"type":"Point","coordinates":[45.13816,35.76317]}},{"type":"Feature","properties":{"name":"H3 Northwest AFB","country":"Iraq","country_code":"IQ","branch":"air","branch_label":"Air base","type":"Air base","feature_code":"S.AIRB","source_id":"geonames:11749411"},"geometry":{"type":"Point","coordinates":[39.59125,33.07367]}},{"type":"Feature","properties":{"name":"Maqarr ad Dīb","country":"Iraq","country_code":"IQ","branch":"army","branch_label":"Army base","type":"Barracks","feature_code":"S.BRKS","source_id":"geonames:6755962"},"geometry":{"type":"Point","coordinates":[40.18931,34.06543]}},{"type":"Feature","properties":{"name":"Maḩdūdeh-e Pādegān-e Khaţībeh","country":"Iraq","country_code":"IQ","branch":"other","branch_label":"Other / unknown","type":"Military base","feature_code":"L.MILB","source_id":"geonames:6687218"},"geometry":{"type":"Point","coordinates":[46.0491,33.0055]}},{"type":"Feature","properties":{"name":"Moqāvemat-e Varmehrāz","country":"Iraq","country_code":"IQ","branch":"other","branch_label":"Other / unknown","type":"Military base","feature_code":"L.MILB","source_id":"geonames:6687199"},"geometry":{"type":"Point","coordinates":[46.0899,33.1627]}},{"type":"Feature","properties":{"name":"Nasiriyah Ali Air Base","country":"Iraq","country_code":"IQ","branch":"air","branch_label":"Air base","type":"Air base","feature_code":"S.AIRB","source_id":"geonames:11497288"},"geometry":{"type":"Point","coordinates":[46.18584,30.95671]}},{"type":"Feature","properties":{"name":"Pādegān-e Khāled ebn Valīd","country":"Iraq","country_code":"IQ","branch":"other","branch_label":"Other / unknown","type":"Military base","feature_code":"L.MILB","source_id":"geonames:6687141"},"geometry":{"type":"Point","coordinates":[46.0618,32.9424]}},{"type":"Feature","properties":{"name":"Pādegān-e Āmūzeshī-ye Zarbātīyeh","country":"Iraq","country_code":"IQ","branch":"other","branch_label":"Other / unknown","type":"Military base","feature_code":"L.MILB","source_id":"geonames:6687203"},"geometry":{"type":"Point","coordinates":[46.0418,33.1387]}},{"type":"Feature","properties":{"name":"Pāygāh-e Khasham","country":"Iraq","country_code":"IQ","branch":"other","branch_label":"Other / unknown","type":"Military base","feature_code":"L.MILB","source_id":"geonames:6687200"},"geometry":{"type":"Point","coordinates":[46.0807,33.1482]}},{"type":"Feature","properties":{"name":"Pāygāh-e Khaţībeh","country":"Iraq","country_code":"IQ","branch":"other","branch_label":"Other / unknown","type":"Military base","feature_code":"L.MILB","source_id":"geonames:6687239"},"geometry":{"type":"Point","coordinates":[46.1408,33.0587]}},{"type":"Feature","properties":{"name":"Pāygāh-e Nez̧āmī-ye Sheykh Ḩoseyn-e Khomeys","country":"Iraq","country_code":"IQ","branch":"other","branch_label":"Other / unknown","type":"Military base","feature_code":"L.MILB","source_id":"geonames:6687143"},"geometry":{"type":"Point","coordinates":[46.1425,32.9578]}},{"type":"Feature","properties":{"name":"Pāygāh-e Ta‘ān","country":"Iraq","country_code":"IQ","branch":"other","branch_label":"Other / unknown","type":"Military base","feature_code":"L.MILB","source_id":"geonames:6687205"},"geometry":{"type":"Point","coordinates":[46.0886,33.1304]}},{"type":"Feature","properties":{"name":"Rasheed","country":"Iraq","country_code":"IQ","branch":"air","branch_label":"Air base","type":"Air base","feature_code":"S.AIRB","source_id":"geonames:11499692"},"geometry":{"type":"Point","coordinates":[44.49432,33.27886]}},{"type":"Feature","properties":{"name":"Spyker Air Base","country":"Iraq","country_code":"IQ","branch":"air","branch_label":"Air base","type":"Air base","feature_code":"S.AIRB","source_id":"geonames:10173025"},"geometry":{"type":"Point","coordinates":[43.55169,34.68009]}},{"type":"Feature","properties":{"name":"Tall Afar","country":"Iraq","country_code":"IQ","branch":"air","branch_label":"Air base","type":"Air base","feature_code":"S.AIRB","source_id":"geonames:6786676"},"geometry":{"type":"Point","coordinates":[42.40325,36.28323]}},{"type":"Feature","properties":{"name":"Ubaydah Bin Al Jarrah","country":"Iraq","country_code":"IQ","branch":"air","branch_label":"Air base","type":"Air base","feature_code":"S.AIRB","source_id":"geonames:11499694"},"geometry":{"type":"Point","coordinates":[45.75711,32.48199]}},{"type":"Feature","properties":{"name":"Cloghbrack Bridge","country":"Ireland","country_code":"IE","branch":"army","branch_label":"Army base","type":"Barracks","feature_code":"S.BRKS","source_id":"geonames:9866675"},"geometry":{"type":"Point","coordinates":[-6.97872,53.56851]}},{"type":"Feature","properties":{"name":"Garrison Hill","country":"Ireland","country_code":"IE","branch":"army","branch_label":"Army base","type":"Barracks","feature_code":"S.BRKS","source_id":"geonames:12191749"},"geometry":{"type":"Point","coordinates":[-6.61297,53.13066]}},{"type":"Feature","properties":{"name":"Tomacork Barrack","country":"Ireland","country_code":"IE","branch":"army","branch_label":"Army base","type":"Barracks","feature_code":"S.BRKS","source_id":"geonames:3304859"},"geometry":{"type":"Point","coordinates":[-6.48639,52.7275]}},{"type":"Feature","properties":{"name":"Hatserim","country":"Israel","country_code":"IL","branch":"air","branch_label":"Air base","type":"Air base","feature_code":"S.AIRB","source_id":"geonames:11483580"},"geometry":{"type":"Point","coordinates":[34.66139,31.23371]}},{"type":"Feature","properties":{"name":"Hatserim Northwest","country":"Israel","country_code":"IL","branch":"air","branch_label":"Air base","type":"Air base","feature_code":"S.AIRB","source_id":"geonames:11483581"},"geometry":{"type":"Point","coordinates":[34.64046,31.26052]}},{"type":"Feature","properties":{"name":"Hatzor","country":"Israel","country_code":"IL","branch":"air","branch_label":"Air base","type":"Air base","feature_code":"S.AIRB","source_id":"geonames:11483579"},"geometry":{"type":"Point","coordinates":[34.72856,31.76231]}},{"type":"Feature","properties":{"name":"Palmahim Airbase","country":"Israel","country_code":"IL","branch":"air","branch_label":"Air base","type":"Air base","feature_code":"S.AIRB","source_id":"geonames:11483582"},"geometry":{"type":"Point","coordinates":[34.69108,31.89971]}},{"type":"Feature","properties":{"name":"Qela‘","country":"Israel","country_code":"IL","branch":"other","branch_label":"Other / unknown","type":"Military base","feature_code":"L.MILB","source_id":"geonames:443103"},"geometry":{"type":"Point","coordinates":[35.71673,33.16867]}},{"type":"Feature","properties":{"name":"Ramat David","country":"Israel","country_code":"IL","branch":"air","branch_label":"Air base","type":"Air base","feature_code":"S.AIRB","source_id":"geonames:11483577"},"geometry":{"type":"Point","coordinates":[35.17946,32.66514]}},{"type":"Feature","properties":{"name":"Tel Nof","country":"Israel","country_code":"IL","branch":"air","branch_label":"Air base","type":"Air base","feature_code":"S.AIRB","source_id":"geonames:11483578"},"geometry":{"type":"Point","coordinates":[34.82612,31.83743]}},{"type":"Feature","properties":{"name":"Arsenale","country":"Italy","country_code":"IT","branch":"naval","branch_label":"Naval base","type":"Naval base","feature_code":"L.NVB","source_id":"geonames:7910807"},"geometry":{"type":"Point","coordinates":[12.35228,45.43654]}},{"type":"Feature","properties":{"name":"Decimomannu Italian Air Force Base","country":"Italy","country_code":"IT","branch":"air","branch_label":"Air base","type":"Air base","feature_code":"S.AIRB","source_id":"geonames:7731735"},"geometry":{"type":"Point","coordinates":[8.95043,39.34267]}},{"type":"Feature","properties":{"name":"NATO naval base","country":"Italy","country_code":"IT","branch":"naval","branch_label":"Naval base","type":"Naval base","feature_code":"L.NVB","source_id":"geonames:8015053"},"geometry":{"type":"Point","coordinates":[13.57743,41.21668]}},{"type":"Feature","properties":{"name":"Abashiri Kaijō Hoansho","country":"Japan","country_code":"JP","branch":"naval","branch_label":"Naval base","type":"Coast guard station","feature_code":"S.STNC","source_id":"geonames:11717277"},"geometry":{"type":"Point","coordinates":[144.27848,44.02142]}},{"type":"Feature","properties":{"name":"Chitose Air Base","country":"Japan","country_code":"JP","branch":"air","branch_label":"Air base","type":"Air base","feature_code":"S.AIRB","source_id":"geonames:6301825"},"geometry":{"type":"Point","coordinates":[141.66645,42.79447]}},{"type":"Feature","properties":{"name":"Daisan Kanku Kaijō Hoan Honbu Yokohama Kidō Bōjo Kichi","country":"Japan","country_code":"JP","branch":"naval","branch_label":"Naval base","type":"Coast guard station","feature_code":"S.STNC","source_id":"geonames:11061003"},"geometry":{"type":"Point","coordinates":[139.64413,35.45494]}},{"type":"Feature","properties":{"name":"Kadena Air Base","country":"Japan","country_code":"JP","branch":"air","branch_label":"Air base","type":"Air base","feature_code":"S.AIRB","source_id":"geonames:1847955"},"geometry":{"type":"Point","coordinates":[127.76702,26.35647]}},{"type":"Feature","properties":{"name":"Kaijō Hoanbu Haneda Kōkū Kichi","country":"Japan","country_code":"JP","branch":"naval","branch_label":"Naval base","type":"Coast guard station","feature_code":"S.STNC","source_id":"geonames:10957427"},"geometry":{"type":"Point","coordinates":[139.75667,35.55756]}},{"type":"Feature","properties":{"name":"Kaijō Hoanchō Sodegaura Bunshitsu","country":"Japan","country_code":"JP","branch":"naval","branch_label":"Naval base","type":"Coast guard station","feature_code":"S.STNC","source_id":"geonames:11077475"},"geometry":{"type":"Point","coordinates":[139.96943,35.44594]}},{"type":"Feature","properties":{"name":"Katsu’ura Kaijō Hoansho","country":"Japan","country_code":"JP","branch":"naval","branch_label":"Naval base","type":"Coast guard station","feature_code":"S.STNC","source_id":"geonames:11111851"},"geometry":{"type":"Point","coordinates":[140.31144,35.14853]}},{"type":"Feature","properties":{"name":"Kisarazu Japan Coast Guard Station","country":"Japan","country_code":"JP","branch":"naval","branch_label":"Naval base","type":"Military base","feature_code":"L.MILB","source_id":"geonames:12953987"},"geometry":{"type":"Point","coordinates":[139.89213,35.37075]}},{"type":"Feature","properties":{"name":"Marine Corps Air Station Futenma","country":"Japan","country_code":"JP","branch":"air","branch_label":"Air base","type":"Air base","feature_code":"S.AIRB","source_id":"geonames:6301844"},"geometry":{"type":"Point","coordinates":[127.75649,26.27427]}},{"type":"Feature","properties":{"name":"Nagoyakō Kaijō Kōtsū Center","country":"Japan","country_code":"JP","branch":"naval","branch_label":"Naval base","type":"Coast guard station","feature_code":"S.STNC","source_id":"geonames:12626494"},"geometry":{"type":"Point","coordinates":[136.8464,35.03487]}},{"type":"Feature","properties":{"name":"Naha Air Base","country":"Japan","country_code":"JP","branch":"air","branch_label":"Air base","type":"Air base","feature_code":"S.AIRB","source_id":"geonames:1847949"},"geometry":{"type":"Point","coordinates":[127.6457,26.19796]}},{"type":"Feature","properties":{"name":"Ominato JMSDF Port","country":"Japan","country_code":"JP","branch":"naval","branch_label":"Naval base","type":"Naval base","feature_code":"L.NVB","source_id":"geonames:12908933"},"geometry":{"type":"Point","coordinates":[141.14431,41.25556]}},{"type":"Feature","properties":{"name":"Shōnan Kaijō Hoansho","country":"Japan","country_code":"JP","branch":"naval","branch_label":"Naval base","type":"Coast guard station","feature_code":"S.STNC","source_id":"geonames:10438074"},"geometry":{"type":"Point","coordinates":[139.48424,35.29891]}},{"type":"Feature","properties":{"name":"Yokota Air Base","country":"Japan","country_code":"JP","branch":"air","branch_label":"Air base","type":"Air base","feature_code":"S.AIRB","source_id":"geonames:6301831"},"geometry":{"type":"Point","coordinates":[139.34848,35.74849]}},{"type":"Feature","properties":{"name":"Iskān ad Difā‘ al Madanī","country":"Jordan","country_code":"JO","branch":"army","branch_label":"Army base","type":"Barracks","feature_code":"S.BRKS","source_id":"geonames:11705737"},"geometry":{"type":"Point","coordinates":[35.71112,30.19241]}},{"type":"Feature","properties":{"name":"King Abdullah II Airbase","country":"Jordan","country_code":"JO","branch":"air","branch_label":"Air base","type":"Air base","feature_code":"S.AIRB","source_id":"geonames:11864911"},"geometry":{"type":"Point","coordinates":[36.22377,32.00543]}},{"type":"Feature","properties":{"name":"Baza Nomer Tridtsat’ Tri","country":"Kazakhstan","country_code":"KZ","branch":"army","branch_label":"Army base","type":"Barracks","feature_code":"S.BRKS","source_id":"geonames:10956180"},"geometry":{"type":"Point","coordinates":[68.48296,40.8263]}},{"type":"Feature","properties":{"name":"Iliysk South","country":"Kazakhstan","country_code":"KZ","branch":"air","branch_label":"Air base","type":"Air base","feature_code":"S.AIRB","source_id":"geonames:11473967"},"geometry":{"type":"Point","coordinates":[77.11983,43.73216]}},{"type":"Feature","properties":{"name":"Kazarma 152 Kilometr","country":"Kazakhstan","country_code":"KZ","branch":"army","branch_label":"Army base","type":"Barracks","feature_code":"S.BRKS","source_id":"geonames:11454025"},"geometry":{"type":"Point","coordinates":[70.91019,48.49437]}},{"type":"Feature","properties":{"name":"Kazarma 164 Kilometr","country":"Kazakhstan","country_code":"KZ","branch":"army","branch_label":"Army base","type":"Barracks","feature_code":"S.BRKS","source_id":"geonames:11454024"},"geometry":{"type":"Point","coordinates":[70.77567,48.5428]}},{"type":"Feature","properties":{"name":"Kazarma Akshagyl","country":"Kazakhstan","country_code":"KZ","branch":"army","branch_label":"Army base","type":"Barracks","feature_code":"S.BRKS","source_id":"geonames:12231814"},"geometry":{"type":"Point","coordinates":[72.93551,47.67762]}},{"type":"Feature","properties":{"name":"Kazarma Belaya","country":"Kazakhstan","country_code":"KZ","branch":"army","branch_label":"Army base","type":"Barracks","feature_code":"S.BRKS","source_id":"geonames:12300346"},"geometry":{"type":"Point","coordinates":[51.30924,51.23916]}},{"type":"Feature","properties":{"name":"Kazarma Burkitti","country":"Kazakhstan","country_code":"KZ","branch":"army","branch_label":"Army base","type":"Barracks","feature_code":"S.BRKS","source_id":"geonames:12231819"},"geometry":{"type":"Point","coordinates":[72.93857,47.80488]}},{"type":"Feature","properties":{"name":"Kazarma Devyanosto Tretiy Kilometr","country":"Kazakhstan","country_code":"KZ","branch":"army","branch_label":"Army base","type":"Barracks","feature_code":"S.BRKS","source_id":"geonames:11418030"},"geometry":{"type":"Point","coordinates":[61.90401,52.86424]}},{"type":"Feature","properties":{"name":"Kazarma Devyanostyy Kilometr","country":"Kazakhstan","country_code":"KZ","branch":"army","branch_label":"Army base","type":"Barracks","feature_code":"S.BRKS","source_id":"geonames:11417988"},"geometry":{"type":"Point","coordinates":[61.86384,52.87192]}},{"type":"Feature","properties":{"name":"Kazarma Dvesti Chetyrnadtsatyy Kilometr","country":"Kazakhstan","country_code":"KZ","branch":"army","branch_label":"Army base","type":"Barracks","feature_code":"S.BRKS","source_id":"geonames:11454022"},"geometry":{"type":"Point","coordinates":[70.12998,48.43455]}},{"type":"Feature","properties":{"name":"Kazarma Dvesti Odin Kilometr","country":"Kazakhstan","country_code":"KZ","branch":"army","branch_label":"Army base","type":"Barracks","feature_code":"S.BRKS","source_id":"geonames:11454023"},"geometry":{"type":"Point","coordinates":[70.28676,48.48626]}},{"type":"Feature","properties":{"name":"Kazarma Goreloye","country":"Kazakhstan","country_code":"KZ","branch":"army","branch_label":"Army base","type":"Barracks","feature_code":"S.BRKS","source_id":"geonames:1530670"},"geometry":{"type":"Point","coordinates":[70.26607,54.89464]}},{"type":"Feature","properties":{"name":"Kazarma Nomer 619","country":"Kazakhstan","country_code":"KZ","branch":"army","branch_label":"Army base","type":"Barracks","feature_code":"S.BRKS","source_id":"geonames:11449506"},"geometry":{"type":"Point","coordinates":[80.53275,50.67576]}},{"type":"Feature","properties":{"name":"Kazarma Nomer Dvesti Vosem’desyat Sem’","country":"Kazakhstan","country_code":"KZ","branch":"army","branch_label":"Army base","type":"Barracks","feature_code":"S.BRKS","source_id":"geonames:12160119"},"geometry":{"type":"Point","coordinates":[73.99334,45.0236]}},{"type":"Feature","properties":{"name":"Kazarma Nomer Pyat’sot Shest’desyat","country":"Kazakhstan","country_code":"KZ","branch":"army","branch_label":"Army base","type":"Barracks","feature_code":"S.BRKS","source_id":"geonames:11509648"},"geometry":{"type":"Point","coordinates":[81.05091,51.06598]}},{"type":"Feature","properties":{"name":"Kazarma Nomer Pyat’sot Shest’desyat Tri","country":"Kazakhstan","country_code":"KZ","branch":"army","branch_label":"Army base","type":"Barracks","feature_code":"S.BRKS","source_id":"geonames:11509650"},"geometry":{"type":"Point","coordinates":[81.02622,51.0417]}},{"type":"Feature","properties":{"name":"Kazarma Nomer Pyat’sot Vosem’desyat Shest’","country":"Kazakhstan","country_code":"KZ","branch":"army","branch_label":"Army base","type":"Barracks","feature_code":"S.BRKS","source_id":"geonames:11449503"},"geometry":{"type":"Point","coordinates":[80.80142,50.90433]}},{"type":"Feature","properties":{"name":"Kazarma Nomer Pyat’sot Vosem’desyat Vosem’","country":"Kazakhstan","country_code":"KZ","branch":"army","branch_label":"Army base","type":"Barracks","feature_code":"S.BRKS","source_id":"geonames:11449504"},"geometry":{"type":"Point","coordinates":[80.77903,50.89345]}},{"type":"Feature","properties":{"name":"Kazarma Nomer Trista Vosem’desyat Sem’","country":"Kazakhstan","country_code":"KZ","branch":"army","branch_label":"Army base","type":"Barracks","feature_code":"S.BRKS","source_id":"geonames:12161178"},"geometry":{"type":"Point","coordinates":[80.16565,47.57986]}},{"type":"Feature","properties":{"name":"Kazarma Shest’desyat Pyatyy Kilometr","country":"Kazakhstan","country_code":"KZ","branch":"army","branch_label":"Army base","type":"Barracks","feature_code":"S.BRKS","source_id":"geonames:12243783"},"geometry":{"type":"Point","coordinates":[78.57726,44.18664]}},{"type":"Feature","properties":{"name":"Kazarma Shest’sot Dvadtsat’ Sed’moy Kilometr","country":"Kazakhstan","country_code":"KZ","branch":"army","branch_label":"Army base","type":"Barracks","feature_code":"S.BRKS","source_id":"geonames:1483591"},"geometry":{"type":"Point","coordinates":[80.46252,50.62023]}},{"type":"Feature","properties":{"name":"Kazarma Sto Dvadtsat’ Pyatyy Kilometr","country":"Kazakhstan","country_code":"KZ","branch":"army","branch_label":"Army base","type":"Barracks","feature_code":"S.BRKS","source_id":"geonames:10883349"},"geometry":{"type":"Point","coordinates":[68.974,54.85878]}},{"type":"Feature","properties":{"name":"Kazarma Trista Pyat’desyat Pervyy Kilometr","country":"Kazakhstan","country_code":"KZ","branch":"army","branch_label":"Army base","type":"Barracks","feature_code":"S.BRKS","source_id":"geonames:11421097"},"geometry":{"type":"Point","coordinates":[65.34526,52.20475]}},{"type":"Feature","properties":{"name":"Kazarma Trista Tridtsatyy Kilometr","country":"Kazakhstan","country_code":"KZ","branch":"army","branch_label":"Army base","type":"Barracks","feature_code":"S.BRKS","source_id":"geonames:11421092"},"geometry":{"type":"Point","coordinates":[65.07042,52.27907]}},{"type":"Feature","properties":{"name":"Kazarma Trista Tridtsat’ Devyatyy Kilometr","country":"Kazakhstan","country_code":"KZ","branch":"army","branch_label":"Army base","type":"Barracks","feature_code":"S.BRKS","source_id":"geonames:11421095"},"geometry":{"type":"Point","coordinates":[65.18647,52.24765]}},{"type":"Feature","properties":{"name":"Kazarma Trista Tridtsat’ Tretiy Kilometr","country":"Kazakhstan","country_code":"KZ","branch":"army","branch_label":"Army base","type":"Barracks","feature_code":"S.BRKS","source_id":"geonames:11421093"},"geometry":{"type":"Point","coordinates":[65.10475,52.26907]}},{"type":"Feature","properties":{"name":"Kazarma Tysyacha Dvesti Devyanostyy Kilometr","country":"Kazakhstan","country_code":"KZ","branch":"army","branch_label":"Army base","type":"Barracks","feature_code":"S.BRKS","source_id":"geonames:10975148"},"geometry":{"type":"Point","coordinates":[74.04078,43.86235]}},{"type":"Feature","properties":{"name":"Kazarma Tysyacha Dvesti Vosem’desyat Shest’oy Kilometr","country":"Kazakhstan","country_code":"KZ","branch":"army","branch_label":"Army base","type":"Barracks","feature_code":"S.BRKS","source_id":"geonames:10975147"},"geometry":{"type":"Point","coordinates":[74.09494,43.88085]}},{"type":"Feature","properties":{"name":"Kazarma Tysyacha Sto Devyatnadtsatyy Kilometr","country":"Kazakhstan","country_code":"KZ","branch":"army","branch_label":"Army base","type":"Barracks","feature_code":"S.BRKS","source_id":"geonames:12154617"},"geometry":{"type":"Point","coordinates":[73.97081,47.04832]}},{"type":"Feature","properties":{"name":"Kazarma Tysyacha Sto Dvadtsat’ Pyatyy Kilometr","country":"Kazakhstan","country_code":"KZ","branch":"army","branch_label":"Army base","type":"Barracks","feature_code":"S.BRKS","source_id":"geonames:12154717"},"geometry":{"type":"Point","coordinates":[74.03673,47.0188]}},{"type":"Feature","properties":{"name":"Kazarma Tysyacha Sto Sed’moy Kilometr","country":"Kazakhstan","country_code":"KZ","branch":"army","branch_label":"Army base","type":"Barracks","feature_code":"S.BRKS","source_id":"geonames:12154619"},"geometry":{"type":"Point","coordinates":[73.82852,47.09578]}},{"type":"Feature","properties":{"name":"Kazarma Tysyacha Vosem’desyat Chetvërtyy Kilometr","country":"Kazakhstan","country_code":"KZ","branch":"army","branch_label":"Army base","type":"Barracks","feature_code":"S.BRKS","source_id":"geonames:12154618"},"geometry":{"type":"Point","coordinates":[73.55386,47.17638]}},{"type":"Feature","properties":{"name":"Lugovoy","country":"Kazakhstan","country_code":"KZ","branch":"air","branch_label":"Air base","type":"Air base","feature_code":"S.AIRB","source_id":"geonames:11473943"},"geometry":{"type":"Point","coordinates":[72.72794,42.9728]}},{"type":"Feature","properties":{"name":"Laikipia Air Base","country":"Kenya","country_code":"KE","branch":"air","branch_label":"Air base","type":"Air base","feature_code":"S.AIRB","source_id":"geonames:11749417"},"geometry":{"type":"Point","coordinates":[37.02547,0.03742]}},{"type":"Feature","properties":{"name":"Moi Air Base","country":"Kenya","country_code":"KE","branch":"air","branch_label":"Air base","type":"Air base","feature_code":"S.AIRB","source_id":"geonames:11495828"},"geometry":{"type":"Point","coordinates":[36.85782,-1.27318]}},{"type":"Feature","properties":{"name":"Australian Coast Guard Residence","country":"Kiribati","country_code":"KI","branch":"naval","branch_label":"Naval base","type":"Coast guard station","feature_code":"S.STNC","source_id":"geonames:7601855"},"geometry":{"type":"Point","coordinates":[172.94337,1.35258]}},{"type":"Feature","properties":{"name":"GB-US Condominium 1939-79","country":"Kiribati","country_code":"KI","branch":"other","branch_label":"Other / unknown","type":"Military base","feature_code":"L.MILB","source_id":"geonames:7576119"},"geometry":{"type":"Point","coordinates":[-171.08168,-3.13349]}},{"type":"Feature","properties":{"name":"GB-US Condominium 1939-79","country":"Kiribati","country_code":"KI","branch":"other","branch_label":"Other / unknown","type":"Military base","feature_code":"L.MILB","source_id":"geonames:7576136"},"geometry":{"type":"Point","coordinates":[-171.675,-2.81]}},{"type":"Feature","properties":{"name":"Gjakova Amiko","country":"Kosovo","country_code":"XK","branch":"air","branch_label":"Air base","type":"Air base","feature_code":"S.AIRB","source_id":"geonames:11503188"},"geometry":{"type":"Point","coordinates":[20.43415,42.43158]}},{"type":"Feature","properties":{"name":"Ahmed Al Jaber Air Base","country":"Kuwait","country_code":"KW","branch":"air","branch_label":"Air base","type":"Air base","feature_code":"S.AIRB","source_id":"geonames:393884"},"geometry":{"type":"Point","coordinates":[47.79078,28.93956]}},{"type":"Feature","properties":{"name":"Al Abraq","country":"Kuwait","country_code":"KW","branch":"army","branch_label":"Army base","type":"Barracks","feature_code":"S.BRKS","source_id":"geonames:285847"},"geometry":{"type":"Point","coordinates":[46.955,29.37]}},{"type":"Feature","properties":{"name":"Al Mubārakīyah","country":"Kuwait","country_code":"KW","branch":"army","branch_label":"Army base","type":"Barracks","feature_code":"S.BRKS","source_id":"geonames:388054"},"geometry":{"type":"Point","coordinates":[47.9125,29.31722]}},{"type":"Feature","properties":{"name":"Ali Al Salem Airbase","country":"Kuwait","country_code":"KW","branch":"air","branch_label":"Air base","type":"Air base","feature_code":"S.AIRB","source_id":"geonames:393283"},"geometry":{"type":"Point","coordinates":[47.52222,29.34726]}},{"type":"Feature","properties":{"name":"Camp Buehring","country":"Kuwait","country_code":"KW","branch":"air","branch_label":"Air base","type":"Air base","feature_code":"S.AIRB","source_id":"geonames:11550722"},"geometry":{"type":"Point","coordinates":[47.43309,29.69898]}},{"type":"Feature","properties":{"name":"Kant Air Base","country":"Kyrgyzstan","country_code":"KG","branch":"air","branch_label":"Air base","type":"Air base","feature_code":"S.AIRB","source_id":"geonames:10286556"},"geometry":{"type":"Point","coordinates":[74.84565,42.85583]}},{"type":"Feature","properties":{"name":"Beirut Air Base","country":"Lebanon","country_code":"LB","branch":"air","branch_label":"Air base","type":"Air base","feature_code":"S.AIRB","source_id":"geonames:8335363"},"geometry":{"type":"Point","coordinates":[35.48344,33.80925]}},{"type":"Feature","properties":{"name":"Caserne de Sarba","country":"Lebanon","country_code":"LB","branch":"army","branch_label":"Army base","type":"Barracks","feature_code":"S.BRKS","source_id":"geonames:268151"},"geometry":{"type":"Point","coordinates":[35.6175,33.97528]}},{"type":"Feature","properties":{"name":"Rayak Air Base","country":"Lebanon","country_code":"LB","branch":"air","branch_label":"Air base","type":"Air base","feature_code":"S.AIRB","source_id":"geonames:11749473"},"geometry":{"type":"Point","coordinates":[35.99164,33.85288]}},{"type":"Feature","properties":{"name":"New Army Barracks","country":"Liberia","country_code":"LR","branch":"army","branch_label":"Army base","type":"Barracks","feature_code":"S.BRKS","source_id":"geonames:2597295"},"geometry":{"type":"Point","coordinates":[-9.485,7.01611]}},{"type":"Feature","properties":{"name":"Al Fadheel Brigade Barracks","country":"Libya","country_code":"LY","branch":"army","branch_label":"Army base","type":"Barracks","feature_code":"S.BRKS","source_id":"geonames:8608635"},"geometry":{"type":"Point","coordinates":[20.0821,32.09026]}},{"type":"Feature","properties":{"name":"Jufra","country":"Libya","country_code":"LY","branch":"air","branch_label":"Air base","type":"Air base","feature_code":"S.AIRB","source_id":"geonames:12164599"},"geometry":{"type":"Point","coordinates":[16.00105,29.19806]}},{"type":"Feature","properties":{"name":"Martubah Heliport","country":"Libya","country_code":"LY","branch":"air","branch_label":"Air base","type":"Air base","feature_code":"S.AIRB","source_id":"geonames:12164600"},"geometry":{"type":"Point","coordinates":[22.76486,32.56886]}},{"type":"Feature","properties":{"name":"Matan al-Sarra Air Base","country":"Libya","country_code":"LY","branch":"air","branch_label":"Air base","type":"Air base","feature_code":"S.AIRB","source_id":"geonames:11749394"},"geometry":{"type":"Point","coordinates":[21.83198,21.68973]}},{"type":"Feature","properties":{"name":"Mu‘askar Bīrīn","country":"Libya","country_code":"LY","branch":"army","branch_label":"Army base","type":"Barracks","feature_code":"S.BRKS","source_id":"geonames:2218457"},"geometry":{"type":"Point","coordinates":[13.24808,32.8449]}},{"type":"Feature","properties":{"name":"Mu‘askar Madanīyah","country":"Libya","country_code":"LY","branch":"army","branch_label":"Army base","type":"Barracks","feature_code":"S.BRKS","source_id":"geonames:2215583"},"geometry":{"type":"Point","coordinates":[13.21836,32.83252]}},{"type":"Feature","properties":{"name":"Mu‘askar Miyāmī","country":"Libya","country_code":"LY","branch":"army","branch_label":"Army base","type":"Barracks","feature_code":"S.BRKS","source_id":"geonames:2214829"},"geometry":{"type":"Point","coordinates":[13.22897,32.85035]}},{"type":"Feature","properties":{"name":"Okba Ibn Nafa Air Base","country":"Libya","country_code":"LY","branch":"air","branch_label":"Air base","type":"Air base","feature_code":"S.AIRB","source_id":"geonames:11749396"},"geometry":{"type":"Point","coordinates":[11.89322,32.47327]}},{"type":"Feature","properties":{"name":"Sarra Air Base","country":"Libya","country_code":"LY","branch":"air","branch_label":"Air base","type":"Air base","feature_code":"S.AIRB","source_id":"geonames:11749395"},"geometry":{"type":"Point","coordinates":[23.1245,32.44959]}},{"type":"Feature","properties":{"name":"Tarabulus Heliport","country":"Libya","country_code":"LY","branch":"air","branch_label":"Air base","type":"Air base","feature_code":"S.AIRB","source_id":"geonames:12164610"},"geometry":{"type":"Point","coordinates":[13.20444,32.77023]}},{"type":"Feature","properties":{"name":"Wavell Barracks","country":"Libya","country_code":"LY","branch":"army","branch_label":"Army base","type":"Barracks","feature_code":"S.BRKS","source_id":"geonames:80813"},"geometry":{"type":"Point","coordinates":[20.10462,32.11664]}},{"type":"Feature","properties":{"name":"Cobbe Barracks","country":"Malawi","country_code":"MW","branch":"army","branch_label":"Army base","type":"Barracks","feature_code":"S.BRKS","source_id":"geonames:11204677"},"geometry":{"type":"Point","coordinates":[35.305,-15.389]}},{"type":"Feature","properties":{"name":"Parit Lintang","country":"Malaysia","country_code":"MY","branch":"naval","branch_label":"Naval base","type":"Coast guard station","feature_code":"S.STNC","source_id":"geonames:1757262"},"geometry":{"type":"Point","coordinates":[102.66667,2.0]}},{"type":"Feature","properties":{"name":"Kalafrana Air Base (historical)","country":"Malta","country_code":"MT","branch":"air","branch_label":"Air base","type":"Air base","feature_code":"S.AIRB","source_id":"geonames:12122557"},"geometry":{"type":"Point","coordinates":[14.53569,35.8164]}},{"type":"Feature","properties":{"name":"Bucholz Army Airfield","country":"Marshall Islands","country_code":"MH","branch":"air","branch_label":"Air base","type":"Air base","feature_code":"S.AIRB","source_id":"geonames:7303962"},"geometry":{"type":"Point","coordinates":[167.73593,8.72205]}},{"type":"Feature","properties":{"name":"Dyess US Army Air Field","country":"Marshall Islands","country_code":"MH","branch":"air","branch_label":"Air base","type":"Air base","feature_code":"S.AIRB","source_id":"geonames:4039597"},"geometry":{"type":"Point","coordinates":[167.47325,9.39894]}},{"type":"Feature","properties":{"name":"Kwajalein","country":"Marshall Islands","country_code":"MH","branch":"army","branch_label":"Army base","type":"Barracks","feature_code":"S.BRKS","source_id":"geonames:7357893"},"geometry":{"type":"Point","coordinates":[167.73649,8.7426]}},{"type":"Feature","properties":{"name":"Meck US army airfield","country":"Marshall Islands","country_code":"MH","branch":"air","branch_label":"Air base","type":"Air base","feature_code":"S.AIRB","source_id":"geonames:4040412"},"geometry":{"type":"Point","coordinates":[167.72743,9.00286]}},{"type":"Feature","properties":{"name":"CINE","country":"Mexico","country_code":"MX","branch":"army","branch_label":"Army base","type":"Barracks","feature_code":"S.BRKS","source_id":"geonames:13630989"},"geometry":{"type":"Point","coordinates":[-102.74133,21.84178]}},{"type":"Feature","properties":{"name":"Cuartel de Caballeria Motorizada Ejercito Mexicano","country":"Mexico","country_code":"MX","branch":"other","branch_label":"Other / unknown","type":"Military base","feature_code":"L.MILB","source_id":"geonames:6945827"},"geometry":{"type":"Point","coordinates":[-99.67825,18.83952]}},{"type":"Feature","properties":{"name":"Puerto Base Naval de Icacos","country":"Mexico","country_code":"MX","branch":"naval","branch_label":"Naval base","type":"Naval base","feature_code":"L.NVB","source_id":"geonames:9530421"},"geometry":{"type":"Point","coordinates":[-99.84941,16.83833]}},{"type":"Feature","properties":{"name":"Coastguard Berths","country":"Micronesia","country_code":"FM","branch":"naval","branch_label":"Naval base","type":"Coast guard station","feature_code":"S.STNC","source_id":"geonames:7667699"},"geometry":{"type":"Point","coordinates":[158.20348,6.97763]}},{"type":"Feature","properties":{"name":"EEZ Fishery Surveillance Unit","country":"Micronesia","country_code":"FM","branch":"naval","branch_label":"Naval base","type":"Coast guard station","feature_code":"S.STNC","source_id":"geonames:7646983"},"geometry":{"type":"Point","coordinates":[137.4903,8.297]}},{"type":"Feature","properties":{"name":"Petren' Kazarma","country":"Moldova","country_code":"MD","branch":"army","branch_label":"Army base","type":"Barracks","feature_code":"S.BRKS","source_id":"geonames:830806"},"geometry":{"type":"Point","coordinates":[27.85,47.9075]}},{"type":"Feature","properties":{"name":"Tiraspol Air Base","country":"Moldova","country_code":"MD","branch":"air","branch_label":"Air base","type":"Air base","feature_code":"S.AIRB","source_id":"geonames:10177085"},"geometry":{"type":"Point","coordinates":[29.58858,46.86547]}},{"type":"Feature","properties":{"name":"Nalaikh","country":"Mongolia","country_code":"MN","branch":"air","branch_label":"Air base","type":"Air base","feature_code":"S.AIRB","source_id":"geonames:11500198"},"geometry":{"type":"Point","coordinates":[107.3739,47.73838]}},{"type":"Feature","properties":{"name":"Nemegete Uula","country":"Mongolia","country_code":"MN","branch":"air","branch_label":"Air base","type":"Air base","feature_code":"S.AIRB","source_id":"geonames:11500205"},"geometry":{"type":"Point","coordinates":[101.38607,42.98716]}},{"type":"Feature","properties":{"name":"Ancienne Caserne Militaire","country":"Morocco","country_code":"MA","branch":"army","branch_label":"Army base","type":"Barracks","feature_code":"S.BRKS","source_id":"geonames:10957613"},"geometry":{"type":"Point","coordinates":[-1.93683,34.79229]}},{"type":"Feature","properties":{"name":"Ben Guerir","country":"Morocco","country_code":"MA","branch":"air","branch_label":"Air base","type":"Air base","feature_code":"S.AIRB","source_id":"geonames:12092465"},"geometry":{"type":"Point","coordinates":[-7.87803,32.12497]}},{"type":"Feature","properties":{"name":"Complexe Amical Zahra","country":"Morocco","country_code":"MA","branch":"army","branch_label":"Army base","type":"Barracks","feature_code":"S.BRKS","source_id":"geonames:10955414"},"geometry":{"type":"Point","coordinates":[-5.5751,35.83742]}},{"type":"Feature","properties":{"name":"First Royal Air Force Base","country":"Morocco","country_code":"MA","branch":"air","branch_label":"Air base","type":"Air base","feature_code":"S.AIRB","source_id":"geonames:8531795"},"geometry":{"type":"Point","coordinates":[-6.75007,34.05422]}},{"type":"Feature","properties":{"name":"Garde Royale Zouada","country":"Morocco","country_code":"MA","branch":"army","branch_label":"Army base","type":"Barracks","feature_code":"S.BRKS","source_id":"geonames:10955350"},"geometry":{"type":"Point","coordinates":[-5.50005,35.63216]}},{"type":"Feature","properties":{"name":"Lqachla","country":"Morocco","country_code":"MA","branch":"army","branch_label":"Army base","type":"Barracks","feature_code":"S.BRKS","source_id":"geonames:11060391"},"geometry":{"type":"Point","coordinates":[-5.45385,35.56142]}},{"type":"Feature","properties":{"name":"Sidi Slimane","country":"Morocco","country_code":"MA","branch":"air","branch_label":"Air base","type":"Air base","feature_code":"S.AIRB","source_id":"geonames:2532951"},"geometry":{"type":"Point","coordinates":[-6.05023,34.23064]}},{"type":"Feature","properties":{"name":"Meiktila Air Base","country":"Myanmar","country_code":"MM","branch":"air","branch_label":"Air base","type":"Air base","feature_code":"S.AIRB","source_id":"geonames:11749514"},"geometry":{"type":"Point","coordinates":[95.89005,20.89081]}},{"type":"Feature","properties":{"name":"Nampong Air Base","country":"Myanmar","country_code":"MM","branch":"air","branch_label":"Air base","type":"Air base","feature_code":"S.AIRB","source_id":"geonames:11749515"},"geometry":{"type":"Point","coordinates":[97.29565,25.34697]}},{"type":"Feature","properties":{"name":"Shante Air Base","country":"Myanmar","country_code":"MM","branch":"air","branch_label":"Air base","type":"Air base","feature_code":"S.AIRB","source_id":"geonames:11749516"},"geometry":{"type":"Point","coordinates":[95.91331,20.94525]}},{"type":"Feature","properties":{"name":"Whenuapai","country":"New Zealand","country_code":"NZ","branch":"air","branch_label":"Air base","type":"Air base","feature_code":"S.AIRB","source_id":"geonames:6299998"},"geometry":{"type":"Point","coordinates":[174.63028,-36.78778]}},{"type":"Feature","properties":{"name":"Doutchi","country":"Nigeria","country_code":"NG","branch":"other","branch_label":"Other / unknown","type":"Military base","feature_code":"L.MILB","source_id":"geonames:12157143"},"geometry":{"type":"Point","coordinates":[12.621,13.279]}},{"type":"Feature","properties":{"name":"Itsekiri Quarters","country":"Nigeria","country_code":"NG","branch":"army","branch_label":"Army base","type":"Barracks","feature_code":"S.BRKS","source_id":"geonames:7031389"},"geometry":{"type":"Point","coordinates":[5.57351,5.95941]}},{"type":"Feature","properties":{"name":"J.A. Thomas Staff Quarters","country":"Nigeria","country_code":"NG","branch":"army","branch_label":"Army base","type":"Barracks","feature_code":"S.BRKS","source_id":"geonames:7031388"},"geometry":{"type":"Point","coordinates":[5.73887,5.96073]}},{"type":"Feature","properties":{"name":"Ja Thomas Staff Quarters","country":"Nigeria","country_code":"NG","branch":"army","branch_label":"Army base","type":"Barracks","feature_code":"S.BRKS","source_id":"geonames:7031387"},"geometry":{"type":"Point","coordinates":[5.77856,5.97575]}},{"type":"Feature","properties":{"name":"Pamol Staff Quarters","country":"Nigeria","country_code":"NG","branch":"army","branch_label":"Army base","type":"Barracks","feature_code":"S.BRKS","source_id":"geonames:7031384"},"geometry":{"type":"Point","coordinates":[5.68659,5.92653]}},{"type":"Feature","properties":{"name":"Chonggong-ni DPRK Underground Naval Base","country":"North Korea","country_code":"KP","branch":"naval","branch_label":"Naval base","type":"Naval base","feature_code":"L.NVB","source_id":"geonames:11820080"},"geometry":{"type":"Point","coordinates":[128.2129,38.73374]}},{"type":"Feature","properties":{"name":"Ch’ŏngjin-haegun’giji","country":"North Korea","country_code":"KP","branch":"naval","branch_label":"Naval base","type":"Naval base","feature_code":"L.NVB","source_id":"geonames:6305249"},"geometry":{"type":"Point","coordinates":[129.83186,41.77416]}},{"type":"Feature","properties":{"name":"Hyon Ni","country":"North Korea","country_code":"KP","branch":"air","branch_label":"Air base","type":"Air base","feature_code":"S.AIRB","source_id":"geonames:11526482"},"geometry":{"type":"Point","coordinates":[127.45183,38.61347]}},{"type":"Feature","properties":{"name":"Kangdong","country":"North Korea","country_code":"KP","branch":"air","branch_label":"Air base","type":"Air base","feature_code":"S.AIRB","source_id":"geonames:11526485"},"geometry":{"type":"Point","coordinates":[126.04101,39.15834]}},{"type":"Feature","properties":{"name":"Nuchon Ni","country":"North Korea","country_code":"KP","branch":"air","branch_label":"Air base","type":"Air base","feature_code":"S.AIRB","source_id":"geonames:11506254"},"geometry":{"type":"Point","coordinates":[126.12071,38.238]}},{"type":"Feature","properties":{"name":"Pukchang","country":"North Korea","country_code":"KP","branch":"air","branch_label":"Air base","type":"Air base","feature_code":"S.AIRB","source_id":"geonames:11526491"},"geometry":{"type":"Point","coordinates":[125.96465,39.50449]}},{"type":"Feature","properties":{"name":"Riwon Airbase","country":"North Korea","country_code":"KP","branch":"air","branch_label":"Air base","type":"Air base","feature_code":"S.AIRB","source_id":"geonames:11749418"},"geometry":{"type":"Point","coordinates":[128.71689,40.36015]}},{"type":"Feature","properties":{"name":"Sunchon","country":"North Korea","country_code":"KP","branch":"air","branch_label":"Air base","type":"Air base","feature_code":"S.AIRB","source_id":"geonames:11526494"},"geometry":{"type":"Point","coordinates":[125.89076,39.41214]}},{"type":"Feature","properties":{"name":"Taetan","country":"North Korea","country_code":"KP","branch":"air","branch_label":"Air base","type":"Air base","feature_code":"S.AIRB","source_id":"geonames:11526496"},"geometry":{"type":"Point","coordinates":[125.24619,38.13066]}},{"type":"Feature","properties":{"name":"Uiju Naval Dock","country":"North Korea","country_code":"KP","branch":"naval","branch_label":"Naval base","type":"Naval base","feature_code":"L.NVB","source_id":"geonames:11427919"},"geometry":{"type":"Point","coordinates":[124.53917,40.21572]}},{"type":"Feature","properties":{"name":"Kasarna Kadiica","country":"North Macedonia","country_code":"MK","branch":"army","branch_label":"Army base","type":"Barracks","feature_code":"S.BRKS","source_id":"geonames:8717067"},"geometry":{"type":"Point","coordinates":[21.51655,41.43707]}},{"type":"Feature","properties":{"name":"Sadojne","country":"North Macedonia","country_code":"MK","branch":"army","branch_label":"Army base","type":"Barracks","feature_code":"S.BRKS","source_id":"geonames:8660943"},"geometry":{"type":"Point","coordinates":[21.03921,41.48709]}},{"type":"Feature","properties":{"name":"Coastguard Mooring Buoy","country":"Northern Mariana Islands","country_code":"MP","branch":"naval","branch_label":"Naval base","type":"Coast guard station","feature_code":"S.STNC","source_id":"geonames:7733229"},"geometry":{"type":"Point","coordinates":[145.14201,14.13412]}},{"type":"Feature","properties":{"name":"Andøya Air Station","country":"Norway","country_code":"NO","branch":"air","branch_label":"Air base","type":"Air base","feature_code":"S.AIRB","source_id":"geonames:8335367"},"geometry":{"type":"Point","coordinates":[16.13531,69.29739]}},{"type":"Feature","properties":{"name":"Bodø Main Air Station","country":"Norway","country_code":"NO","branch":"air","branch_label":"Air base","type":"Air base","feature_code":"S.AIRB","source_id":"geonames:9036368"},"geometry":{"type":"Point","coordinates":[14.36385,67.27126]}},{"type":"Feature","properties":{"name":"Haakonsvern","country":"Norway","country_code":"NO","branch":"naval","branch_label":"Naval base","type":"Naval base","feature_code":"L.NVB","source_id":"geonames:3154413"},"geometry":{"type":"Point","coordinates":[5.23611,60.33889]}},{"type":"Feature","properties":{"name":"Heggelia leir","country":"Norway","country_code":"NO","branch":"other","branch_label":"Other / unknown","type":"Military base","feature_code":"L.MILB","source_id":"geonames:6545378"},"geometry":{"type":"Point","coordinates":[18.51359,69.04129]}},{"type":"Feature","properties":{"name":"Royal Guard barracks","country":"Norway","country_code":"NO","branch":"army","branch_label":"Army base","type":"Barracks","feature_code":"S.BRKS","source_id":"geonames:6950867"},"geometry":{"type":"Point","coordinates":[10.65888,59.94328]}},{"type":"Feature","properties":{"name":"Rustad leir","country":"Norway","country_code":"NO","branch":"other","branch_label":"Other / unknown","type":"Military base","feature_code":"L.MILB","source_id":"geonames:6545379"},"geometry":{"type":"Point","coordinates":[18.51385,69.04749]}},{"type":"Feature","properties":{"name":"Setermoen leir","country":"Norway","country_code":"NO","branch":"other","branch_label":"Other / unknown","type":"Military base","feature_code":"L.MILB","source_id":"geonames:6545376"},"geometry":{"type":"Point","coordinates":[18.37335,68.85451]}},{"type":"Feature","properties":{"name":"Station Group Banak","country":"Norway","country_code":"NO","branch":"air","branch_label":"Air base","type":"Air base","feature_code":"S.AIRB","source_id":"geonames:8347313"},"geometry":{"type":"Point","coordinates":[24.97845,70.06213]}},{"type":"Feature","properties":{"name":"Værnes Air Station","country":"Norway","country_code":"NO","branch":"air","branch_label":"Air base","type":"Air base","feature_code":"S.AIRB","source_id":"geonames:9036026"},"geometry":{"type":"Point","coordinates":[10.90805,63.45752]}},{"type":"Feature","properties":{"name":"Benazir Bhutto Air Base","country":"Pakistan","country_code":"PK","branch":"air","branch_label":"Air base","type":"Air base","feature_code":"S.AIRB","source_id":"geonames:6300119"},"geometry":{"type":"Point","coordinates":[73.1,33.61667]}},{"type":"Feature","properties":{"name":"Bholari","country":"Pakistan","country_code":"PK","branch":"air","branch_label":"Air base","type":"Air base","feature_code":"S.AIRB","source_id":"geonames:13559036"},"geometry":{"type":"Point","coordinates":[68.03701,25.24387]}},{"type":"Feature","properties":{"name":"Birdwood Barracks","country":"Pakistan","country_code":"PK","branch":"army","branch_label":"Army base","type":"Barracks","feature_code":"S.BRKS","source_id":"geonames:1388670"},"geometry":{"type":"Point","coordinates":[74.32778,31.54861]}},{"type":"Feature","properties":{"name":"Cambridge Barracks","country":"Pakistan","country_code":"PK","branch":"army","branch_label":"Army base","type":"Barracks","feature_code":"S.BRKS","source_id":"geonames:7038376"},"geometry":{"type":"Point","coordinates":[73.0695,33.574]}},{"type":"Feature","properties":{"name":"Chandhar","country":"Pakistan","country_code":"PK","branch":"air","branch_label":"Air base","type":"Air base","feature_code":"S.AIRB","source_id":"geonames:13559080"},"geometry":{"type":"Point","coordinates":[73.79039,32.07889]}},{"type":"Feature","properties":{"name":"Dhamial Army Airbase","country":"Pakistan","country_code":"PK","branch":"air","branch_label":"Air base","type":"Air base","feature_code":"S.AIRB","source_id":"geonames:11919697"},"geometry":{"type":"Point","coordinates":[73.03189,33.56152]}},{"type":"Feature","properties":{"name":"Govt Janbaz Force Barracks","country":"Pakistan","country_code":"PK","branch":"army","branch_label":"Army base","type":"Barracks","feature_code":"S.BRKS","source_id":"geonames:7033749"},"geometry":{"type":"Point","coordinates":[69.0031,25.5237]}},{"type":"Feature","properties":{"name":"Kahlid Army","country":"Pakistan","country_code":"PK","branch":"air","branch_label":"Air base","type":"Air base","feature_code":"S.AIRB","source_id":"geonames:6270793"},"geometry":{"type":"Point","coordinates":[67.03637,30.23699]}},{"type":"Feature","properties":{"name":"Khartum Barracks","country":"Pakistan","country_code":"PK","branch":"army","branch_label":"Army base","type":"Barracks","feature_code":"S.BRKS","source_id":"geonames:1110638"},"geometry":{"type":"Point","coordinates":[71.98495,33.98992]}},{"type":"Feature","properties":{"name":"Masroor","country":"Pakistan","country_code":"PK","branch":"air","branch_label":"Air base","type":"Air base","feature_code":"S.AIRB","source_id":"geonames:7046722"},"geometry":{"type":"Point","coordinates":[66.94007,24.89353]}},{"type":"Feature","properties":{"name":"Murid","country":"Pakistan","country_code":"PK","branch":"air","branch_label":"Air base","type":"Air base","feature_code":"S.AIRB","source_id":"geonames:7108618"},"geometry":{"type":"Point","coordinates":[72.77456,32.91018]}},{"type":"Feature","properties":{"name":"Napier Barracks","country":"Pakistan","country_code":"PK","branch":"army","branch_label":"Army base","type":"Barracks","feature_code":"S.BRKS","source_id":"geonames:1388668"},"geometry":{"type":"Point","coordinates":[74.3752,31.5363]}},{"type":"Feature","properties":{"name":"Naval Quarters","country":"Pakistan","country_code":"PK","branch":"naval","branch_label":"Naval base","type":"Barracks","feature_code":"S.BRKS","source_id":"geonames:11982624"},"geometry":{"type":"Point","coordinates":[66.71474,24.84704]}},{"type":"Feature","properties":{"name":"PNS Qasim","country":"Pakistan","country_code":"PK","branch":"naval","branch_label":"Naval base","type":"Naval base","feature_code":"L.NVB","source_id":"geonames:7045721"},"geometry":{"type":"Point","coordinates":[66.9773,24.7942]}},{"type":"Feature","properties":{"name":"Pakistan Air Force Base Masrur","country":"Pakistan","country_code":"PK","branch":"air","branch_label":"Air base","type":"Air base","feature_code":"S.AIRB","source_id":"geonames:11112318"},"geometry":{"type":"Point","coordinates":[66.95852,24.89384]}},{"type":"Feature","properties":{"name":"Pakistan Air Force Chaklala","country":"Pakistan","country_code":"PK","branch":"air","branch_label":"Air base","type":"Air base","feature_code":"S.AIRB","source_id":"geonames:7038760"},"geometry":{"type":"Point","coordinates":[73.0936,33.603]}},{"type":"Feature","properties":{"name":"Pakistan Air Force Lalian Base","country":"Pakistan","country_code":"PK","branch":"air","branch_label":"Air base","type":"Air base","feature_code":"S.AIRB","source_id":"geonames:11483151"},"geometry":{"type":"Point","coordinates":[72.69481,31.81071]}},{"type":"Feature","properties":{"name":"Pakistan Air Force Lines","country":"Pakistan","country_code":"PK","branch":"air","branch_label":"Air base","type":"Barracks","feature_code":"S.BRKS","source_id":"geonames:1451072"},"geometry":{"type":"Point","coordinates":[71.44278,33.57419]}},{"type":"Feature","properties":{"name":"Pakistan Naval Station Haider","country":"Pakistan","country_code":"PK","branch":"naval","branch_label":"Naval base","type":"Naval base","feature_code":"L.NVB","source_id":"geonames:7045790"},"geometry":{"type":"Point","coordinates":[67.04237,24.82098]}},{"type":"Feature","properties":{"name":"Pakistan Navy Staff","country":"Pakistan","country_code":"PK","branch":"naval","branch_label":"Naval base","type":"Barracks","feature_code":"S.BRKS","source_id":"geonames:11112294"},"geometry":{"type":"Point","coordinates":[66.95052,24.81239]}},{"type":"Feature","properties":{"name":"Probyn Barracks","country":"Pakistan","country_code":"PK","branch":"army","branch_label":"Army base","type":"Barracks","feature_code":"S.BRKS","source_id":"geonames:1388659"},"geometry":{"type":"Point","coordinates":[74.39444,31.5125]}},{"type":"Feature","properties":{"name":"Punjab Constabulary Lines","country":"Pakistan","country_code":"PK","branch":"army","branch_label":"Army base","type":"Barracks","feature_code":"S.BRKS","source_id":"geonames:7043759"},"geometry":{"type":"Point","coordinates":[74.3558,31.5331]}},{"type":"Feature","properties":{"name":"Rafiqui","country":"Pakistan","country_code":"PK","branch":"air","branch_label":"Air base","type":"Air base","feature_code":"S.AIRB","source_id":"geonames:11648990"},"geometry":{"type":"Point","coordinates":[72.28222,30.75841]}},{"type":"Feature","properties":{"name":"Rajanpur","country":"Pakistan","country_code":"PK","branch":"air","branch_label":"Air base","type":"Air base","feature_code":"S.AIRB","source_id":"geonames:11547138"},"geometry":{"type":"Point","coordinates":[70.18747,29.26355]}},{"type":"Feature","properties":{"name":"Rattian Cantonment","country":"Pakistan","country_code":"PK","branch":"army","branch_label":"Army base","type":"Barracks","feature_code":"S.BRKS","source_id":"geonames:11512867"},"geometry":{"type":"Point","coordinates":[74.50814,31.85602]}},{"type":"Feature","properties":{"name":"Sharea Faisal","country":"Pakistan","country_code":"PK","branch":"air","branch_label":"Air base","type":"Air base","feature_code":"S.AIRB","source_id":"geonames:11118496"},"geometry":{"type":"Point","coordinates":[67.11777,24.87442]}},{"type":"Feature","properties":{"name":"Velhari","country":"Pakistan","country_code":"PK","branch":"air","branch_label":"Air base","type":"Air base","feature_code":"S.AIRB","source_id":"geonames:11786892"},"geometry":{"type":"Point","coordinates":[72.15268,30.09054]}},{"type":"Feature","properties":{"name":"Fishing Fleets Surveillance RADAR Tower","country":"Palau","country_code":"PW","branch":"naval","branch_label":"Naval base","type":"Coast guard station","feature_code":"S.STNC","source_id":"geonames:7670711"},"geometry":{"type":"Point","coordinates":[131.8119,2.97403]}},{"type":"Feature","properties":{"name":"Helen Island Permanent Ranger Station","country":"Palau","country_code":"PW","branch":"naval","branch_label":"Naval base","type":"Coast guard station","feature_code":"S.STNC","source_id":"geonames:7670686"},"geometry":{"type":"Point","coordinates":[131.81211,2.97361]}},{"type":"Feature","properties":{"name":"Albrook Air Force Base","country":"Panama","country_code":"PA","branch":"air","branch_label":"Air base","type":"Air base","feature_code":"S.AIRB","source_id":"geonames:3714933"},"geometry":{"type":"Point","coordinates":[-79.56,8.987]}},{"type":"Feature","properties":{"name":"Fort Sherman","country":"Panama","country_code":"PA","branch":"army","branch_label":"Army base","type":"Military base","feature_code":"L.MILB","source_id":"geonames:3709442"},"geometry":{"type":"Point","coordinates":[-79.95983,9.36468]}},{"type":"Feature","properties":{"name":"Howard Air Force Base (historical)","country":"Panama","country_code":"PA","branch":"air","branch_label":"Air base","type":"Air base","feature_code":"S.AIRB","source_id":"geonames:11353113"},"geometry":{"type":"Point","coordinates":[-79.59475,8.9129]}},{"type":"Feature","properties":{"name":"Police Barracks","country":"Papua New Guinea","country_code":"PG","branch":"army","branch_label":"Army base","type":"Barracks","feature_code":"S.BRKS","source_id":"geonames:9972485"},"geometry":{"type":"Point","coordinates":[146.99357,-6.70642]}},{"type":"Feature","properties":{"name":"Aeropuerto FAP Grupo Aereo Cuarenta y Dos","country":"Peru","country_code":"PE","branch":"air","branch_label":"Air base","type":"Air base","feature_code":"S.AIRB","source_id":"geonames:6394387"},"geometry":{"type":"Point","coordinates":[-73.25993,-3.74284]}},{"type":"Feature","properties":{"name":"Base Naval","country":"Peru","country_code":"PE","branch":"naval","branch_label":"Naval base","type":"Naval base","feature_code":"L.NVB","source_id":"geonames:3946800"},"geometry":{"type":"Point","coordinates":[-77.20904,-12.08205]}},{"type":"Feature","properties":{"name":"Base Naval del Callao","country":"Peru","country_code":"PE","branch":"naval","branch_label":"Naval base","type":"Naval base","feature_code":"L.NVB","source_id":"geonames:11003448"},"geometry":{"type":"Point","coordinates":[-77.13762,-12.03514]}},{"type":"Feature","properties":{"name":"Cuartel Elias Aguirre","country":"Peru","country_code":"PE","branch":"army","branch_label":"Army base","type":"Barracks","feature_code":"S.BRKS","source_id":"geonames:10952778"},"geometry":{"type":"Point","coordinates":[-79.90147,-6.80534]}},{"type":"Feature","properties":{"name":"Cuartel Rímac","country":"Peru","country_code":"PE","branch":"army","branch_label":"Army base","type":"Barracks","feature_code":"S.BRKS","source_id":"geonames:11003757"},"geometry":{"type":"Point","coordinates":[-77.04421,-12.02]}},{"type":"Feature","properties":{"name":"Cuartel San Martín","country":"Peru","country_code":"PE","branch":"army","branch_label":"Army base","type":"Barracks","feature_code":"S.BRKS","source_id":"geonames:11003760"},"geometry":{"type":"Point","coordinates":[-77.04339,-12.10309]}},{"type":"Feature","properties":{"name":"Las Palmas","country":"Peru","country_code":"PE","branch":"air","branch_label":"Air base","type":"Air base","feature_code":"S.AIRB","source_id":"geonames:3936721"},"geometry":{"type":"Point","coordinates":[-76.99896,-12.16076]}},{"type":"Feature","properties":{"name":"Vitor","country":"Peru","country_code":"PE","branch":"air","branch_label":"Air base","type":"Air base","feature_code":"S.AIRB","source_id":"geonames:3925974"},"geometry":{"type":"Point","coordinates":[-71.83791,-16.42947]}},{"type":"Feature","properties":{"name":"Basa Air Base","country":"Philippines","country_code":"PH","branch":"air","branch_label":"Air base","type":"Air base","feature_code":"S.AIRB","source_id":"geonames:1726521"},"geometry":{"type":"Point","coordinates":[120.48333,14.98333]}},{"type":"Feature","properties":{"name":"Camp Aguinaldo","country":"Philippines","country_code":"PH","branch":"army","branch_label":"Army base","type":"Military base","feature_code":"L.MILB","source_id":"geonames:7091164"},"geometry":{"type":"Point","coordinates":[121.0621,14.6058]}},{"type":"Feature","properties":{"name":"Clark Airbase","country":"Philippines","country_code":"PH","branch":"air","branch_label":"Air base","type":"Air base","feature_code":"S.AIRB","source_id":"geonames:9852843"},"geometry":{"type":"Point","coordinates":[120.55939,15.18597]}},{"type":"Feature","properties":{"name":"Danilo Atienza Air Base","country":"Philippines","country_code":"PH","branch":"air","branch_label":"Air base","type":"Air base","feature_code":"S.AIRB","source_id":"geonames:6301846"},"geometry":{"type":"Point","coordinates":[120.90408,14.49536]}},{"type":"Feature","properties":{"name":"Fernando Air Base","country":"Philippines","country_code":"PH","branch":"air","branch_label":"Air base","type":"Air base","feature_code":"S.AIRB","source_id":"geonames:1713646"},"geometry":{"type":"Point","coordinates":[121.12315,13.95194]}},{"type":"Feature","properties":{"name":"Kinamkaman Philippine ConstabularyBarracks","country":"Philippines","country_code":"PH","branch":"army","branch_label":"Army base","type":"Barracks","feature_code":"S.BRKS","source_id":"geonames:1708707"},"geometry":{"type":"Point","coordinates":[125.56023,9.63085]}},{"type":"Feature","properties":{"name":"Philippine Coast Guard Detachment","country":"Philippines","country_code":"PH","branch":"naval","branch_label":"Naval base","type":"Coast guard station","feature_code":"S.STNC","source_id":"geonames:11247357"},"geometry":{"type":"Point","coordinates":[125.12535,10.15916]}},{"type":"Feature","properties":{"name":"Philippine Naval Base","country":"Philippines","country_code":"PH","branch":"naval","branch_label":"Naval base","type":"Naval base","feature_code":"L.NVB","source_id":"geonames:1694009"},"geometry":{"type":"Point","coordinates":[120.90633,14.49488]}},{"type":"Feature","properties":{"name":"Sangley Point Naval Station","country":"Philippines","country_code":"PH","branch":"naval","branch_label":"Naval base","type":"Naval base","feature_code":"L.NVB","source_id":"geonames:1689874"},"geometry":{"type":"Point","coordinates":[121.0,14.5]}},{"type":"Feature","properties":{"name":"U.S. Naval Air Station Cubi Poin","country":"Philippines","country_code":"PH","branch":"air","branch_label":"Air base","type":"Air base","feature_code":"S.AIRB","source_id":"geonames:8531867"},"geometry":{"type":"Point","coordinates":[120.27669,14.79654]}},{"type":"Feature","properties":{"name":"Villamor Air Base","country":"Philippines","country_code":"PH","branch":"air","branch_label":"Air base","type":"Air base","feature_code":"S.AIRB","source_id":"geonames:7091247"},"geometry":{"type":"Point","coordinates":[121.0226,14.5181]}},{"type":"Feature","properties":{"name":"22nd Air Base","country":"Poland","country_code":"PL","branch":"air","branch_label":"Air base","type":"Air base","feature_code":"S.AIRB","source_id":"geonames:3092473"},"geometry":{"type":"Point","coordinates":[19.12449,54.02859]}},{"type":"Feature","properties":{"name":"Minsk Mazowiecki Military Air Base","country":"Poland","country_code":"PL","branch":"air","branch_label":"Air base","type":"Air base","feature_code":"S.AIRB","source_id":"geonames:11749382"},"geometry":{"type":"Point","coordinates":[21.65594,52.19509]}},{"type":"Feature","properties":{"name":"Miroslawiec Military Air Base","country":"Poland","country_code":"PL","branch":"air","branch_label":"Air base","type":"Air base","feature_code":"S.AIRB","source_id":"geonames:11749381"},"geometry":{"type":"Point","coordinates":[16.0833,53.39264]}},{"type":"Feature","properties":{"name":"Base Naval de Lisboa","country":"Portugal","country_code":"PT","branch":"naval","branch_label":"Naval base","type":"Naval base","feature_code":"L.NVB","source_id":"geonames:11822222"},"geometry":{"type":"Point","coordinates":[-9.14815,38.66884]}},{"type":"Feature","properties":{"name":"Beja Airbase","country":"Portugal","country_code":"PT","branch":"air","branch_label":"Air base","type":"Air base","feature_code":"S.AIRB","source_id":"geonames:9036022"},"geometry":{"type":"Point","coordinates":[-7.91994,38.0793]}},{"type":"Feature","properties":{"name":"Dukhan Airbase","country":"Qatar","country_code":"QA","branch":"air","branch_label":"Air base","type":"Air base","feature_code":"S.AIRB","source_id":"geonames:13302753"},"geometry":{"type":"Point","coordinates":[51.00134,25.46788]}},{"type":"Feature","properties":{"name":"Boboc","country":"Romania","country_code":"RO","branch":"air","branch_label":"Air base","type":"Air base","feature_code":"S.AIRB","source_id":"geonames:11500071"},"geometry":{"type":"Point","coordinates":[26.9787,45.21637]}},{"type":"Feature","properties":{"name":"Campia Turzii","country":"Romania","country_code":"RO","branch":"air","branch_label":"Air base","type":"Air base","feature_code":"S.AIRB","source_id":"geonames:11500088"},"geometry":{"type":"Point","coordinates":[23.88593,46.50232]}},{"type":"Feature","properties":{"name":"Fetesti","country":"Romania","country_code":"RO","branch":"air","branch_label":"Air base","type":"Air base","feature_code":"S.AIRB","source_id":"geonames:11500113"},"geometry":{"type":"Point","coordinates":[27.72676,44.39227]}},{"type":"Feature","properties":{"name":"RoAF 95th Air Base","country":"Romania","country_code":"RO","branch":"air","branch_label":"Air base","type":"Air base","feature_code":"S.AIRB","source_id":"geonames:8335131"},"geometry":{"type":"Point","coordinates":[26.9156,46.52156]}},{"type":"Feature","properties":{"name":"24 km","country":"Russia","country_code":"RU","branch":"army","branch_label":"Army base","type":"Barracks","feature_code":"S.BRKS","source_id":"geonames:6316261"},"geometry":{"type":"Point","coordinates":[135.05778,48.26472]}},{"type":"Feature","properties":{"name":"34 km","country":"Russia","country_code":"RU","branch":"army","branch_label":"Army base","type":"Barracks","feature_code":"S.BRKS","source_id":"geonames:6316233"},"geometry":{"type":"Point","coordinates":[135.54306,48.11194]}},{"type":"Feature","properties":{"name":"43 km","country":"Russia","country_code":"RU","branch":"army","branch_label":"Army base","type":"Barracks","feature_code":"S.BRKS","source_id":"geonames:6316226"},"geometry":{"type":"Point","coordinates":[135.66,48.08528]}},{"type":"Feature","properties":{"name":"53 km","country":"Russia","country_code":"RU","branch":"army","branch_label":"Army base","type":"Barracks","feature_code":"S.BRKS","source_id":"geonames:6316225"},"geometry":{"type":"Point","coordinates":[135.73861,48.11444]}},{"type":"Feature","properties":{"name":"Alakurtti","country":"Russia","country_code":"RU","branch":"air","branch_label":"Air base","type":"Air base","feature_code":"S.AIRB","source_id":"geonames:11458821"},"geometry":{"type":"Point","coordinates":[30.34854,66.97273]}},{"type":"Feature","properties":{"name":"Alekseyevka","country":"Russia","country_code":"RU","branch":"air","branch_label":"Air base","type":"Air base","feature_code":"S.AIRB","source_id":"geonames:11459281"},"geometry":{"type":"Point","coordinates":[140.19414,49.23548]}},{"type":"Feature","properties":{"name":"Andreapol","country":"Russia","country_code":"RU","branch":"air","branch_label":"Air base","type":"Air base","feature_code":"S.AIRB","source_id":"geonames:11458672"},"geometry":{"type":"Point","coordinates":[32.31388,56.6442]}},{"type":"Feature","properties":{"name":"Armavir","country":"Russia","country_code":"RU","branch":"air","branch_label":"Air base","type":"Air base","feature_code":"S.AIRB","source_id":"geonames:11459378"},"geometry":{"type":"Point","coordinates":[41.10724,44.96881]}},{"type":"Feature","properties":{"name":"Astrakhan Northwest","country":"Russia","country_code":"RU","branch":"air","branch_label":"Air base","type":"Air base","feature_code":"S.AIRB","source_id":"geonames:11459369"},"geometry":{"type":"Point","coordinates":[47.89003,46.39684]}},{"type":"Feature","properties":{"name":"Bada North","country":"Russia","country_code":"RU","branch":"air","branch_label":"Air base","type":"Air base","feature_code":"S.AIRB","source_id":"geonames:11459239"},"geometry":{"type":"Point","coordinates":[109.89946,51.40685]}},{"type":"Feature","properties":{"name":"Balashov Southeast","country":"Russia","country_code":"RU","branch":"air","branch_label":"Air base","type":"Air base","feature_code":"S.AIRB","source_id":"geonames:11459334"},"geometry":{"type":"Point","coordinates":[43.30171,51.53173]}},{"type":"Feature","properties":{"name":"Barak Alarskiy","country":"Russia","country_code":"RU","branch":"army","branch_label":"Army base","type":"Barracks","feature_code":"S.BRKS","source_id":"geonames:2052197"},"geometry":{"type":"Point","coordinates":[101.60806,52.71778]}},{"type":"Feature","properties":{"name":"Barak Alonkina Izba","country":"Russia","country_code":"RU","branch":"army","branch_label":"Army base","type":"Barracks","feature_code":"S.BRKS","source_id":"geonames:582410"},"geometry":{"type":"Point","coordinates":[34.58333,59.7]}},{"type":"Feature","properties":{"name":"Barak Andreyevicha","country":"Russia","country_code":"RU","branch":"army","branch_label":"Army base","type":"Barracks","feature_code":"S.BRKS","source_id":"geonames:12554093"},"geometry":{"type":"Point","coordinates":[136.32349,46.0996]}},{"type":"Feature","properties":{"name":"Barak Degi","country":"Russia","country_code":"RU","branch":"army","branch_label":"Army base","type":"Barracks","feature_code":"S.BRKS","source_id":"geonames:566843"},"geometry":{"type":"Point","coordinates":[31.25,63.66667]}},{"type":"Feature","properties":{"name":"Barak Desyatyy Kilometr","country":"Russia","country_code":"RU","branch":"army","branch_label":"Army base","type":"Barracks","feature_code":"S.BRKS","source_id":"geonames:8357075"},"geometry":{"type":"Point","coordinates":[94.7364,54.7259]}},{"type":"Feature","properties":{"name":"Barak Dubrovo","country":"Russia","country_code":"RU","branch":"army","branch_label":"Army base","type":"Barracks","feature_code":"S.BRKS","source_id":"geonames:8250266"},"geometry":{"type":"Point","coordinates":[45.9312,63.318]}},{"type":"Feature","properties":{"name":"Barak Dunayka","country":"Russia","country_code":"RU","branch":"army","branch_label":"Army base","type":"Barracks","feature_code":"S.BRKS","source_id":"geonames:827431"},"geometry":{"type":"Point","coordinates":[54.113,59.9667]}},{"type":"Feature","properties":{"name":"Barak Duplovskiy","country":"Russia","country_code":"RU","branch":"army","branch_label":"Army base","type":"Barracks","feature_code":"S.BRKS","source_id":"geonames:564131"},"geometry":{"type":"Point","coordinates":[39.8374,60.6551]}},{"type":"Feature","properties":{"name":"Barak Dutchenko","country":"Russia","country_code":"RU","branch":"army","branch_label":"Army base","type":"Barracks","feature_code":"S.BRKS","source_id":"geonames:2114906"},"geometry":{"type":"Point","coordinates":[144.26512,59.5369]}},{"type":"Feature","properties":{"name":"Barak Dvadtsat’ Devyatyy Kvartal","country":"Russia","country_code":"RU","branch":"army","branch_label":"Army base","type":"Barracks","feature_code":"S.BRKS","source_id":"geonames:7454606"},"geometry":{"type":"Point","coordinates":[48.1987,61.3318]}},{"type":"Feature","properties":{"name":"Barak Dvesti Sorok Tret’yevo Uchastka","country":"Russia","country_code":"RU","branch":"army","branch_label":"Army base","type":"Barracks","feature_code":"S.BRKS","source_id":"geonames:12554102"},"geometry":{"type":"Point","coordinates":[136.56317,46.05796]}},{"type":"Feature","properties":{"name":"Barak Dzheltukta","country":"Russia","country_code":"RU","branch":"army","branch_label":"Army base","type":"Barracks","feature_code":"S.BRKS","source_id":"geonames:13571590"},"geometry":{"type":"Point","coordinates":[117.88756,54.23039]}},{"type":"Feature","properties":{"name":"Barak Getkan","country":"Russia","country_code":"RU","branch":"army","branch_label":"Army base","type":"Barracks","feature_code":"S.BRKS","source_id":"geonames:2024091"},"geometry":{"type":"Point","coordinates":[124.0197,55.05849]}},{"type":"Feature","properties":{"name":"Barak Inary","country":"Russia","country_code":"RU","branch":"army","branch_label":"Army base","type":"Barracks","feature_code":"S.BRKS","source_id":"geonames:556403"},"geometry":{"type":"Point","coordinates":[31.03333,63.31667]}},{"type":"Feature","properties":{"name":"Barak Irdomskiye","country":"Russia","country_code":"RU","branch":"army","branch_label":"Army base","type":"Barracks","feature_code":"S.BRKS","source_id":"geonames:7496430"},"geometry":{"type":"Point","coordinates":[47.0282,59.1305]}},{"type":"Feature","properties":{"name":"Barak Kamenka","country":"Russia","country_code":"RU","branch":"army","branch_label":"Army base","type":"Barracks","feature_code":"S.BRKS","source_id":"geonames:2023248"},"geometry":{"type":"Point","coordinates":[138.66689,47.14885]}},{"type":"Feature","properties":{"name":"Barak Khaltygeyskiy","country":"Russia","country_code":"RU","branch":"army","branch_label":"Army base","type":"Barracks","feature_code":"S.BRKS","source_id":"geonames:7896997"},"geometry":{"type":"Point","coordinates":[110.57127,51.88905]}},{"type":"Feature","properties":{"name":"Barak Kobyliy","country":"Russia","country_code":"RU","branch":"army","branch_label":"Army base","type":"Barracks","feature_code":"S.BRKS","source_id":"geonames:546967"},"geometry":{"type":"Point","coordinates":[34.56667,59.81667]}},{"type":"Feature","properties":{"name":"Barak Kolzunovskiy","country":"Russia","country_code":"RU","branch":"army","branch_label":"Army base","type":"Barracks","feature_code":"S.BRKS","source_id":"geonames:6900946"},"geometry":{"type":"Point","coordinates":[136.95915,49.39285]}},{"type":"Feature","properties":{"name":"Barak Komandirovka","country":"Russia","country_code":"RU","branch":"army","branch_label":"Army base","type":"Barracks","feature_code":"S.BRKS","source_id":"geonames:8070642"},"geometry":{"type":"Point","coordinates":[41.7657,64.7815]}},{"type":"Feature","properties":{"name":"Barak Krutoy Bereg","country":"Russia","country_code":"RU","branch":"army","branch_label":"Army base","type":"Barracks","feature_code":"S.BRKS","source_id":"geonames:827522"},"geometry":{"type":"Point","coordinates":[54.0653,59.831]}},{"type":"Feature","properties":{"name":"Barak Lesopilka","country":"Russia","country_code":"RU","branch":"army","branch_label":"Army base","type":"Barracks","feature_code":"S.BRKS","source_id":"geonames:8061857"},"geometry":{"type":"Point","coordinates":[57.2118,57.9272]}},{"type":"Feature","properties":{"name":"Barak Limskiy","country":"Russia","country_code":"RU","branch":"army","branch_label":"Army base","type":"Barracks","feature_code":"S.BRKS","source_id":"geonames:8073656"},"geometry":{"type":"Point","coordinates":[40.864,62.0076]}},{"type":"Feature","properties":{"name":"Barak Lisiy","country":"Russia","country_code":"RU","branch":"army","branch_label":"Army base","type":"Barracks","feature_code":"S.BRKS","source_id":"geonames:8254117"},"geometry":{"type":"Point","coordinates":[47.456,64.7813]}},{"type":"Feature","properties":{"name":"Barak Mezhnik","country":"Russia","country_code":"RU","branch":"army","branch_label":"Army base","type":"Barracks","feature_code":"S.BRKS","source_id":"geonames:8249153"},"geometry":{"type":"Point","coordinates":[45.7553,63.412]}},{"type":"Feature","properties":{"name":"Barak Molevnitsa Severnaya","country":"Russia","country_code":"RU","branch":"army","branch_label":"Army base","type":"Barracks","feature_code":"S.BRKS","source_id":"geonames:7496139"},"geometry":{"type":"Point","coordinates":[46.5501,59.6563]}},{"type":"Feature","properties":{"name":"Barak Molevnitsa Yuzhnaya","country":"Russia","country_code":"RU","branch":"army","branch_label":"Army base","type":"Barracks","feature_code":"S.BRKS","source_id":"geonames:7496138"},"geometry":{"type":"Point","coordinates":[46.5529,59.6232]}},{"type":"Feature","properties":{"name":"Barak Nenyushka","country":"Russia","country_code":"RU","branch":"army","branch_label":"Army base","type":"Barracks","feature_code":"S.BRKS","source_id":"geonames:522639"},"geometry":{"type":"Point","coordinates":[42.47178,61.15836]}},{"type":"Feature","properties":{"name":"Barak Nerikan","country":"Russia","country_code":"RU","branch":"army","branch_label":"Army base","type":"Barracks","feature_code":"S.BRKS","source_id":"geonames:12879839"},"geometry":{"type":"Point","coordinates":[143.12089,59.65876]}},{"type":"Feature","properties":{"name":"Barak Payulama","country":"Russia","country_code":"RU","branch":"army","branch_label":"Army base","type":"Barracks","feature_code":"S.BRKS","source_id":"geonames:511939"},"geometry":{"type":"Point","coordinates":[31.43333,63.2]}},{"type":"Feature","properties":{"name":"Barak Pezela","country":"Russia","country_code":"RU","branch":"army","branch_label":"Army base","type":"Barracks","feature_code":"S.BRKS","source_id":"geonames:8249523"},"geometry":{"type":"Point","coordinates":[46.2112,63.8386]}},{"type":"Feature","properties":{"name":"Barak Poputnyy","country":"Russia","country_code":"RU","branch":"army","branch_label":"Army base","type":"Barracks","feature_code":"S.BRKS","source_id":"geonames:12908572"},"geometry":{"type":"Point","coordinates":[129.40818,53.21153]}},{"type":"Feature","properties":{"name":"Barak Rybkoopovskiy","country":"Russia","country_code":"RU","branch":"army","branch_label":"Army base","type":"Barracks","feature_code":"S.BRKS","source_id":"geonames:2114549"},"geometry":{"type":"Point","coordinates":[144.46255,59.49901]}},{"type":"Feature","properties":{"name":"Barak Sen’kin","country":"Russia","country_code":"RU","branch":"army","branch_label":"Army base","type":"Barracks","feature_code":"S.BRKS","source_id":"geonames:8239361"},"geometry":{"type":"Point","coordinates":[132.65492,43.21518]}},{"type":"Feature","properties":{"name":"Barak Sharypovo","country":"Russia","country_code":"RU","branch":"army","branch_label":"Army base","type":"Barracks","feature_code":"S.BRKS","source_id":"geonames:12559461"},"geometry":{"type":"Point","coordinates":[137.0684,46.34503]}},{"type":"Feature","properties":{"name":"Barak Shestakova","country":"Russia","country_code":"RU","branch":"army","branch_label":"Army base","type":"Barracks","feature_code":"S.BRKS","source_id":"geonames:12788540"},"geometry":{"type":"Point","coordinates":[138.86224,48.38395]}},{"type":"Feature","properties":{"name":"Barak Shestyy Kilometr","country":"Russia","country_code":"RU","branch":"army","branch_label":"Army base","type":"Barracks","feature_code":"S.BRKS","source_id":"geonames:8357074"},"geometry":{"type":"Point","coordinates":[94.7249,54.7536]}},{"type":"Feature","properties":{"name":"Barak Shidrova","country":"Russia","country_code":"RU","branch":"army","branch_label":"Army base","type":"Barracks","feature_code":"S.BRKS","source_id":"geonames:8251191"},"geometry":{"type":"Point","coordinates":[46.113,62.6597]}},{"type":"Feature","properties":{"name":"Barak Shomash","country":"Russia","country_code":"RU","branch":"army","branch_label":"Army base","type":"Barracks","feature_code":"S.BRKS","source_id":"geonames:8246474"},"geometry":{"type":"Point","coordinates":[57.2789,59.9331]}},{"type":"Feature","properties":{"name":"Barak Sosnovyye","country":"Russia","country_code":"RU","branch":"army","branch_label":"Army base","type":"Barracks","feature_code":"S.BRKS","source_id":"geonames:8071813"},"geometry":{"type":"Point","coordinates":[41.8454,64.4596]}},{"type":"Feature","properties":{"name":"Barak Ust’-Uga","country":"Russia","country_code":"RU","branch":"army","branch_label":"Army base","type":"Barracks","feature_code":"S.BRKS","source_id":"geonames:7095223"},"geometry":{"type":"Point","coordinates":[48.30169,60.4024]}},{"type":"Feature","properties":{"name":"Barak Veral’skiy","country":"Russia","country_code":"RU","branch":"army","branch_label":"Army base","type":"Barracks","feature_code":"S.BRKS","source_id":"geonames:8073654"},"geometry":{"type":"Point","coordinates":[40.8515,62.1199]}},{"type":"Feature","properties":{"name":"Barak Vosem’desyat Vtoroy","country":"Russia","country_code":"RU","branch":"army","branch_label":"Army base","type":"Barracks","feature_code":"S.BRKS","source_id":"geonames:7891329"},"geometry":{"type":"Point","coordinates":[83.081,53.6691]}},{"type":"Feature","properties":{"name":"Barak Vos’midesyatyy Kilometr","country":"Russia","country_code":"RU","branch":"army","branch_label":"Army base","type":"Barracks","feature_code":"S.BRKS","source_id":"geonames:12531410"},"geometry":{"type":"Point","coordinates":[136.1588,45.54881]}},{"type":"Feature","properties":{"name":"Barak Vos’moy Kilometr","country":"Russia","country_code":"RU","branch":"army","branch_label":"Army base","type":"Barracks","feature_code":"S.BRKS","source_id":"geonames:8357073"},"geometry":{"type":"Point","coordinates":[94.7366,54.7385]}},{"type":"Feature","properties":{"name":"Barak Vysokiy Bor","country":"Russia","country_code":"RU","branch":"army","branch_label":"Army base","type":"Barracks","feature_code":"S.BRKS","source_id":"geonames:827606"},"geometry":{"type":"Point","coordinates":[54.9013,59.5544]}},{"type":"Feature","properties":{"name":"Barak Yagorka","country":"Russia","country_code":"RU","branch":"army","branch_label":"Army base","type":"Barracks","feature_code":"S.BRKS","source_id":"geonames:7454625"},"geometry":{"type":"Point","coordinates":[48.9133,61.0931]}},{"type":"Feature","properties":{"name":"Barak Yedinstvo","country":"Russia","country_code":"RU","branch":"army","branch_label":"Army base","type":"Barracks","feature_code":"S.BRKS","source_id":"geonames:6875276"},"geometry":{"type":"Point","coordinates":[84.154,52.4605]}},{"type":"Feature","properties":{"name":"Barak Yuroma","country":"Russia","country_code":"RU","branch":"army","branch_label":"Army base","type":"Barracks","feature_code":"S.BRKS","source_id":"geonames:8250199"},"geometry":{"type":"Point","coordinates":[44.9849,63.3047]}},{"type":"Feature","properties":{"name":"Barak Zubakina","country":"Russia","country_code":"RU","branch":"army","branch_label":"Army base","type":"Barracks","feature_code":"S.BRKS","source_id":"geonames:12724524"},"geometry":{"type":"Point","coordinates":[139.02263,47.68258]}},{"type":"Feature","properties":{"name":"Baraki 34 km","country":"Russia","country_code":"RU","branch":"army","branch_label":"Army base","type":"Barracks","feature_code":"S.BRKS","source_id":"geonames:7751130"},"geometry":{"type":"Point","coordinates":[42.2431,55.1516]}},{"type":"Feature","properties":{"name":"Baraki Ada","country":"Russia","country_code":"RU","branch":"army","branch_label":"Army base","type":"Barracks","feature_code":"S.BRKS","source_id":"geonames:12750718"},"geometry":{"type":"Point","coordinates":[137.5378,47.14088]}},{"type":"Feature","properties":{"name":"Baraki Alëshina Niva","country":"Russia","country_code":"RU","branch":"army","branch_label":"Army base","type":"Barracks","feature_code":"S.BRKS","source_id":"geonames:582683"},"geometry":{"type":"Point","coordinates":[34.66667,59.73333]}},{"type":"Feature","properties":{"name":"Baraki Armu","country":"Russia","country_code":"RU","branch":"army","branch_label":"Army base","type":"Barracks","feature_code":"S.BRKS","source_id":"geonames:12554047"},"geometry":{"type":"Point","coordinates":[136.60792,46.12732]}},{"type":"Feature","properties":{"name":"Baraki Balanzas","country":"Russia","country_code":"RU","branch":"army","branch_label":"Army base","type":"Barracks","feature_code":"S.BRKS","source_id":"geonames:7458979"},"geometry":{"type":"Point","coordinates":[87.6943,53.79]}},{"type":"Feature","properties":{"name":"Baraki Berëzovyy Ruchey","country":"Russia","country_code":"RU","branch":"army","branch_label":"Army base","type":"Barracks","feature_code":"S.BRKS","source_id":"geonames:576814"},"geometry":{"type":"Point","coordinates":[34.65,59.7]}},{"type":"Feature","properties":{"name":"Baraki Boguchanskiye","country":"Russia","country_code":"RU","branch":"army","branch_label":"Army base","type":"Barracks","feature_code":"S.BRKS","source_id":"geonames:2114861"},"geometry":{"type":"Point","coordinates":[144.94591,59.51921]}},{"type":"Feature","properties":{"name":"Baraki Bolenku","country":"Russia","country_code":"RU","branch":"army","branch_label":"Army base","type":"Barracks","feature_code":"S.BRKS","source_id":"geonames:12652908"},"geometry":{"type":"Point","coordinates":[137.30064,47.75965]}},{"type":"Feature","properties":{"name":"Baraki Chokhcho","country":"Russia","country_code":"RU","branch":"army","branch_label":"Army base","type":"Barracks","feature_code":"S.BRKS","source_id":"geonames:12905705"},"geometry":{"type":"Point","coordinates":[134.26533,57.01144]}},{"type":"Feature","properties":{"name":"Baraki Fomichi","country":"Russia","country_code":"RU","branch":"army","branch_label":"Army base","type":"Barracks","feature_code":"S.BRKS","source_id":"geonames:12571400"},"geometry":{"type":"Point","coordinates":[132.85229,44.04904]}},{"type":"Feature","properties":{"name":"Baraki Gol’da Vtoraya","country":"Russia","country_code":"RU","branch":"army","branch_label":"Army base","type":"Barracks","feature_code":"S.BRKS","source_id":"geonames:6424076"},"geometry":{"type":"Point","coordinates":[135.36981,47.50052]}},{"type":"Feature","properties":{"name":"Baraki Gornachikha","country":"Russia","country_code":"RU","branch":"army","branch_label":"Army base","type":"Barracks","feature_code":"S.BRKS","source_id":"geonames:7898824"},"geometry":{"type":"Point","coordinates":[109.84062,50.38242]}},{"type":"Feature","properties":{"name":"Baraki Goryachiy Klyuch","country":"Russia","country_code":"RU","branch":"army","branch_label":"Army base","type":"Barracks","feature_code":"S.BRKS","source_id":"geonames:12787128"},"geometry":{"type":"Point","coordinates":[139.99191,49.64702]}},{"type":"Feature","properties":{"name":"Baraki Ingili","country":"Russia","country_code":"RU","branch":"army","branch_label":"Army base","type":"Barracks","feature_code":"S.BRKS","source_id":"geonames:2023532"},"geometry":{"type":"Point","coordinates":[134.92708,58.45216]}},{"type":"Feature","properties":{"name":"Baraki Kalatoi","country":"Russia","country_code":"RU","branch":"army","branch_label":"Army base","type":"Barracks","feature_code":"S.BRKS","source_id":"geonames:554358"},"geometry":{"type":"Point","coordinates":[32.3,61.85]}},{"type":"Feature","properties":{"name":"Baraki Kholodnoye","country":"Russia","country_code":"RU","branch":"army","branch_label":"Army base","type":"Barracks","feature_code":"S.BRKS","source_id":"geonames:1503591"},"geometry":{"type":"Point","coordinates":[64.8825,61.38167]}},{"type":"Feature","properties":{"name":"Baraki Komsomol’skiye","country":"Russia","country_code":"RU","branch":"army","branch_label":"Army base","type":"Barracks","feature_code":"S.BRKS","source_id":"geonames:545707"},"geometry":{"type":"Point","coordinates":[32.33333,59.41667]}},{"type":"Feature","properties":{"name":"Baraki Konets Sar’ye","country":"Russia","country_code":"RU","branch":"army","branch_label":"Army base","type":"Barracks","feature_code":"S.BRKS","source_id":"geonames:545497"},"geometry":{"type":"Point","coordinates":[33.88333,60.26667]}},{"type":"Feature","properties":{"name":"Baraki Konzhozero Pervoye","country":"Russia","country_code":"RU","branch":"army","branch_label":"Army base","type":"Barracks","feature_code":"S.BRKS","source_id":"geonames:545198"},"geometry":{"type":"Point","coordinates":[35.13902,63.13843]}},{"type":"Feature","properties":{"name":"Baraki Konzhozero Vtoroye","country":"Russia","country_code":"RU","branch":"army","branch_label":"Army base","type":"Barracks","feature_code":"S.BRKS","source_id":"geonames:545197"},"geometry":{"type":"Point","coordinates":[35.16667,63.18333]}},{"type":"Feature","properties":{"name":"Baraki Kospash","country":"Russia","country_code":"RU","branch":"army","branch_label":"Army base","type":"Barracks","feature_code":"S.BRKS","source_id":"geonames:8247883"},"geometry":{"type":"Point","coordinates":[57.8006,59.1662]}},{"type":"Feature","properties":{"name":"Baraki Kruglyye Pozhni","country":"Russia","country_code":"RU","branch":"army","branch_label":"Army base","type":"Barracks","feature_code":"S.BRKS","source_id":"geonames:540619"},"geometry":{"type":"Point","coordinates":[32.3,59.41667]}},{"type":"Feature","properties":{"name":"Baraki Lepenvara","country":"Russia","country_code":"RU","branch":"army","branch_label":"Army base","type":"Barracks","feature_code":"S.BRKS","source_id":"geonames:535934"},"geometry":{"type":"Point","coordinates":[32.43414,61.71802]}},{"type":"Feature","properties":{"name":"Baraki Lesnoye","country":"Russia","country_code":"RU","branch":"army","branch_label":"Army base","type":"Barracks","feature_code":"S.BRKS","source_id":"geonames:6266616"},"geometry":{"type":"Point","coordinates":[48.52872,59.927]}},{"type":"Feature","properties":{"name":"Baraki Lisitsy","country":"Russia","country_code":"RU","branch":"army","branch_label":"Army base","type":"Barracks","feature_code":"S.BRKS","source_id":"geonames:534849"},"geometry":{"type":"Point","coordinates":[35.53333,63.15]}},{"type":"Feature","properties":{"name":"Baraki Lukina Izba","country":"Russia","country_code":"RU","branch":"army","branch_label":"Army base","type":"Barracks","feature_code":"S.BRKS","source_id":"geonames:533515"},"geometry":{"type":"Point","coordinates":[33.42166,60.33334]}},{"type":"Feature","properties":{"name":"Baraki Maksimovo","country":"Russia","country_code":"RU","branch":"army","branch_label":"Army base","type":"Barracks","feature_code":"S.BRKS","source_id":"geonames:531900"},"geometry":{"type":"Point","coordinates":[35.06667,59.41667]}},{"type":"Feature","properties":{"name":"Baraki Matreshkiny","country":"Russia","country_code":"RU","branch":"army","branch_label":"Army base","type":"Barracks","feature_code":"S.BRKS","source_id":"geonames:8059486"},"geometry":{"type":"Point","coordinates":[58.8678,54.6366]}},{"type":"Feature","properties":{"name":"Baraki Novyye","country":"Russia","country_code":"RU","branch":"army","branch_label":"Army base","type":"Barracks","feature_code":"S.BRKS","source_id":"geonames:8251000"},"geometry":{"type":"Point","coordinates":[44.8309,62.1307]}},{"type":"Feature","properties":{"name":"Baraki Osinovyy Porog","country":"Russia","country_code":"RU","branch":"army","branch_label":"Army base","type":"Barracks","feature_code":"S.BRKS","source_id":"geonames:514428"},"geometry":{"type":"Point","coordinates":[34.91667,63.25]}},{"type":"Feature","properties":{"name":"Baraki Osnitskiye","country":"Russia","country_code":"RU","branch":"army","branch_label":"Army base","type":"Barracks","feature_code":"S.BRKS","source_id":"geonames:514330"},"geometry":{"type":"Point","coordinates":[34.35,59.21667]}},{"type":"Feature","properties":{"name":"Baraki Ovinno","country":"Russia","country_code":"RU","branch":"army","branch_label":"Army base","type":"Barracks","feature_code":"S.BRKS","source_id":"geonames:513736"},"geometry":{"type":"Point","coordinates":[34.66667,59.58333]}},{"type":"Feature","properties":{"name":"Baraki Panova","country":"Russia","country_code":"RU","branch":"army","branch_label":"Army base","type":"Barracks","feature_code":"S.BRKS","source_id":"geonames:1495610"},"geometry":{"type":"Point","coordinates":[62.06098,59.34654]}},{"type":"Feature","properties":{"name":"Baraki Polovinnyye","country":"Russia","country_code":"RU","branch":"army","branch_label":"Army base","type":"Barracks","feature_code":"S.BRKS","source_id":"geonames:8250207"},"geometry":{"type":"Point","coordinates":[44.8308,63.1724]}},{"type":"Feature","properties":{"name":"Baraki Ponoyskiye","country":"Russia","country_code":"RU","branch":"army","branch_label":"Army base","type":"Barracks","feature_code":"S.BRKS","source_id":"geonames:870551"},"geometry":{"type":"Point","coordinates":[41.12389,67.09111]}},{"type":"Feature","properties":{"name":"Baraki Pyat’desyat Sed’moy Kvartal","country":"Russia","country_code":"RU","branch":"army","branch_label":"Army base","type":"Barracks","feature_code":"S.BRKS","source_id":"geonames:8245454"},"geometry":{"type":"Point","coordinates":[38.9302,60.08]}},{"type":"Feature","properties":{"name":"Baraki Romanovskiye","country":"Russia","country_code":"RU","branch":"army","branch_label":"Army base","type":"Barracks","feature_code":"S.BRKS","source_id":"geonames:7891324"},"geometry":{"type":"Point","coordinates":[83.0745,53.9478]}},{"type":"Feature","properties":{"name":"Baraki Rybkoopovskiye","country":"Russia","country_code":"RU","branch":"army","branch_label":"Army base","type":"Barracks","feature_code":"S.BRKS","source_id":"geonames:2114860"},"geometry":{"type":"Point","coordinates":[144.97952,59.50183]}},{"type":"Feature","properties":{"name":"Baraki Rybozero","country":"Russia","country_code":"RU","branch":"army","branch_label":"Army base","type":"Barracks","feature_code":"S.BRKS","source_id":"geonames:499956"},"geometry":{"type":"Point","coordinates":[35.25137,63.11798]}},{"type":"Feature","properties":{"name":"Baraki Sed’myye","country":"Russia","country_code":"RU","branch":"army","branch_label":"Army base","type":"Barracks","feature_code":"S.BRKS","source_id":"geonames:7494096"},"geometry":{"type":"Point","coordinates":[35.3172,59.2264]}},{"type":"Feature","properties":{"name":"Baraki Serduk","country":"Russia","country_code":"RU","branch":"army","branch_label":"Army base","type":"Barracks","feature_code":"S.BRKS","source_id":"geonames:8246277"},"geometry":{"type":"Point","coordinates":[56.9623,59.9331]}},{"type":"Feature","properties":{"name":"Baraki Shabashguba","country":"Russia","country_code":"RU","branch":"army","branch_label":"Army base","type":"Barracks","feature_code":"S.BRKS","source_id":"geonames:496170"},"geometry":{"type":"Point","coordinates":[35.03333,63.18333]}},{"type":"Feature","properties":{"name":"Baraki Shestogo Lesouchastka","country":"Russia","country_code":"RU","branch":"army","branch_label":"Army base","type":"Barracks","feature_code":"S.BRKS","source_id":"geonames:8071635"},"geometry":{"type":"Point","coordinates":[40.3884,64.0209]}},{"type":"Feature","properties":{"name":"Baraki Shunashara","country":"Russia","country_code":"RU","branch":"army","branch_label":"Army base","type":"Barracks","feature_code":"S.BRKS","source_id":"geonames:8071799"},"geometry":{"type":"Point","coordinates":[41.906,64.4051]}},{"type":"Feature","properties":{"name":"Baraki Sorokovoy Kilometr","country":"Russia","country_code":"RU","branch":"army","branch_label":"Army base","type":"Barracks","feature_code":"S.BRKS","source_id":"geonames:13557344"},"geometry":{"type":"Point","coordinates":[128.57786,52.33991]}},{"type":"Feature","properties":{"name":"Baraki Sredniye","country":"Russia","country_code":"RU","branch":"army","branch_label":"Army base","type":"Barracks","feature_code":"S.BRKS","source_id":"geonames:8249152"},"geometry":{"type":"Point","coordinates":[45.836,63.4375]}},{"type":"Feature","properties":{"name":"Baraki Staritsa","country":"Russia","country_code":"RU","branch":"army","branch_label":"Army base","type":"Barracks","feature_code":"S.BRKS","source_id":"geonames:7543030"},"geometry":{"type":"Point","coordinates":[70.2182,58.2017]}},{"type":"Feature","properties":{"name":"Baraki Sur’mina","country":"Russia","country_code":"RU","branch":"army","branch_label":"Army base","type":"Barracks","feature_code":"S.BRKS","source_id":"geonames:12531499"},"geometry":{"type":"Point","coordinates":[136.05944,45.57507]}},{"type":"Feature","properties":{"name":"Baraki Syl’yel’","country":"Russia","country_code":"RU","branch":"army","branch_label":"Army base","type":"Barracks","feature_code":"S.BRKS","source_id":"geonames:7782220"},"geometry":{"type":"Point","coordinates":[49.1724,59.8182]}},{"type":"Feature","properties":{"name":"Baraki Talyndaya","country":"Russia","country_code":"RU","branch":"army","branch_label":"Army base","type":"Barracks","feature_code":"S.BRKS","source_id":"geonames:12629031"},"geometry":{"type":"Point","coordinates":[134.66375,58.64039]}},{"type":"Feature","properties":{"name":"Baraki Tayfunnyye","country":"Russia","country_code":"RU","branch":"army","branch_label":"Army base","type":"Barracks","feature_code":"S.BRKS","source_id":"geonames:12583299"},"geometry":{"type":"Point","coordinates":[136.9791,46.83801]}},{"type":"Feature","properties":{"name":"Baraki Tomptokan","country":"Russia","country_code":"RU","branch":"army","branch_label":"Army base","type":"Barracks","feature_code":"S.BRKS","source_id":"geonames:12724174"},"geometry":{"type":"Point","coordinates":[133.44948,57.07373]}},{"type":"Feature","properties":{"name":"Baraki Tretiy Lug","country":"Russia","country_code":"RU","branch":"army","branch_label":"Army base","type":"Barracks","feature_code":"S.BRKS","source_id":"geonames:7840644"},"geometry":{"type":"Point","coordinates":[118.42805,53.67007]}},{"type":"Feature","properties":{"name":"Baraki Tsentral’nyye","country":"Russia","country_code":"RU","branch":"army","branch_label":"Army base","type":"Barracks","feature_code":"S.BRKS","source_id":"geonames:8247532"},"geometry":{"type":"Point","coordinates":[55.9515,58.7326]}},{"type":"Feature","properties":{"name":"Baraki Ulom","country":"Russia","country_code":"RU","branch":"army","branch_label":"Army base","type":"Barracks","feature_code":"S.BRKS","source_id":"geonames:7454626"},"geometry":{"type":"Point","coordinates":[49.0273,61.1004]}},{"type":"Feature","properties":{"name":"Baraki Uroksa","country":"Russia","country_code":"RU","branch":"army","branch_label":"Army base","type":"Barracks","feature_code":"S.BRKS","source_id":"geonames:478658"},"geometry":{"type":"Point","coordinates":[34.51667,63.46667]}},{"type":"Feature","properties":{"name":"Baraki Ust’-Vuktyl’","country":"Russia","country_code":"RU","branch":"army","branch_label":"Army base","type":"Barracks","feature_code":"S.BRKS","source_id":"geonames:477908"},"geometry":{"type":"Point","coordinates":[52.37817,61.09065]}},{"type":"Feature","properties":{"name":"Baraki Ust’ye Ambardak","country":"Russia","country_code":"RU","branch":"army","branch_label":"Army base","type":"Barracks","feature_code":"S.BRKS","source_id":"geonames:12762801"},"geometry":{"type":"Point","coordinates":[135.38269,54.41116]}},{"type":"Feature","properties":{"name":"Baraki Ust’ye Pargaula","country":"Russia","country_code":"RU","branch":"army","branch_label":"Army base","type":"Barracks","feature_code":"S.BRKS","source_id":"geonames:12762786"},"geometry":{"type":"Point","coordinates":[135.74564,54.31069]}},{"type":"Feature","properties":{"name":"Baraki Vonga","country":"Russia","country_code":"RU","branch":"army","branch_label":"Army base","type":"Barracks","feature_code":"S.BRKS","source_id":"geonames:472202"},"geometry":{"type":"Point","coordinates":[33.3633,60.18972]}},{"type":"Feature","properties":{"name":"Baraki Vosemnadtsatyy Kilometr","country":"Russia","country_code":"RU","branch":"army","branch_label":"Army base","type":"Barracks","feature_code":"S.BRKS","source_id":"geonames:13234787"},"geometry":{"type":"Point","coordinates":[130.38113,50.41666]}},{"type":"Feature","properties":{"name":"Baraki Vos’mogo Lesouchastka","country":"Russia","country_code":"RU","branch":"army","branch_label":"Army base","type":"Barracks","feature_code":"S.BRKS","source_id":"geonames:8071634"},"geometry":{"type":"Point","coordinates":[40.2162,64.0481]}},{"type":"Feature","properties":{"name":"Baraki Vozhmosalma","country":"Russia","country_code":"RU","branch":"army","branch_label":"Army base","type":"Barracks","feature_code":"S.BRKS","source_id":"geonames:471225"},"geometry":{"type":"Point","coordinates":[35.3,63.45]}},{"type":"Feature","properties":{"name":"Baraki Vurgo-Varoka","country":"Russia","country_code":"RU","branch":"army","branch_label":"Army base","type":"Barracks","feature_code":"S.BRKS","source_id":"geonames:470870"},"geometry":{"type":"Point","coordinates":[30.18333,67.95]}},{"type":"Feature","properties":{"name":"Baraki Yaa","country":"Russia","country_code":"RU","branch":"army","branch_label":"Army base","type":"Barracks","feature_code":"S.BRKS","source_id":"geonames:12652771"},"geometry":{"type":"Point","coordinates":[137.79946,47.62788]}},{"type":"Feature","properties":{"name":"Baraki Yasnaya Polyana","country":"Russia","country_code":"RU","branch":"army","branch_label":"Army base","type":"Barracks","feature_code":"S.BRKS","source_id":"geonames:12531453"},"geometry":{"type":"Point","coordinates":[136.81699,45.87067]}},{"type":"Feature","properties":{"name":"Baraki Yelga","country":"Russia","country_code":"RU","branch":"army","branch_label":"Army base","type":"Barracks","feature_code":"S.BRKS","source_id":"geonames:2013011"},"geometry":{"type":"Point","coordinates":[139.44934,52.19712]}},{"type":"Feature","properties":{"name":"Baraki Zimnik","country":"Russia","country_code":"RU","branch":"army","branch_label":"Army base","type":"Barracks","feature_code":"S.BRKS","source_id":"geonames:462563"},"geometry":{"type":"Point","coordinates":[34.51667,59.71667]}},{"type":"Feature","properties":{"name":"Belaya","country":"Russia","country_code":"RU","branch":"air","branch_label":"Air base","type":"Air base","feature_code":"S.AIRB","source_id":"geonames:11459230"},"geometry":{"type":"Point","coordinates":[103.57507,52.91525]}},{"type":"Feature","properties":{"name":"Borisoglebsk","country":"Russia","country_code":"RU","branch":"air","branch_label":"Air base","type":"Air base","feature_code":"S.AIRB","source_id":"geonames:11459295"},"geometry":{"type":"Point","coordinates":[42.18356,51.36688]}},{"type":"Feature","properties":{"name":"Borzya Northwest","country":"Russia","country_code":"RU","branch":"air","branch_label":"Air base","type":"Air base","feature_code":"S.AIRB","source_id":"geonames:11459250"},"geometry":{"type":"Point","coordinates":[116.34337,50.39625]}},{"type":"Feature","properties":{"name":"Budennovsk Northwest","country":"Russia","country_code":"RU","branch":"air","branch_label":"Air base","type":"Air base","feature_code":"S.AIRB","source_id":"geonames:11459373"},"geometry":{"type":"Point","coordinates":[44.01179,44.8291]}},{"type":"Feature","properties":{"name":"Buturlinovka","country":"Russia","country_code":"RU","branch":"air","branch_label":"Air base","type":"Air base","feature_code":"S.AIRB","source_id":"geonames:11459298"},"geometry":{"type":"Point","coordinates":[40.60789,50.79173]}},{"type":"Feature","properties":{"name":"Chernigovka","country":"Russia","country_code":"RU","branch":"air","branch_label":"Air base","type":"Air base","feature_code":"S.AIRB","source_id":"geonames:11459536"},"geometry":{"type":"Point","coordinates":[132.54529,44.32248]}},{"type":"Feature","properties":{"name":"Chernyakhovsk","country":"Russia","country_code":"RU","branch":"air","branch_label":"Air base","type":"Air base","feature_code":"S.AIRB","source_id":"geonames:11459193"},"geometry":{"type":"Point","coordinates":[21.78241,54.60168]}},{"type":"Feature","properties":{"name":"Chita Northwest","country":"Russia","country_code":"RU","branch":"air","branch_label":"Air base","type":"Air base","feature_code":"S.AIRB","source_id":"geonames:8030081"},"geometry":{"type":"Point","coordinates":[113.43349,52.0718]}},{"type":"Feature","properties":{"name":"Chkalovsk","country":"Russia","country_code":"RU","branch":"air","branch_label":"Air base","type":"Air base","feature_code":"S.AIRB","source_id":"geonames:11459198"},"geometry":{"type":"Point","coordinates":[20.39698,54.76657]}},{"type":"Feature","properties":{"name":"Danilovo","country":"Russia","country_code":"RU","branch":"air","branch_label":"Air base","type":"Air base","feature_code":"S.AIRB","source_id":"geonames:11458949"},"geometry":{"type":"Point","coordinates":[48.03248,56.65973]}},{"type":"Feature","properties":{"name":"Dmitriyevka","country":"Russia","country_code":"RU","branch":"air","branch_label":"Air base","type":"Air base","feature_code":"S.AIRB","source_id":"geonames:11459355"},"geometry":{"type":"Point","coordinates":[55.54897,51.97317]}},{"type":"Feature","properties":{"name":"Domna","country":"Russia","country_code":"RU","branch":"air","branch_label":"Air base","type":"Air base","feature_code":"S.AIRB","source_id":"geonames:11459240"},"geometry":{"type":"Point","coordinates":[113.12081,51.91662]}},{"type":"Feature","properties":{"name":"Doroskhovo","country":"Russia","country_code":"RU","branch":"air","branch_label":"Air base","type":"Air base","feature_code":"S.AIRB","source_id":"geonames:11458707"},"geometry":{"type":"Point","coordinates":[36.64955,57.72551]}},{"type":"Feature","properties":{"name":"Engels","country":"Russia","country_code":"RU","branch":"air","branch_label":"Air base","type":"Air base","feature_code":"S.AIRB","source_id":"geonames:11459324"},"geometry":{"type":"Point","coordinates":[46.21599,51.4779]}},{"type":"Feature","properties":{"name":"Galenki Northeast","country":"Russia","country_code":"RU","branch":"air","branch_label":"Air base","type":"Air base","feature_code":"S.AIRB","source_id":"geonames:11459549"},"geometry":{"type":"Point","coordinates":[131.80526,44.09607]}},{"type":"Feature","properties":{"name":"Gromovo Airbase","country":"Russia","country_code":"RU","branch":"air","branch_label":"Air base","type":"Air base","feature_code":"S.AIRB","source_id":"geonames:11458920"},"geometry":{"type":"Point","coordinates":[30.11194,60.71455]}},{"type":"Feature","properties":{"name":"Ivanovo North","country":"Russia","country_code":"RU","branch":"air","branch_label":"Air base","type":"Air base","feature_code":"S.AIRB","source_id":"geonames:11458711"},"geometry":{"type":"Point","coordinates":[40.97953,57.05847]}},{"type":"Feature","properties":{"name":"Kansk South","country":"Russia","country_code":"RU","branch":"air","branch_label":"Air base","type":"Air base","feature_code":"S.AIRB","source_id":"geonames:11459016"},"geometry":{"type":"Point","coordinates":[95.66279,56.12396]}},{"type":"Feature","properties":{"name":"Kapustin Yar","country":"Russia","country_code":"RU","branch":"air","branch_label":"Air base","type":"Air base","feature_code":"S.AIRB","source_id":"geonames:11459325"},"geometry":{"type":"Point","coordinates":[45.73244,48.66764]}},{"type":"Feature","properties":{"name":"Kazarma 100 km","country":"Russia","country_code":"RU","branch":"army","branch_label":"Army base","type":"Barracks","feature_code":"S.BRKS","source_id":"geonames:6418662"},"geometry":{"type":"Point","coordinates":[131.4913,43.0344]}},{"type":"Feature","properties":{"name":"Kazarma 100 km","country":"Russia","country_code":"RU","branch":"army","branch_label":"Army base","type":"Barracks","feature_code":"S.BRKS","source_id":"geonames:6685972"},"geometry":{"type":"Point","coordinates":[137.96489,50.27544]}},{"type":"Feature","properties":{"name":"Kazarma 1029 km","country":"Russia","country_code":"RU","branch":"army","branch_label":"Army base","type":"Barracks","feature_code":"S.BRKS","source_id":"geonames:8072662"},"geometry":{"type":"Point","coordinates":[40.5588,63.6781]}},{"type":"Feature","properties":{"name":"Kazarma 1030 km","country":"Russia","country_code":"RU","branch":"army","branch_label":"Army base","type":"Barracks","feature_code":"S.BRKS","source_id":"geonames:7613409"},"geometry":{"type":"Point","coordinates":[50.245,54.2288]}},{"type":"Feature","properties":{"name":"Kazarma 1035 km","country":"Russia","country_code":"RU","branch":"army","branch_label":"Army base","type":"Barracks","feature_code":"S.BRKS","source_id":"geonames:7613408"},"geometry":{"type":"Point","coordinates":[50.3137,54.229]}},{"type":"Feature","properties":{"name":"Kazarma 1037 km","country":"Russia","country_code":"RU","branch":"army","branch_label":"Army base","type":"Barracks","feature_code":"S.BRKS","source_id":"geonames:8072631"},"geometry":{"type":"Point","coordinates":[40.6148,63.7391]}},{"type":"Feature","properties":{"name":"Kazarma 1039 km","country":"Russia","country_code":"RU","branch":"army","branch_label":"Army base","type":"Barracks","feature_code":"S.BRKS","source_id":"geonames:8072630"},"geometry":{"type":"Point","coordinates":[40.6244,63.7589]}},{"type":"Feature","properties":{"name":"Kazarma 1047 km","country":"Russia","country_code":"RU","branch":"army","branch_label":"Army base","type":"Barracks","feature_code":"S.BRKS","source_id":"geonames:7613405"},"geometry":{"type":"Point","coordinates":[50.47,54.2476]}},{"type":"Feature","properties":{"name":"Kazarma 1055 km","country":"Russia","country_code":"RU","branch":"army","branch_label":"Army base","type":"Barracks","feature_code":"S.BRKS","source_id":"geonames:7613394"},"geometry":{"type":"Point","coordinates":[50.5303,54.3012]}},{"type":"Feature","properties":{"name":"Kazarma 106 km","country":"Russia","country_code":"RU","branch":"army","branch_label":"Army base","type":"Barracks","feature_code":"S.BRKS","source_id":"geonames:6268428"},"geometry":{"type":"Point","coordinates":[60.8358,53.2284]}},{"type":"Feature","properties":{"name":"Kazarma 1065 km","country":"Russia","country_code":"RU","branch":"army","branch_label":"Army base","type":"Barracks","feature_code":"S.BRKS","source_id":"geonames:8072536"},"geometry":{"type":"Point","coordinates":[40.6608,63.9831]}},{"type":"Feature","properties":{"name":"Kazarma 1069 km","country":"Russia","country_code":"RU","branch":"army","branch_label":"Army base","type":"Barracks","feature_code":"S.BRKS","source_id":"geonames:7613392"},"geometry":{"type":"Point","coordinates":[50.6753,54.3952]}},{"type":"Feature","properties":{"name":"Kazarma 1073 km","country":"Russia","country_code":"RU","branch":"army","branch_label":"Army base","type":"Barracks","feature_code":"S.BRKS","source_id":"geonames:7613393"},"geometry":{"type":"Point","coordinates":[50.7363,54.4046]}},{"type":"Feature","properties":{"name":"Kazarma 108 km","country":"Russia","country_code":"RU","branch":"army","branch_label":"Army base","type":"Barracks","feature_code":"S.BRKS","source_id":"geonames:7599492"},"geometry":{"type":"Point","coordinates":[61.4808,57.8984]}},{"type":"Feature","properties":{"name":"Kazarma 1084 km","country":"Russia","country_code":"RU","branch":"army","branch_label":"Army base","type":"Barracks","feature_code":"S.BRKS","source_id":"geonames:7613479"},"geometry":{"type":"Point","coordinates":[50.8697,54.4388]}},{"type":"Feature","properties":{"name":"Kazarma 1099 km","country":"Russia","country_code":"RU","branch":"army","branch_label":"Army base","type":"Barracks","feature_code":"S.BRKS","source_id":"geonames:7614020"},"geometry":{"type":"Point","coordinates":[51.0884,54.4054]}},{"type":"Feature","properties":{"name":"Kazarma 1103 km","country":"Russia","country_code":"RU","branch":"army","branch_label":"Army base","type":"Barracks","feature_code":"S.BRKS","source_id":"geonames:7614017"},"geometry":{"type":"Point","coordinates":[51.1427,54.4028]}},{"type":"Feature","properties":{"name":"Kazarma 1115 km","country":"Russia","country_code":"RU","branch":"army","branch_label":"Army base","type":"Barracks","feature_code":"S.BRKS","source_id":"geonames:7614013"},"geometry":{"type":"Point","coordinates":[51.3154,54.3756]}},{"type":"Feature","properties":{"name":"Kazarma 1124 km","country":"Russia","country_code":"RU","branch":"army","branch_label":"Army base","type":"Barracks","feature_code":"S.BRKS","source_id":"geonames:7614012"},"geometry":{"type":"Point","coordinates":[51.415,54.4]}},{"type":"Feature","properties":{"name":"Kazarma 113 km","country":"Russia","country_code":"RU","branch":"army","branch_label":"Army base","type":"Barracks","feature_code":"S.BRKS","source_id":"geonames:6315880"},"geometry":{"type":"Point","coordinates":[84.23889,55.24444]}},{"type":"Feature","properties":{"name":"Kazarma 1136 km","country":"Russia","country_code":"RU","branch":"army","branch_label":"Army base","type":"Barracks","feature_code":"S.BRKS","source_id":"geonames:7614010"},"geometry":{"type":"Point","coordinates":[51.5491,54.4666]}},{"type":"Feature","properties":{"name":"Kazarma 114 km","country":"Russia","country_code":"RU","branch":"army","branch_label":"Army base","type":"Barracks","feature_code":"S.BRKS","source_id":"geonames:7605208"},"geometry":{"type":"Point","coordinates":[56.1857,53.8923]}},{"type":"Feature","properties":{"name":"Kazarma 1140 km","country":"Russia","country_code":"RU","branch":"army","branch_label":"Army base","type":"Barracks","feature_code":"S.BRKS","source_id":"geonames:7614008"},"geometry":{"type":"Point","coordinates":[51.5801,54.4422]}},{"type":"Feature","properties":{"name":"Kazarma 1142 km","country":"Russia","country_code":"RU","branch":"army","branch_label":"Army base","type":"Barracks","feature_code":"S.BRKS","source_id":"geonames:6918160"},"geometry":{"type":"Point","coordinates":[97.506,56.059]}},{"type":"Feature","properties":{"name":"Kazarma 1159 km","country":"Russia","country_code":"RU","branch":"army","branch_label":"Army base","type":"Barracks","feature_code":"S.BRKS","source_id":"geonames:7613985"},"geometry":{"type":"Point","coordinates":[51.7638,54.313]}},{"type":"Feature","properties":{"name":"Kazarma 1174 km","country":"Russia","country_code":"RU","branch":"army","branch_label":"Army base","type":"Barracks","feature_code":"S.BRKS","source_id":"geonames:7454723"},"geometry":{"type":"Point","coordinates":[48.1381,61.5314]}},{"type":"Feature","properties":{"name":"Kazarma 118 km","country":"Russia","country_code":"RU","branch":"army","branch_label":"Army base","type":"Barracks","feature_code":"S.BRKS","source_id":"geonames:6268426"},"geometry":{"type":"Point","coordinates":[60.7283,53.1457]}},{"type":"Feature","properties":{"name":"Kazarma 1210 km","country":"Russia","country_code":"RU","branch":"army","branch_label":"Army base","type":"Barracks","feature_code":"S.BRKS","source_id":"geonames:7454774"},"geometry":{"type":"Point","coordinates":[48.5937,61.775]}},{"type":"Feature","properties":{"name":"Kazarma 1215 km","country":"Russia","country_code":"RU","branch":"army","branch_label":"Army base","type":"Barracks","feature_code":"S.BRKS","source_id":"geonames:7590679"},"geometry":{"type":"Point","coordinates":[51.5891,53.5071]}},{"type":"Feature","properties":{"name":"Kazarma 122-y km","country":"Russia","country_code":"RU","branch":"army","branch_label":"Army base","type":"Barracks","feature_code":"S.BRKS","source_id":"geonames:8057694"},"geometry":{"type":"Point","coordinates":[62.3646,56.3704]}},{"type":"Feature","properties":{"name":"Kazarma 1225 km","country":"Russia","country_code":"RU","branch":"army","branch_label":"Army base","type":"Barracks","feature_code":"S.BRKS","source_id":"geonames:7454791"},"geometry":{"type":"Point","coordinates":[48.8323,61.8389]}},{"type":"Feature","properties":{"name":"Kazarma 1233 km","country":"Russia","country_code":"RU","branch":"army","branch_label":"Army base","type":"Barracks","feature_code":"S.BRKS","source_id":"geonames:7454790"},"geometry":{"type":"Point","coordinates":[48.9505,61.8626]}},{"type":"Feature","properties":{"name":"Kazarma 1236 km","country":"Russia","country_code":"RU","branch":"army","branch_label":"Army base","type":"Barracks","feature_code":"S.BRKS","source_id":"geonames:7454810"},"geometry":{"type":"Point","coordinates":[49.0137,61.884]}},{"type":"Feature","properties":{"name":"Kazarma 124 km","country":"Russia","country_code":"RU","branch":"army","branch_label":"Army base","type":"Barracks","feature_code":"S.BRKS","source_id":"geonames:6846182"},"geometry":{"type":"Point","coordinates":[44.82877,54.80386]}},{"type":"Feature","properties":{"name":"Kazarma 1241 km","country":"Russia","country_code":"RU","branch":"army","branch_label":"Army base","type":"Barracks","feature_code":"S.BRKS","source_id":"geonames:7454811"},"geometry":{"type":"Point","coordinates":[49.093,61.9037]}},{"type":"Feature","properties":{"name":"Kazarma 1246 km","country":"Russia","country_code":"RU","branch":"army","branch_label":"Army base","type":"Barracks","feature_code":"S.BRKS","source_id":"geonames:7590651"},"geometry":{"type":"Point","coordinates":[51.9608,53.6304]}},{"type":"Feature","properties":{"name":"Kazarma 126 km","country":"Russia","country_code":"RU","branch":"army","branch_label":"Army base","type":"Barracks","feature_code":"S.BRKS","source_id":"geonames:6268423"},"geometry":{"type":"Point","coordinates":[60.66433,53.0914]}},{"type":"Feature","properties":{"name":"Kazarma 126 km","country":"Russia","country_code":"RU","branch":"army","branch_label":"Army base","type":"Barracks","feature_code":"S.BRKS","source_id":"geonames:6853271"},"geometry":{"type":"Point","coordinates":[77.2078,54.3916]}},{"type":"Feature","properties":{"name":"Kazarma 128 km","country":"Russia","country_code":"RU","branch":"army","branch_label":"Army base","type":"Barracks","feature_code":"S.BRKS","source_id":"geonames:6315896"},"geometry":{"type":"Point","coordinates":[84.43722,55.22778]}},{"type":"Feature","properties":{"name":"Kazarma 128-y km","country":"Russia","country_code":"RU","branch":"army","branch_label":"Army base","type":"Barracks","feature_code":"S.BRKS","source_id":"geonames:8057642"},"geometry":{"type":"Point","coordinates":[62.296,56.3841]}},{"type":"Feature","properties":{"name":"Kazarma 129 km","country":"Russia","country_code":"RU","branch":"army","branch_label":"Army base","type":"Barracks","feature_code":"S.BRKS","source_id":"geonames:6284669"},"geometry":{"type":"Point","coordinates":[82.2324,55.7154]}},{"type":"Feature","properties":{"name":"Kazarma 129 km","country":"Russia","country_code":"RU","branch":"army","branch_label":"Army base","type":"Barracks","feature_code":"S.BRKS","source_id":"geonames:6315897"},"geometry":{"type":"Point","coordinates":[84.42806,55.21917]}},{"type":"Feature","properties":{"name":"Kazarma 13 km","country":"Russia","country_code":"RU","branch":"army","branch_label":"Army base","type":"Barracks","feature_code":"S.BRKS","source_id":"geonames:7751143"},"geometry":{"type":"Point","coordinates":[42.0549,55.2032]}},{"type":"Feature","properties":{"name":"Kazarma 132 km","country":"Russia","country_code":"RU","branch":"army","branch_label":"Army base","type":"Barracks","feature_code":"S.BRKS","source_id":"geonames:6315894"},"geometry":{"type":"Point","coordinates":[84.44333,55.19861]}},{"type":"Feature","properties":{"name":"Kazarma 1320 km","country":"Russia","country_code":"RU","branch":"army","branch_label":"Army base","type":"Barracks","feature_code":"S.BRKS","source_id":"geonames:6819952"},"geometry":{"type":"Point","coordinates":[56.25141,56.46816]}},{"type":"Feature","properties":{"name":"Kazarma 1330 km","country":"Russia","country_code":"RU","branch":"army","branch_label":"Army base","type":"Barracks","feature_code":"S.BRKS","source_id":"geonames:6820049"},"geometry":{"type":"Point","coordinates":[56.39283,56.45834]}},{"type":"Feature","properties":{"name":"Kazarma 134 km","country":"Russia","country_code":"RU","branch":"army","branch_label":"Army base","type":"Barracks","feature_code":"S.BRKS","source_id":"geonames:6853275"},"geometry":{"type":"Point","coordinates":[77.2998,54.3377]}},{"type":"Feature","properties":{"name":"Kazarma 136 km","country":"Russia","country_code":"RU","branch":"army","branch_label":"Army base","type":"Barracks","feature_code":"S.BRKS","source_id":"geonames:868415"},"geometry":{"type":"Point","coordinates":[46.61083,44.32222]}},{"type":"Feature","properties":{"name":"Kazarma 14 km","country":"Russia","country_code":"RU","branch":"army","branch_label":"Army base","type":"Barracks","feature_code":"S.BRKS","source_id":"geonames:7613433"},"geometry":{"type":"Point","coordinates":[50.2052,54.3062]}},{"type":"Feature","properties":{"name":"Kazarma 147 km","country":"Russia","country_code":"RU","branch":"army","branch_label":"Army base","type":"Barracks","feature_code":"S.BRKS","source_id":"geonames:7457388"},"geometry":{"type":"Point","coordinates":[38.0511,53.5342]}},{"type":"Feature","properties":{"name":"Kazarma 149 km","country":"Russia","country_code":"RU","branch":"army","branch_label":"Army base","type":"Barracks","feature_code":"S.BRKS","source_id":"geonames:7457389"},"geometry":{"type":"Point","coordinates":[38.0252,53.5451]}},{"type":"Feature","properties":{"name":"Kazarma 150 km","country":"Russia","country_code":"RU","branch":"army","branch_label":"Army base","type":"Barracks","feature_code":"S.BRKS","source_id":"geonames:6853285"},"geometry":{"type":"Point","coordinates":[77.4509,54.2306]}},{"type":"Feature","properties":{"name":"Kazarma 1524 km","country":"Russia","country_code":"RU","branch":"army","branch_label":"Army base","type":"Barracks","feature_code":"S.BRKS","source_id":"geonames:6924234"},"geometry":{"type":"Point","coordinates":[53.35742,63.34423]}},{"type":"Feature","properties":{"name":"Kazarma 155 km","country":"Russia","country_code":"RU","branch":"army","branch_label":"Army base","type":"Barracks","feature_code":"S.BRKS","source_id":"geonames:7077676"},"geometry":{"type":"Point","coordinates":[39.1611,56.6375]}},{"type":"Feature","properties":{"name":"Kazarma 157 km","country":"Russia","country_code":"RU","branch":"army","branch_label":"Army base","type":"Barracks","feature_code":"S.BRKS","source_id":"geonames:6853289"},"geometry":{"type":"Point","coordinates":[77.5246,54.1828]}},{"type":"Feature","properties":{"name":"Kazarma 16 km","country":"Russia","country_code":"RU","branch":"army","branch_label":"Army base","type":"Barracks","feature_code":"S.BRKS","source_id":"geonames:6268406"},"geometry":{"type":"Point","coordinates":[60.47788,53.06633]}},{"type":"Feature","properties":{"name":"Kazarma 16 km","country":"Russia","country_code":"RU","branch":"army","branch_label":"Army base","type":"Barracks","feature_code":"S.BRKS","source_id":"geonames:6924499"},"geometry":{"type":"Point","coordinates":[90.5026,56.2076]}},{"type":"Feature","properties":{"name":"Kazarma 168 km","country":"Russia","country_code":"RU","branch":"army","branch_label":"Army base","type":"Barracks","feature_code":"S.BRKS","source_id":"geonames:6864974"},"geometry":{"type":"Point","coordinates":[86.0876,54.8864]}},{"type":"Feature","properties":{"name":"Kazarma 17 km","country":"Russia","country_code":"RU","branch":"army","branch_label":"Army base","type":"Barracks","feature_code":"S.BRKS","source_id":"geonames:6875358"},"geometry":{"type":"Point","coordinates":[84.9857,52.6071]}},{"type":"Feature","properties":{"name":"Kazarma 17 km","country":"Russia","country_code":"RU","branch":"army","branch_label":"Army base","type":"Barracks","feature_code":"S.BRKS","source_id":"geonames:7751036"},"geometry":{"type":"Point","coordinates":[42.4087,54.9777]}},{"type":"Feature","properties":{"name":"Kazarma 170 km","country":"Russia","country_code":"RU","branch":"army","branch_label":"Army base","type":"Barracks","feature_code":"S.BRKS","source_id":"geonames:7599551"},"geometry":{"type":"Point","coordinates":[61.8294,57.4512]}},{"type":"Feature","properties":{"name":"Kazarma 172 km","country":"Russia","country_code":"RU","branch":"army","branch_label":"Army base","type":"Barracks","feature_code":"S.BRKS","source_id":"geonames:7599448"},"geometry":{"type":"Point","coordinates":[61.8341,57.4399]}},{"type":"Feature","properties":{"name":"Kazarma 176 km","country":"Russia","country_code":"RU","branch":"army","branch_label":"Army base","type":"Barracks","feature_code":"S.BRKS","source_id":"geonames:6864950"},"geometry":{"type":"Point","coordinates":[86.1418,54.8327]}},{"type":"Feature","properties":{"name":"Kazarma 177 km","country":"Russia","country_code":"RU","branch":"army","branch_label":"Army base","type":"Barracks","feature_code":"S.BRKS","source_id":"geonames:6649267"},"geometry":{"type":"Point","coordinates":[36.36766,54.59575]}},{"type":"Feature","properties":{"name":"Kazarma 18 km","country":"Russia","country_code":"RU","branch":"army","branch_label":"Army base","type":"Barracks","feature_code":"S.BRKS","source_id":"geonames:6268300"},"geometry":{"type":"Point","coordinates":[58.48577,51.1326]}},{"type":"Feature","properties":{"name":"Kazarma 18 km","country":"Russia","country_code":"RU","branch":"army","branch_label":"Army base","type":"Barracks","feature_code":"S.BRKS","source_id":"geonames:6268398"},"geometry":{"type":"Point","coordinates":[60.8505,53.0208]}},{"type":"Feature","properties":{"name":"Kazarma 180 km","country":"Russia","country_code":"RU","branch":"army","branch_label":"Army base","type":"Barracks","feature_code":"S.BRKS","source_id":"geonames:6649485"},"geometry":{"type":"Point","coordinates":[36.14438,54.55118]}},{"type":"Feature","properties":{"name":"Kazarma 182 km","country":"Russia","country_code":"RU","branch":"army","branch_label":"Army base","type":"Barracks","feature_code":"S.BRKS","source_id":"geonames:8061244"},"geometry":{"type":"Point","coordinates":[60.767,55.5615]}},{"type":"Feature","properties":{"name":"Kazarma 183 km","country":"Russia","country_code":"RU","branch":"army","branch_label":"Army base","type":"Barracks","feature_code":"S.BRKS","source_id":"geonames:7077576"},"geometry":{"type":"Point","coordinates":[39.4935,56.3543]}},{"type":"Feature","properties":{"name":"Kazarma 1838 km","country":"Russia","country_code":"RU","branch":"army","branch_label":"Army base","type":"Barracks","feature_code":"S.BRKS","source_id":"geonames:8059434"},"geometry":{"type":"Point","coordinates":[58.5364,55.0215]}},{"type":"Feature","properties":{"name":"Kazarma 1843 km","country":"Russia","country_code":"RU","branch":"army","branch_label":"Army base","type":"Barracks","feature_code":"S.BRKS","source_id":"geonames:8059427"},"geometry":{"type":"Point","coordinates":[58.5934,55.0549]}},{"type":"Feature","properties":{"name":"Kazarma 1846 km","country":"Russia","country_code":"RU","branch":"army","branch_label":"Army base","type":"Barracks","feature_code":"S.BRKS","source_id":"geonames:8059426"},"geometry":{"type":"Point","coordinates":[58.6354,55.0622]}},{"type":"Feature","properties":{"name":"Kazarma 1850 km","country":"Russia","country_code":"RU","branch":"army","branch_label":"Army base","type":"Barracks","feature_code":"S.BRKS","source_id":"geonames:8059425"},"geometry":{"type":"Point","coordinates":[58.6752,55.0746]}},{"type":"Feature","properties":{"name":"Kazarma 1856 km","country":"Russia","country_code":"RU","branch":"army","branch_label":"Army base","type":"Barracks","feature_code":"S.BRKS","source_id":"geonames:8059439"},"geometry":{"type":"Point","coordinates":[58.761,55.1037]}},{"type":"Feature","properties":{"name":"Kazarma 1860 km","country":"Russia","country_code":"RU","branch":"army","branch_label":"Army base","type":"Barracks","feature_code":"S.BRKS","source_id":"geonames:8059437"},"geometry":{"type":"Point","coordinates":[58.812,55.1119]}},{"type":"Feature","properties":{"name":"Kazarma 187 km","country":"Russia","country_code":"RU","branch":"army","branch_label":"Army base","type":"Barracks","feature_code":"S.BRKS","source_id":"geonames:6641094"},"geometry":{"type":"Point","coordinates":[48.22972,54.355]}},{"type":"Feature","properties":{"name":"Kazarma 190 km","country":"Russia","country_code":"RU","branch":"army","branch_label":"Army base","type":"Barracks","feature_code":"S.BRKS","source_id":"geonames:12092417"},"geometry":{"type":"Point","coordinates":[104.0001,51.5595]}},{"type":"Feature","properties":{"name":"Kazarma 1903-y km","country":"Russia","country_code":"RU","branch":"army","branch_label":"Army base","type":"Barracks","feature_code":"S.BRKS","source_id":"geonames:8055631"},"geometry":{"type":"Point","coordinates":[61.8896,56.7652]}},{"type":"Feature","properties":{"name":"Kazarma 1906-y km","country":"Russia","country_code":"RU","branch":"army","branch_label":"Army base","type":"Barracks","feature_code":"S.BRKS","source_id":"geonames:8055632"},"geometry":{"type":"Point","coordinates":[61.9241,56.7702]}},{"type":"Feature","properties":{"name":"Kazarma 1910-y km","country":"Russia","country_code":"RU","branch":"army","branch_label":"Army base","type":"Barracks","feature_code":"S.BRKS","source_id":"geonames:8055633"},"geometry":{"type":"Point","coordinates":[61.99,56.7724]}},{"type":"Feature","properties":{"name":"Kazarma 20 km","country":"Russia","country_code":"RU","branch":"army","branch_label":"Army base","type":"Barracks","feature_code":"S.BRKS","source_id":"geonames:6268253"},"geometry":{"type":"Point","coordinates":[58.93611,51.20194]}},{"type":"Feature","properties":{"name":"Kazarma 20 km","country":"Russia","country_code":"RU","branch":"army","branch_label":"Army base","type":"Barracks","feature_code":"S.BRKS","source_id":"geonames:6924519"},"geometry":{"type":"Point","coordinates":[90.4467,56.1864]}},{"type":"Feature","properties":{"name":"Kazarma 20 km","country":"Russia","country_code":"RU","branch":"army","branch_label":"Army base","type":"Barracks","feature_code":"S.BRKS","source_id":"geonames:7596638"},"geometry":{"type":"Point","coordinates":[46.914,54.9016]}},{"type":"Feature","properties":{"name":"Kazarma 20 km","country":"Russia","country_code":"RU","branch":"army","branch_label":"Army base","type":"Barracks","feature_code":"S.BRKS","source_id":"geonames:7754960"},"geometry":{"type":"Point","coordinates":[48.359,53.0042]}},{"type":"Feature","properties":{"name":"Kazarma 210 km","country":"Russia","country_code":"RU","branch":"army","branch_label":"Army base","type":"Barracks","feature_code":"S.BRKS","source_id":"geonames:7077624"},"geometry":{"type":"Point","coordinates":[39.7739,56.4876]}},{"type":"Feature","properties":{"name":"Kazarma 2147 km","country":"Russia","country_code":"RU","branch":"army","branch_label":"Army base","type":"Barracks","feature_code":"S.BRKS","source_id":"geonames:1541004"},"geometry":{"type":"Point","coordinates":[62.09694,55.20333]}},{"type":"Feature","properties":{"name":"Kazarma 23 km","country":"Russia","country_code":"RU","branch":"army","branch_label":"Army base","type":"Barracks","feature_code":"S.BRKS","source_id":"geonames:6268395"},"geometry":{"type":"Point","coordinates":[60.9299,53.0095]}},{"type":"Feature","properties":{"name":"Kazarma 23 km","country":"Russia","country_code":"RU","branch":"army","branch_label":"Army base","type":"Barracks","feature_code":"S.BRKS","source_id":"geonames:6818409"},"geometry":{"type":"Point","coordinates":[60.1172,59.8949]}},{"type":"Feature","properties":{"name":"Kazarma 23 km","country":"Russia","country_code":"RU","branch":"army","branch_label":"Army base","type":"Barracks","feature_code":"S.BRKS","source_id":"geonames:7450417"},"geometry":{"type":"Point","coordinates":[39.5269,53.2552]}},{"type":"Feature","properties":{"name":"Kazarma 23 km","country":"Russia","country_code":"RU","branch":"army","branch_label":"Army base","type":"Barracks","feature_code":"S.BRKS","source_id":"geonames:7751157"},"geometry":{"type":"Point","coordinates":[42.179,55.2373]}},{"type":"Feature","properties":{"name":"Kazarma 23 km","country":"Russia","country_code":"RU","branch":"army","branch_label":"Army base","type":"Barracks","feature_code":"S.BRKS","source_id":"geonames:7751230"},"geometry":{"type":"Point","coordinates":[42.1872,55.3537]}},{"type":"Feature","properties":{"name":"Kazarma 24 km","country":"Russia","country_code":"RU","branch":"army","branch_label":"Army base","type":"Barracks","feature_code":"S.BRKS","source_id":"geonames:6313364"},"geometry":{"type":"Point","coordinates":[48.39028,56.00389]}},{"type":"Feature","properties":{"name":"Kazarma 24 km","country":"Russia","country_code":"RU","branch":"army","branch_label":"Army base","type":"Barracks","feature_code":"S.BRKS","source_id":"geonames:6818364"},"geometry":{"type":"Point","coordinates":[60.6184,59.7913]}},{"type":"Feature","properties":{"name":"Kazarma 240 km","country":"Russia","country_code":"RU","branch":"army","branch_label":"Army base","type":"Barracks","feature_code":"S.BRKS","source_id":"geonames:7599538"},"geometry":{"type":"Point","coordinates":[61.6796,57.8732]}},{"type":"Feature","properties":{"name":"Kazarma 2419 km","country":"Russia","country_code":"RU","branch":"army","branch_label":"Army base","type":"Barracks","feature_code":"S.BRKS","source_id":"geonames:1543332"},"geometry":{"type":"Point","coordinates":[66.02722,55.34528]}},{"type":"Feature","properties":{"name":"Kazarma 243 km","country":"Russia","country_code":"RU","branch":"army","branch_label":"Army base","type":"Barracks","feature_code":"S.BRKS","source_id":"geonames:7078738"},"geometry":{"type":"Point","coordinates":[39.54926,57.34627]}},{"type":"Feature","properties":{"name":"Kazarma 246 km","country":"Russia","country_code":"RU","branch":"army","branch_label":"Army base","type":"Barracks","feature_code":"S.BRKS","source_id":"geonames:8057568"},"geometry":{"type":"Point","coordinates":[62.0569,56.8101]}},{"type":"Feature","properties":{"name":"Kazarma 2479 km","country":"Russia","country_code":"RU","branch":"army","branch_label":"Army base","type":"Barracks","feature_code":"S.BRKS","source_id":"geonames:1543532"},"geometry":{"type":"Point","coordinates":[67.04528,55.25056]}},{"type":"Feature","properties":{"name":"Kazarma 25 km","country":"Russia","country_code":"RU","branch":"army","branch_label":"Army base","type":"Barracks","feature_code":"S.BRKS","source_id":"geonames:7754905"},"geometry":{"type":"Point","coordinates":[48.7784,53.215]}},{"type":"Feature","properties":{"name":"Kazarma 250 km","country":"Russia","country_code":"RU","branch":"army","branch_label":"Army base","type":"Barracks","feature_code":"S.BRKS","source_id":"geonames:7513329"},"geometry":{"type":"Point","coordinates":[47.714,60.3092]}},{"type":"Feature","properties":{"name":"Kazarma 254 km","country":"Russia","country_code":"RU","branch":"army","branch_label":"Army base","type":"Barracks","feature_code":"S.BRKS","source_id":"geonames:8057573"},"geometry":{"type":"Point","coordinates":[62.0147,56.7599]}},{"type":"Feature","properties":{"name":"Kazarma 260 km","country":"Russia","country_code":"RU","branch":"army","branch_label":"Army base","type":"Barracks","feature_code":"S.BRKS","source_id":"geonames:6283497"},"geometry":{"type":"Point","coordinates":[83.45111,53.15806]}},{"type":"Feature","properties":{"name":"Kazarma 260-y km","country":"Russia","country_code":"RU","branch":"army","branch_label":"Army base","type":"Barracks","feature_code":"S.BRKS","source_id":"geonames:8055626"},"geometry":{"type":"Point","coordinates":[61.9874,56.7049]}},{"type":"Feature","properties":{"name":"Kazarma 27 km","country":"Russia","country_code":"RU","branch":"army","branch_label":"Army base","type":"Barracks","feature_code":"S.BRKS","source_id":"geonames:7606776"},"geometry":{"type":"Point","coordinates":[46.6625,57.9815]}},{"type":"Feature","properties":{"name":"Kazarma 28 km","country":"Russia","country_code":"RU","branch":"army","branch_label":"Army base","type":"Barracks","feature_code":"S.BRKS","source_id":"geonames:8057501"},"geometry":{"type":"Point","coordinates":[61.2941,54.9041]}},{"type":"Feature","properties":{"name":"Kazarma 281 km","country":"Russia","country_code":"RU","branch":"army","branch_label":"Army base","type":"Barracks","feature_code":"S.BRKS","source_id":"geonames:7457408"},"geometry":{"type":"Point","coordinates":[38.0342,53.5835]}},{"type":"Feature","properties":{"name":"Kazarma 281 km","country":"Russia","country_code":"RU","branch":"army","branch_label":"Army base","type":"Barracks","feature_code":"S.BRKS","source_id":"geonames:7688258"},"geometry":{"type":"Point","coordinates":[40.5072,54.2596]}},{"type":"Feature","properties":{"name":"Kazarma 29 km","country":"Russia","country_code":"RU","branch":"army","branch_label":"Army base","type":"Barracks","feature_code":"S.BRKS","source_id":"geonames:7606777"},"geometry":{"type":"Point","coordinates":[46.6195,57.9827]}},{"type":"Feature","properties":{"name":"Kazarma 295 km","country":"Russia","country_code":"RU","branch":"army","branch_label":"Army base","type":"Barracks","feature_code":"S.BRKS","source_id":"geonames:7687615"},"geometry":{"type":"Point","coordinates":[41.5587,55.5178]}},{"type":"Feature","properties":{"name":"Kazarma 30 km","country":"Russia","country_code":"RU","branch":"army","branch_label":"Army base","type":"Barracks","feature_code":"S.BRKS","source_id":"geonames:6313375"},"geometry":{"type":"Point","coordinates":[48.37278,56.06083]}},{"type":"Feature","properties":{"name":"Kazarma 30 km","country":"Russia","country_code":"RU","branch":"army","branch_label":"Army base","type":"Barracks","feature_code":"S.BRKS","source_id":"geonames:7496575"},"geometry":{"type":"Point","coordinates":[47.7596,59.8798]}},{"type":"Feature","properties":{"name":"Kazarma 303 km","country":"Russia","country_code":"RU","branch":"army","branch_label":"Army base","type":"Barracks","feature_code":"S.BRKS","source_id":"geonames:7591053"},"geometry":{"type":"Point","coordinates":[37.0919,58.1285]}},{"type":"Feature","properties":{"name":"Kazarma 306 km","country":"Russia","country_code":"RU","branch":"army","branch_label":"Army base","type":"Barracks","feature_code":"S.BRKS","source_id":"geonames:7751275"},"geometry":{"type":"Point","coordinates":[42.2826,55.5393]}},{"type":"Feature","properties":{"name":"Kazarma 310 km","country":"Russia","country_code":"RU","branch":"army","branch_label":"Army base","type":"Barracks","feature_code":"S.BRKS","source_id":"geonames:6609837"},"geometry":{"type":"Point","coordinates":[42.09804,56.21737]}},{"type":"Feature","properties":{"name":"Kazarma 310 km","country":"Russia","country_code":"RU","branch":"army","branch_label":"Army base","type":"Barracks","feature_code":"S.BRKS","source_id":"geonames:7079364"},"geometry":{"type":"Point","coordinates":[39.4725,57.7696]}},{"type":"Feature","properties":{"name":"Kazarma 311 km","country":"Russia","country_code":"RU","branch":"army","branch_label":"Army base","type":"Barracks","feature_code":"S.BRKS","source_id":"geonames:7591081"},"geometry":{"type":"Point","coordinates":[37.0703,58.1848]}},{"type":"Feature","properties":{"name":"Kazarma 317 km","country":"Russia","country_code":"RU","branch":"army","branch_label":"Army base","type":"Barracks","feature_code":"S.BRKS","source_id":"geonames:7751265"},"geometry":{"type":"Point","coordinates":[42.4532,55.5354]}},{"type":"Feature","properties":{"name":"Kazarma 319 km","country":"Russia","country_code":"RU","branch":"army","branch_label":"Army base","type":"Barracks","feature_code":"S.BRKS","source_id":"geonames:6844373"},"geometry":{"type":"Point","coordinates":[54.1366,57.95591]}},{"type":"Feature","properties":{"name":"Kazarma 325 km","country":"Russia","country_code":"RU","branch":"army","branch_label":"Army base","type":"Barracks","feature_code":"S.BRKS","source_id":"geonames:6844370"},"geometry":{"type":"Point","coordinates":[54.22382,57.95886]}},{"type":"Feature","properties":{"name":"Kazarma 325 km","country":"Russia","country_code":"RU","branch":"army","branch_label":"Army base","type":"Barracks","feature_code":"S.BRKS","source_id":"geonames:7591103"},"geometry":{"type":"Point","coordinates":[37.0275,58.3179]}},{"type":"Feature","properties":{"name":"Kazarma 329 km","country":"Russia","country_code":"RU","branch":"army","branch_label":"Army base","type":"Barracks","feature_code":"S.BRKS","source_id":"geonames:6609921"},"geometry":{"type":"Point","coordinates":[42.32057,56.11258]}},{"type":"Feature","properties":{"name":"Kazarma 329 km","country":"Russia","country_code":"RU","branch":"army","branch_label":"Army base","type":"Barracks","feature_code":"S.BRKS","source_id":"geonames:7751263"},"geometry":{"type":"Point","coordinates":[42.5982,55.5191]}},{"type":"Feature","properties":{"name":"Kazarma 332 km","country":"Russia","country_code":"RU","branch":"army","branch_label":"Army base","type":"Barracks","feature_code":"S.BRKS","source_id":"geonames:7891900"},"geometry":{"type":"Point","coordinates":[82.9674,52.6167]}},{"type":"Feature","properties":{"name":"Kazarma 3454 km","country":"Russia","country_code":"RU","branch":"army","branch_label":"Army base","type":"Barracks","feature_code":"S.BRKS","source_id":"geonames:6315598"},"geometry":{"type":"Point","coordinates":[84.2954,55.629]}},{"type":"Feature","properties":{"name":"Kazarma 3458 km","country":"Russia","country_code":"RU","branch":"army","branch_label":"Army base","type":"Barracks","feature_code":"S.BRKS","source_id":"geonames:6315597"},"geometry":{"type":"Point","coordinates":[84.34,55.64722]}},{"type":"Feature","properties":{"name":"Kazarma 35 km","country":"Russia","country_code":"RU","branch":"army","branch_label":"Army base","type":"Barracks","feature_code":"S.BRKS","source_id":"geonames:1541194"},"geometry":{"type":"Point","coordinates":[61.2621,54.8446]}},{"type":"Feature","properties":{"name":"Kazarma 35 km","country":"Russia","country_code":"RU","branch":"army","branch_label":"Army base","type":"Barracks","feature_code":"S.BRKS","source_id":"geonames:873623"},"geometry":{"type":"Point","coordinates":[58.8957,53.3251]}},{"type":"Feature","properties":{"name":"Kazarma 351 km","country":"Russia","country_code":"RU","branch":"army","branch_label":"Army base","type":"Barracks","feature_code":"S.BRKS","source_id":"geonames:6610061"},"geometry":{"type":"Point","coordinates":[42.66206,56.11853]}},{"type":"Feature","properties":{"name":"Kazarma 356 km","country":"Russia","country_code":"RU","branch":"army","branch_label":"Army base","type":"Barracks","feature_code":"S.BRKS","source_id":"geonames:6610079"},"geometry":{"type":"Point","coordinates":[42.72879,56.13853]}},{"type":"Feature","properties":{"name":"Kazarma 356 km","country":"Russia","country_code":"RU","branch":"army","branch_label":"Army base","type":"Barracks","feature_code":"S.BRKS","source_id":"geonames:7457238"},"geometry":{"type":"Point","coordinates":[38.2107,53.0388]}},{"type":"Feature","properties":{"name":"Kazarma 363 km","country":"Russia","country_code":"RU","branch":"army","branch_label":"Army base","type":"Barracks","feature_code":"S.BRKS","source_id":"geonames:7891905"},"geometry":{"type":"Point","coordinates":[82.6693,52.4286]}},{"type":"Feature","properties":{"name":"Kazarma 377 km","country":"Russia","country_code":"RU","branch":"army","branch_label":"Army base","type":"Barracks","feature_code":"S.BRKS","source_id":"geonames:6419902"},"geometry":{"type":"Point","coordinates":[43.34,55.48]}},{"type":"Feature","properties":{"name":"Kazarma 384 km","country":"Russia","country_code":"RU","branch":"army","branch_label":"Army base","type":"Barracks","feature_code":"S.BRKS","source_id":"geonames:7457533"},"geometry":{"type":"Point","coordinates":[38.6742,53.9489]}},{"type":"Feature","properties":{"name":"Kazarma 387 km","country":"Russia","country_code":"RU","branch":"army","branch_label":"Army base","type":"Barracks","feature_code":"S.BRKS","source_id":"geonames:7451846"},"geometry":{"type":"Point","coordinates":[38.3432,52.8269]}},{"type":"Feature","properties":{"name":"Kazarma 395 km","country":"Russia","country_code":"RU","branch":"army","branch_label":"Army base","type":"Barracks","feature_code":"S.BRKS","source_id":"geonames:6423650"},"geometry":{"type":"Point","coordinates":[42.01029,57.31003]}},{"type":"Feature","properties":{"name":"Kazarma 397 km","country":"Russia","country_code":"RU","branch":"army","branch_label":"Army base","type":"Barracks","feature_code":"S.BRKS","source_id":"geonames:7451855"},"geometry":{"type":"Point","coordinates":[38.3085,52.7421]}},{"type":"Feature","properties":{"name":"Kazarma 401 km","country":"Russia","country_code":"RU","branch":"army","branch_label":"Army base","type":"Barracks","feature_code":"S.BRKS","source_id":"geonames:6422375"},"geometry":{"type":"Point","coordinates":[42.05448,57.35179]}},{"type":"Feature","properties":{"name":"Kazarma 41 km","country":"Russia","country_code":"RU","branch":"army","branch_label":"Army base","type":"Barracks","feature_code":"S.BRKS","source_id":"geonames:873624"},"geometry":{"type":"Point","coordinates":[58.8945,53.2607]}},{"type":"Feature","properties":{"name":"Kazarma 4416 km","country":"Russia","country_code":"RU","branch":"army","branch_label":"Army base","type":"Barracks","feature_code":"S.BRKS","source_id":"geonames:8358351"},"geometry":{"type":"Point","coordinates":[96.6701,56.1809]}},{"type":"Feature","properties":{"name":"Kazarma 4419 km","country":"Russia","country_code":"RU","branch":"army","branch_label":"Army base","type":"Barracks","feature_code":"S.BRKS","source_id":"geonames:6312682"},"geometry":{"type":"Point","coordinates":[96.7059,56.1703]}},{"type":"Feature","properties":{"name":"Kazarma 4423 km","country":"Russia","country_code":"RU","branch":"army","branch_label":"Army base","type":"Barracks","feature_code":"S.BRKS","source_id":"geonames:6312681"},"geometry":{"type":"Point","coordinates":[96.7709,56.1701]}},{"type":"Feature","properties":{"name":"Kazarma 4429 km","country":"Russia","country_code":"RU","branch":"army","branch_label":"Army base","type":"Barracks","feature_code":"S.BRKS","source_id":"geonames:6312677"},"geometry":{"type":"Point","coordinates":[96.8706,56.153]}},{"type":"Feature","properties":{"name":"Kazarma 443 km","country":"Russia","country_code":"RU","branch":"army","branch_label":"Army base","type":"Barracks","feature_code":"S.BRKS","source_id":"geonames:7451924"},"geometry":{"type":"Point","coordinates":[38.6552,52.5157]}},{"type":"Feature","properties":{"name":"Kazarma 4435 km","country":"Russia","country_code":"RU","branch":"army","branch_label":"Army base","type":"Barracks","feature_code":"S.BRKS","source_id":"geonames:6312679"},"geometry":{"type":"Point","coordinates":[96.9684,56.1502]}},{"type":"Feature","properties":{"name":"Kazarma 4444 km","country":"Russia","country_code":"RU","branch":"army","branch_label":"Army base","type":"Barracks","feature_code":"S.BRKS","source_id":"geonames:6918163"},"geometry":{"type":"Point","coordinates":[97.0973,56.1446]}},{"type":"Feature","properties":{"name":"Kazarma 4447 km","country":"Russia","country_code":"RU","branch":"army","branch_label":"Army base","type":"Barracks","feature_code":"S.BRKS","source_id":"geonames:6918162"},"geometry":{"type":"Point","coordinates":[97.1284,56.1513]}},{"type":"Feature","properties":{"name":"Kazarma 4449 km","country":"Russia","country_code":"RU","branch":"army","branch_label":"Army base","type":"Barracks","feature_code":"S.BRKS","source_id":"geonames:6918164"},"geometry":{"type":"Point","coordinates":[97.1593,56.1537]}},{"type":"Feature","properties":{"name":"Kazarma 4461 km","country":"Russia","country_code":"RU","branch":"army","branch_label":"Army base","type":"Barracks","feature_code":"S.BRKS","source_id":"geonames:6918161"},"geometry":{"type":"Point","coordinates":[97.2867,56.1108]}},{"type":"Feature","properties":{"name":"Kazarma 4468 km","country":"Russia","country_code":"RU","branch":"army","branch_label":"Army base","type":"Barracks","feature_code":"S.BRKS","source_id":"geonames:6918166"},"geometry":{"type":"Point","coordinates":[97.3937,56.116]}},{"type":"Feature","properties":{"name":"Kazarma 45 km","country":"Russia","country_code":"RU","branch":"army","branch_label":"Army base","type":"Barracks","feature_code":"S.BRKS","source_id":"geonames:6314465"},"geometry":{"type":"Point","coordinates":[83.1907,54.7221]}},{"type":"Feature","properties":{"name":"Kazarma 4567 km","country":"Russia","country_code":"RU","branch":"army","branch_label":"Army base","type":"Barracks","feature_code":"S.BRKS","source_id":"geonames:7902176"},"geometry":{"type":"Point","coordinates":[98.4862,55.6585]}},{"type":"Feature","properties":{"name":"Kazarma 480 km","country":"Russia","country_code":"RU","branch":"army","branch_label":"Army base","type":"Barracks","feature_code":"S.BRKS","source_id":"geonames:7451975"},"geometry":{"type":"Point","coordinates":[38.3389,52.277]}},{"type":"Feature","properties":{"name":"Kazarma 484 km","country":"Russia","country_code":"RU","branch":"army","branch_label":"Army base","type":"Barracks","feature_code":"S.BRKS","source_id":"geonames:7451982"},"geometry":{"type":"Point","coordinates":[38.3138,52.2528]}},{"type":"Feature","properties":{"name":"Kazarma 484 km","country":"Russia","country_code":"RU","branch":"army","branch_label":"Army base","type":"Barracks","feature_code":"S.BRKS","source_id":"geonames:7460575"},"geometry":{"type":"Point","coordinates":[42.1198,58.4064]}},{"type":"Feature","properties":{"name":"Kazarma 489 km","country":"Russia","country_code":"RU","branch":"army","branch_label":"Army base","type":"Barracks","feature_code":"S.BRKS","source_id":"geonames:7460586"},"geometry":{"type":"Point","coordinates":[42.1573,58.3763]}},{"type":"Feature","properties":{"name":"Kazarma 493 km","country":"Russia","country_code":"RU","branch":"army","branch_label":"Army base","type":"Barracks","feature_code":"S.BRKS","source_id":"geonames:7452001"},"geometry":{"type":"Point","coordinates":[38.3013,52.166]}},{"type":"Feature","properties":{"name":"Kazarma 493 km","country":"Russia","country_code":"RU","branch":"army","branch_label":"Army base","type":"Barracks","feature_code":"S.BRKS","source_id":"geonames:7460588"},"geometry":{"type":"Point","coordinates":[42.2228,58.369]}},{"type":"Feature","properties":{"name":"Kazarma 499 km","country":"Russia","country_code":"RU","branch":"army","branch_label":"Army base","type":"Barracks","feature_code":"S.BRKS","source_id":"geonames:7452003"},"geometry":{"type":"Point","coordinates":[38.2732,52.1137]}},{"type":"Feature","properties":{"name":"Kazarma 505 km","country":"Russia","country_code":"RU","branch":"army","branch_label":"Army base","type":"Barracks","feature_code":"S.BRKS","source_id":"geonames:7452014"},"geometry":{"type":"Point","coordinates":[38.2374,52.0897]}},{"type":"Feature","properties":{"name":"Kazarma 507 km","country":"Russia","country_code":"RU","branch":"army","branch_label":"Army base","type":"Barracks","feature_code":"S.BRKS","source_id":"geonames:6419034"},"geometry":{"type":"Point","coordinates":[44.46,56.78]}},{"type":"Feature","properties":{"name":"Kazarma 507 km","country":"Russia","country_code":"RU","branch":"army","branch_label":"Army base","type":"Barracks","feature_code":"S.BRKS","source_id":"geonames:7452015"},"geometry":{"type":"Point","coordinates":[38.2166,52.0737]}},{"type":"Feature","properties":{"name":"Kazarma 509 km","country":"Russia","country_code":"RU","branch":"army","branch_label":"Army base","type":"Barracks","feature_code":"S.BRKS","source_id":"geonames:7452019"},"geometry":{"type":"Point","coordinates":[38.2017,52.0462]}},{"type":"Feature","properties":{"name":"Kazarma 516 km","country":"Russia","country_code":"RU","branch":"army","branch_label":"Army base","type":"Barracks","feature_code":"S.BRKS","source_id":"geonames:7452022"},"geometry":{"type":"Point","coordinates":[38.1352,52.0229]}},{"type":"Feature","properties":{"name":"Kazarma 52 km","country":"Russia","country_code":"RU","branch":"army","branch_label":"Army base","type":"Barracks","feature_code":"S.BRKS","source_id":"geonames:873625"},"geometry":{"type":"Point","coordinates":[58.8726,53.1927]}},{"type":"Feature","properties":{"name":"Kazarma 527 km","country":"Russia","country_code":"RU","branch":"army","branch_label":"Army base","type":"Barracks","feature_code":"S.BRKS","source_id":"geonames:7438293"},"geometry":{"type":"Point","coordinates":[47.361,47.3773]}},{"type":"Feature","properties":{"name":"Kazarma 53 km","country":"Russia","country_code":"RU","branch":"army","branch_label":"Army base","type":"Barracks","feature_code":"S.BRKS","source_id":"geonames:1543550"},"geometry":{"type":"Point","coordinates":[67.93444,55.06389]}},{"type":"Feature","properties":{"name":"Kazarma 536 km","country":"Russia","country_code":"RU","branch":"army","branch_label":"Army base","type":"Barracks","feature_code":"S.BRKS","source_id":"geonames:6419184"},"geometry":{"type":"Point","coordinates":[44.72799,56.97415]}},{"type":"Feature","properties":{"name":"Kazarma 54 km","country":"Russia","country_code":"RU","branch":"army","branch_label":"Army base","type":"Barracks","feature_code":"S.BRKS","source_id":"geonames:6843586"},"geometry":{"type":"Point","coordinates":[47.7299,51.28372]}},{"type":"Feature","properties":{"name":"Kazarma 546 km","country":"Russia","country_code":"RU","branch":"army","branch_label":"Army base","type":"Barracks","feature_code":"S.BRKS","source_id":"geonames:7608641"},"geometry":{"type":"Point","coordinates":[44.8743,57.0371]}},{"type":"Feature","properties":{"name":"Kazarma 560 km","country":"Russia","country_code":"RU","branch":"army","branch_label":"Army base","type":"Barracks","feature_code":"S.BRKS","source_id":"geonames:7608325"},"geometry":{"type":"Point","coordinates":[45.0271,57.1072]}},{"type":"Feature","properties":{"name":"Kazarma 561 km","country":"Russia","country_code":"RU","branch":"army","branch_label":"Army base","type":"Barracks","feature_code":"S.BRKS","source_id":"geonames:8055323"},"geometry":{"type":"Point","coordinates":[104.2229,56.6213]}},{"type":"Feature","properties":{"name":"Kazarma 562 km","country":"Russia","country_code":"RU","branch":"army","branch_label":"Army base","type":"Barracks","feature_code":"S.BRKS","source_id":"geonames:7608324"},"geometry":{"type":"Point","coordinates":[45.0433,57.1269]}},{"type":"Feature","properties":{"name":"Kazarma 563 km","country":"Russia","country_code":"RU","branch":"army","branch_label":"Army base","type":"Barracks","feature_code":"S.BRKS","source_id":"geonames:7495138"},"geometry":{"type":"Point","coordinates":[39.3097,59.2542]}},{"type":"Feature","properties":{"name":"Kazarma 564 km","country":"Russia","country_code":"RU","branch":"army","branch_label":"Army base","type":"Barracks","feature_code":"S.BRKS","source_id":"geonames:7043864"},"geometry":{"type":"Point","coordinates":[44.35552,48.8217]}},{"type":"Feature","properties":{"name":"Kazarma 573 km","country":"Russia","country_code":"RU","branch":"army","branch_label":"Army base","type":"Barracks","feature_code":"S.BRKS","source_id":"geonames:7608366"},"geometry":{"type":"Point","coordinates":[45.1635,57.195]}},{"type":"Feature","properties":{"name":"Kazarma 576 km","country":"Russia","country_code":"RU","branch":"army","branch_label":"Army base","type":"Barracks","feature_code":"S.BRKS","source_id":"geonames:7608365"},"geometry":{"type":"Point","coordinates":[45.2006,57.2134]}},{"type":"Feature","properties":{"name":"Kazarma 578 km","country":"Russia","country_code":"RU","branch":"army","branch_label":"Army base","type":"Barracks","feature_code":"S.BRKS","source_id":"geonames:7495130"},"geometry":{"type":"Point","coordinates":[39.5962,59.2489]}},{"type":"Feature","properties":{"name":"Kazarma 583 km","country":"Russia","country_code":"RU","branch":"army","branch_label":"Army base","type":"Barracks","feature_code":"S.BRKS","source_id":"geonames:7608456"},"geometry":{"type":"Point","coordinates":[45.3035,57.2536]}},{"type":"Feature","properties":{"name":"Kazarma 610 km","country":"Russia","country_code":"RU","branch":"army","branch_label":"Army base","type":"Barracks","feature_code":"S.BRKS","source_id":"geonames:7044380"},"geometry":{"type":"Point","coordinates":[48.00204,46.80495]}},{"type":"Feature","properties":{"name":"Kazarma 62 km","country":"Russia","country_code":"RU","branch":"army","branch_label":"Army base","type":"Barracks","feature_code":"S.BRKS","source_id":"geonames:1541119"},"geometry":{"type":"Point","coordinates":[61.3233,54.5055]}},{"type":"Feature","properties":{"name":"Kazarma 62 km","country":"Russia","country_code":"RU","branch":"army","branch_label":"Army base","type":"Barracks","feature_code":"S.BRKS","source_id":"geonames:7450413"},"geometry":{"type":"Point","coordinates":[39.1369,53.2701]}},{"type":"Feature","properties":{"name":"Kazarma 63 km","country":"Russia","country_code":"RU","branch":"army","branch_label":"Army base","type":"Barracks","feature_code":"S.BRKS","source_id":"geonames:1540990"},"geometry":{"type":"Point","coordinates":[61.7615,55.9266]}},{"type":"Feature","properties":{"name":"Kazarma 639 km","country":"Russia","country_code":"RU","branch":"army","branch_label":"Army base","type":"Barracks","feature_code":"S.BRKS","source_id":"geonames:7606959"},"geometry":{"type":"Point","coordinates":[46.0095,57.5176]}},{"type":"Feature","properties":{"name":"Kazarma 644 km","country":"Russia","country_code":"RU","branch":"army","branch_label":"Army base","type":"Barracks","feature_code":"S.BRKS","source_id":"geonames:7606958"},"geometry":{"type":"Point","coordinates":[46.0871,57.5281]}},{"type":"Feature","properties":{"name":"Kazarma 647 km","country":"Russia","country_code":"RU","branch":"army","branch_label":"Army base","type":"Barracks","feature_code":"S.BRKS","source_id":"geonames:7606957"},"geometry":{"type":"Point","coordinates":[46.1448,57.5431]}},{"type":"Feature","properties":{"name":"Kazarma 65-y km","country":"Russia","country_code":"RU","branch":"army","branch_label":"Army base","type":"Barracks","feature_code":"S.BRKS","source_id":"geonames:8055698"},"geometry":{"type":"Point","coordinates":[61.4596,56.5447]}},{"type":"Feature","properties":{"name":"Kazarma 655 km","country":"Russia","country_code":"RU","branch":"army","branch_label":"Army base","type":"Barracks","feature_code":"S.BRKS","source_id":"geonames:7607015"},"geometry":{"type":"Point","coordinates":[46.2458,57.574]}},{"type":"Feature","properties":{"name":"Kazarma 659 km","country":"Russia","country_code":"RU","branch":"army","branch_label":"Army base","type":"Barracks","feature_code":"S.BRKS","source_id":"geonames:7607018"},"geometry":{"type":"Point","coordinates":[46.3066,57.5903]}},{"type":"Feature","properties":{"name":"Kazarma 661 km","country":"Russia","country_code":"RU","branch":"army","branch_label":"Army base","type":"Barracks","feature_code":"S.BRKS","source_id":"geonames:6610950"},"geometry":{"type":"Point","coordinates":[91.66061,56.12174]}},{"type":"Feature","properties":{"name":"Kazarma 661 km","country":"Russia","country_code":"RU","branch":"army","branch_label":"Army base","type":"Barracks","feature_code":"S.BRKS","source_id":"geonames:7607017"},"geometry":{"type":"Point","coordinates":[46.3328,57.5941]}},{"type":"Feature","properties":{"name":"Kazarma 668 km","country":"Russia","country_code":"RU","branch":"army","branch_label":"Army base","type":"Barracks","feature_code":"S.BRKS","source_id":"geonames:7606994"},"geometry":{"type":"Point","coordinates":[46.433,57.6286]}},{"type":"Feature","properties":{"name":"Kazarma 67 km","country":"Russia","country_code":"RU","branch":"army","branch_label":"Army base","type":"Barracks","feature_code":"S.BRKS","source_id":"geonames:6843598"},"geometry":{"type":"Point","coordinates":[47.90957,51.30392]}},{"type":"Feature","properties":{"name":"Kazarma 670 km","country":"Russia","country_code":"RU","branch":"army","branch_label":"Army base","type":"Barracks","feature_code":"S.BRKS","source_id":"geonames:7606993"},"geometry":{"type":"Point","coordinates":[46.4604,57.6372]}},{"type":"Feature","properties":{"name":"Kazarma 69 km","country":"Russia","country_code":"RU","branch":"army","branch_label":"Army base","type":"Barracks","feature_code":"S.BRKS","source_id":"geonames:6685973"},"geometry":{"type":"Point","coordinates":[137.68725,50.34593]}},{"type":"Feature","properties":{"name":"Kazarma 694 km","country":"Russia","country_code":"RU","branch":"army","branch_label":"Army base","type":"Barracks","feature_code":"S.BRKS","source_id":"geonames:7606788"},"geometry":{"type":"Point","coordinates":[46.812,57.7397]}},{"type":"Feature","properties":{"name":"Kazarma 702 km","country":"Russia","country_code":"RU","branch":"army","branch_label":"Army base","type":"Barracks","feature_code":"S.BRKS","source_id":"geonames:7606779"},"geometry":{"type":"Point","coordinates":[46.906,57.7888]}},{"type":"Feature","properties":{"name":"Kazarma 706 km","country":"Russia","country_code":"RU","branch":"army","branch_label":"Army base","type":"Barracks","feature_code":"S.BRKS","source_id":"geonames:7606778"},"geometry":{"type":"Point","coordinates":[46.9488,57.8102]}},{"type":"Feature","properties":{"name":"Kazarma 720 km","country":"Russia","country_code":"RU","branch":"army","branch_label":"Army base","type":"Barracks","feature_code":"S.BRKS","source_id":"geonames:7769986"},"geometry":{"type":"Point","coordinates":[47.1427,57.8774]}},{"type":"Feature","properties":{"name":"Kazarma 721 km","country":"Russia","country_code":"RU","branch":"army","branch_label":"Army base","type":"Barracks","feature_code":"S.BRKS","source_id":"geonames:7897789"},"geometry":{"type":"Point","coordinates":[109.64921,51.32437]}},{"type":"Feature","properties":{"name":"Kazarma 729 km","country":"Russia","country_code":"RU","branch":"army","branch_label":"Army base","type":"Barracks","feature_code":"S.BRKS","source_id":"geonames:7770157"},"geometry":{"type":"Point","coordinates":[47.2729,57.9281]}},{"type":"Feature","properties":{"name":"Kazarma 73 km","country":"Russia","country_code":"RU","branch":"army","branch_label":"Army base","type":"Barracks","feature_code":"S.BRKS","source_id":"geonames:1540980"},"geometry":{"type":"Point","coordinates":[61.7015,55.836]}},{"type":"Feature","properties":{"name":"Kazarma 734 km","country":"Russia","country_code":"RU","branch":"army","branch_label":"Army base","type":"Barracks","feature_code":"S.BRKS","source_id":"geonames:7770158"},"geometry":{"type":"Point","coordinates":[47.3447,57.9407]}},{"type":"Feature","properties":{"name":"Kazarma 738 km","country":"Russia","country_code":"RU","branch":"army","branch_label":"Army base","type":"Barracks","feature_code":"S.BRKS","source_id":"geonames:8079622"},"geometry":{"type":"Point","coordinates":[40.2963,61.2365]}},{"type":"Feature","properties":{"name":"Kazarma 74 km","country":"Russia","country_code":"RU","branch":"army","branch_label":"Army base","type":"Barracks","feature_code":"S.BRKS","source_id":"geonames:1541169"},"geometry":{"type":"Point","coordinates":[61.3905,54.4069]}},{"type":"Feature","properties":{"name":"Kazarma 744 km","country":"Russia","country_code":"RU","branch":"army","branch_label":"Army base","type":"Barracks","feature_code":"S.BRKS","source_id":"geonames:7458088"},"geometry":{"type":"Point","coordinates":[46.5631,53.905]}},{"type":"Feature","properties":{"name":"Kazarma 757 km","country":"Russia","country_code":"RU","branch":"army","branch_label":"Army base","type":"Barracks","feature_code":"S.BRKS","source_id":"geonames:7458089"},"geometry":{"type":"Point","coordinates":[46.6599,53.9314]}},{"type":"Feature","properties":{"name":"Kazarma 77 km","country":"Russia","country_code":"RU","branch":"army","branch_label":"Army base","type":"Barracks","feature_code":"S.BRKS","source_id":"geonames:1541168"},"geometry":{"type":"Point","coordinates":[61.4044,54.3794]}},{"type":"Feature","properties":{"name":"Kazarma 77 km","country":"Russia","country_code":"RU","branch":"army","branch_label":"Army base","type":"Barracks","feature_code":"S.BRKS","source_id":"geonames:7590609"},"geometry":{"type":"Point","coordinates":[51.2663,53.8635]}},{"type":"Feature","properties":{"name":"Kazarma 79 km","country":"Russia","country_code":"RU","branch":"army","branch_label":"Army base","type":"Barracks","feature_code":"S.BRKS","source_id":"geonames:1540982"},"geometry":{"type":"Point","coordinates":[61.6585,55.7868]}},{"type":"Feature","properties":{"name":"Kazarma 796 km","country":"Russia","country_code":"RU","branch":"army","branch_label":"Army base","type":"Barracks","feature_code":"S.BRKS","source_id":"geonames:8142431"},"geometry":{"type":"Point","coordinates":[49.1185,55.84648]}},{"type":"Feature","properties":{"name":"Kazarma 813 km","country":"Russia","country_code":"RU","branch":"army","branch_label":"Army base","type":"Barracks","feature_code":"S.BRKS","source_id":"geonames:12788778"},"geometry":{"type":"Point","coordinates":[34.64577,64.76875]}},{"type":"Feature","properties":{"name":"Kazarma 84 km","country":"Russia","country_code":"RU","branch":"army","branch_label":"Army base","type":"Barracks","feature_code":"S.BRKS","source_id":"geonames:7552835"},"geometry":{"type":"Point","coordinates":[56.2997,54.1448]}},{"type":"Feature","properties":{"name":"Kazarma 844 km","country":"Russia","country_code":"RU","branch":"army","branch_label":"Army base","type":"Barracks","feature_code":"S.BRKS","source_id":"geonames:6314606"},"geometry":{"type":"Point","coordinates":[49.73979,56.04275]}},{"type":"Feature","properties":{"name":"Kazarma 849 km","country":"Russia","country_code":"RU","branch":"army","branch_label":"Army base","type":"Barracks","feature_code":"S.BRKS","source_id":"geonames:6311445"},"geometry":{"type":"Point","coordinates":[48.04438,58.28449]}},{"type":"Feature","properties":{"name":"Kazarma 863 km","country":"Russia","country_code":"RU","branch":"army","branch_label":"Army base","type":"Barracks","feature_code":"S.BRKS","source_id":"geonames:8048790"},"geometry":{"type":"Point","coordinates":[50.0341,56.0754]}},{"type":"Feature","properties":{"name":"Kazarma 872 km","country":"Russia","country_code":"RU","branch":"army","branch_label":"Army base","type":"Barracks","feature_code":"S.BRKS","source_id":"geonames:8048815"},"geometry":{"type":"Point","coordinates":[50.1537,56.1002]}},{"type":"Feature","properties":{"name":"Kazarma 880 km","country":"Russia","country_code":"RU","branch":"army","branch_label":"Army base","type":"Barracks","feature_code":"S.BRKS","source_id":"geonames:6641113"},"geometry":{"type":"Point","coordinates":[48.21611,54.23833]}},{"type":"Feature","properties":{"name":"Kazarma 886 km","country":"Russia","country_code":"RU","branch":"army","branch_label":"Army base","type":"Barracks","feature_code":"S.BRKS","source_id":"geonames:8048853"},"geometry":{"type":"Point","coordinates":[50.3217,56.1817]}},{"type":"Feature","properties":{"name":"Kazarma 892 km","country":"Russia","country_code":"RU","branch":"army","branch_label":"Army base","type":"Barracks","feature_code":"S.BRKS","source_id":"geonames:8048858"},"geometry":{"type":"Point","coordinates":[50.3622,56.1968]}},{"type":"Feature","properties":{"name":"Kazarma 9 km","country":"Russia","country_code":"RU","branch":"army","branch_label":"Army base","type":"Barracks","feature_code":"S.BRKS","source_id":"geonames:7613418"},"geometry":{"type":"Point","coordinates":[50.2429,54.2673]}},{"type":"Feature","properties":{"name":"Kazarma 9 km","country":"Russia","country_code":"RU","branch":"army","branch_label":"Army base","type":"Barracks","feature_code":"S.BRKS","source_id":"geonames:7751115"},"geometry":{"type":"Point","coordinates":[42.1746,55.0898]}},{"type":"Feature","properties":{"name":"Kazarma 9 km","country":"Russia","country_code":"RU","branch":"army","branch_label":"Army base","type":"Barracks","feature_code":"S.BRKS","source_id":"geonames:8061315"},"geometry":{"type":"Point","coordinates":[60.0502,54.9799]}},{"type":"Feature","properties":{"name":"Kazarma 91 km","country":"Russia","country_code":"RU","branch":"army","branch_label":"Army base","type":"Barracks","feature_code":"S.BRKS","source_id":"geonames:8055563"},"geometry":{"type":"Point","coordinates":[61.6247,55.686]}},{"type":"Feature","properties":{"name":"Kazarma 910 km","country":"Russia","country_code":"RU","branch":"army","branch_label":"Army base","type":"Barracks","feature_code":"S.BRKS","source_id":"geonames:7754915"},"geometry":{"type":"Point","coordinates":[48.2845,53.1747]}},{"type":"Feature","properties":{"name":"Kazarma 919 km","country":"Russia","country_code":"RU","branch":"army","branch_label":"Army base","type":"Barracks","feature_code":"S.BRKS","source_id":"geonames:8048927"},"geometry":{"type":"Point","coordinates":[50.7665,56.2021]}},{"type":"Feature","properties":{"name":"Kazarma 99 km","country":"Russia","country_code":"RU","branch":"army","branch_label":"Army base","type":"Barracks","feature_code":"S.BRKS","source_id":"geonames:6315860"},"geometry":{"type":"Point","coordinates":[84.0425,55.22111]}},{"type":"Feature","properties":{"name":"Kazarma Apkan","country":"Russia","country_code":"RU","branch":"army","branch_label":"Army base","type":"Barracks","feature_code":"S.BRKS","source_id":"geonames:8213710"},"geometry":{"type":"Point","coordinates":[136.21464,51.44127]}},{"type":"Feature","properties":{"name":"Kazarma Belaya","country":"Russia","country_code":"RU","branch":"army","branch_label":"Army base","type":"Barracks","feature_code":"S.BRKS","source_id":"geonames:6311360"},"geometry":{"type":"Point","coordinates":[48.39778,58.29167]}},{"type":"Feature","properties":{"name":"Kazarma Belaya","country":"Russia","country_code":"RU","branch":"army","branch_label":"Army base","type":"Barracks","feature_code":"S.BRKS","source_id":"geonames:7897213"},"geometry":{"type":"Point","coordinates":[111.86484,51.71646]}},{"type":"Feature","properties":{"name":"Kazarma Bulanovskaya","country":"Russia","country_code":"RU","branch":"army","branch_label":"Army base","type":"Barracks","feature_code":"S.BRKS","source_id":"geonames:7599688"},"geometry":{"type":"Point","coordinates":[62.5093,57.4602]}},{"type":"Feature","properties":{"name":"Kazarma Dvadtsat’ Chetvërtyy Kilometr","country":"Russia","country_code":"RU","branch":"army","branch_label":"Army base","type":"Barracks","feature_code":"S.BRKS","source_id":"geonames:6417932"},"geometry":{"type":"Point","coordinates":[134.70771,48.72758]}},{"type":"Feature","properties":{"name":"Kazarma Dvadtsat’ Tretiy Kilometr","country":"Russia","country_code":"RU","branch":"army","branch_label":"Army base","type":"Barracks","feature_code":"S.BRKS","source_id":"geonames:8234961"},"geometry":{"type":"Point","coordinates":[132.78068,48.64725]}},{"type":"Feature","properties":{"name":"Kazarma Dvadtsat’ Vtoroy Kilometr","country":"Russia","country_code":"RU","branch":"army","branch_label":"Army base","type":"Barracks","feature_code":"S.BRKS","source_id":"geonames:6779777"},"geometry":{"type":"Point","coordinates":[129.28752,49.96629]}},{"type":"Feature","properties":{"name":"Kazarma Dvesti Devyanosto Pyatyy Kilometr","country":"Russia","country_code":"RU","branch":"army","branch_label":"Army base","type":"Barracks","feature_code":"S.BRKS","source_id":"geonames:12787060"},"geometry":{"type":"Point","coordinates":[139.90528,49.95263]}},{"type":"Feature","properties":{"name":"Kazarma Dvesti Dvadtsat’ Pyatyy Kilometr","country":"Russia","country_code":"RU","branch":"army","branch_label":"Army base","type":"Barracks","feature_code":"S.BRKS","source_id":"geonames:8223450"},"geometry":{"type":"Point","coordinates":[135.96147,49.83864]}},{"type":"Feature","properties":{"name":"Kazarma Dvesti Pyat’desyat Vtoroy Kilometr","country":"Russia","country_code":"RU","branch":"army","branch_label":"Army base","type":"Barracks","feature_code":"S.BRKS","source_id":"geonames:6900987"},"geometry":{"type":"Point","coordinates":[136.26195,49.94253]}},{"type":"Feature","properties":{"name":"Kazarma Dvesti Sed’moy Kilometr","country":"Russia","country_code":"RU","branch":"army","branch_label":"Army base","type":"Barracks","feature_code":"S.BRKS","source_id":"geonames:8223423"},"geometry":{"type":"Point","coordinates":[135.81162,49.73152]}},{"type":"Feature","properties":{"name":"Kazarma Dvesti Trinadtsatyy Kilometr","country":"Russia","country_code":"RU","branch":"army","branch_label":"Army base","type":"Barracks","feature_code":"S.BRKS","source_id":"geonames:8223446"},"geometry":{"type":"Point","coordinates":[135.84445,49.78011]}},{"type":"Feature","properties":{"name":"Kazarma Galkino","country":"Russia","country_code":"RU","branch":"army","branch_label":"Army base","type":"Barracks","feature_code":"S.BRKS","source_id":"geonames:872666"},"geometry":{"type":"Point","coordinates":[59.4493,55.875]}},{"type":"Feature","properties":{"name":"Kazarma Glinka","country":"Russia","country_code":"RU","branch":"army","branch_label":"Army base","type":"Barracks","feature_code":"S.BRKS","source_id":"geonames:7897214"},"geometry":{"type":"Point","coordinates":[111.82293,51.70725]}},{"type":"Feature","properties":{"name":"Kazarma Isakova","country":"Russia","country_code":"RU","branch":"army","branch_label":"Army base","type":"Barracks","feature_code":"S.BRKS","source_id":"geonames:1541136"},"geometry":{"type":"Point","coordinates":[61.5094,54.2258]}},{"type":"Feature","properties":{"name":"Kazarma Krasnaya","country":"Russia","country_code":"RU","branch":"army","branch_label":"Army base","type":"Barracks","feature_code":"S.BRKS","source_id":"geonames:6268287"},"geometry":{"type":"Point","coordinates":[30.35583,59.38306]}},{"type":"Feature","properties":{"name":"Kazarma Magnitstroya","country":"Russia","country_code":"RU","branch":"army","branch_label":"Army base","type":"Barracks","feature_code":"S.BRKS","source_id":"geonames:8059483"},"geometry":{"type":"Point","coordinates":[58.0151,54.6075]}},{"type":"Feature","properties":{"name":"Kazarma Malaya Uda","country":"Russia","country_code":"RU","branch":"army","branch_label":"Army base","type":"Barracks","feature_code":"S.BRKS","source_id":"geonames:531285"},"geometry":{"type":"Point","coordinates":[34.61667,64.5]}},{"type":"Feature","properties":{"name":"Kazarma Nomer Tysyacha Dvesti Devyatnadtsat’","country":"Russia","country_code":"RU","branch":"army","branch_label":"Army base","type":"Barracks","feature_code":"S.BRKS","source_id":"geonames:8252531"},"geometry":{"type":"Point","coordinates":[54.8209,56.2583]}},{"type":"Feature","properties":{"name":"Kazarma Nomer Tysyacha Dvesti Vosemnadtsat’","country":"Russia","country_code":"RU","branch":"army","branch_label":"Army base","type":"Barracks","feature_code":"S.BRKS","source_id":"geonames:8252530"},"geometry":{"type":"Point","coordinates":[54.7993,56.2569]}},{"type":"Feature","properties":{"name":"Kazarma Nomer Tysyacha Sto Devyanosto Shest’","country":"Russia","country_code":"RU","branch":"army","branch_label":"Army base","type":"Barracks","feature_code":"S.BRKS","source_id":"geonames:8252529"},"geometry":{"type":"Point","coordinates":[54.4801,56.2293]}},{"type":"Feature","properties":{"name":"Kazarma Nomer Tysyacha Sto Vosem’desyat Devyat’","country":"Russia","country_code":"RU","branch":"army","branch_label":"Army base","type":"Barracks","feature_code":"S.BRKS","source_id":"geonames:8252590"},"geometry":{"type":"Point","coordinates":[54.3505,56.2611]}},{"type":"Feature","properties":{"name":"Kazarma Osinniki","country":"Russia","country_code":"RU","branch":"army","branch_label":"Army base","type":"Barracks","feature_code":"S.BRKS","source_id":"geonames:7599687"},"geometry":{"type":"Point","coordinates":[62.5216,57.4655]}},{"type":"Feature","properties":{"name":"Kazarma Peschanyy Kar’yer","country":"Russia","country_code":"RU","branch":"army","branch_label":"Army base","type":"Barracks","feature_code":"S.BRKS","source_id":"geonames:7902181"},"geometry":{"type":"Point","coordinates":[98.6892,55.5825]}},{"type":"Feature","properties":{"name":"Kazarma Pyat’ Tysyach Chetvërtyy Kilometr","country":"Russia","country_code":"RU","branch":"army","branch_label":"Army base","type":"Barracks","feature_code":"S.BRKS","source_id":"geonames:7897077"},"geometry":{"type":"Point","coordinates":[110.12532,51.44364]}},{"type":"Feature","properties":{"name":"Kazarma Pyat’ Tysyach Devyat’sot Devyanosto Chetvërtyy Kilometr","country":"Russia","country_code":"RU","branch":"army","branch_label":"Army base","type":"Barracks","feature_code":"S.BRKS","source_id":"geonames:7897316"},"geometry":{"type":"Point","coordinates":[111.19793,51.56332]}},{"type":"Feature","properties":{"name":"Kazarma Pyat’ Tysyach Devyat’sot Devyanosto Devyatyy Kilometr","country":"Russia","country_code":"RU","branch":"army","branch_label":"Army base","type":"Barracks","feature_code":"S.BRKS","source_id":"geonames:7897315"},"geometry":{"type":"Point","coordinates":[111.25115,51.59045]}},{"type":"Feature","properties":{"name":"Kazarma Pyat’ Tysyach Devyat’sot Dvadtsatyy Kilometr","country":"Russia","country_code":"RU","branch":"army","branch_label":"Army base","type":"Barracks","feature_code":"S.BRKS","source_id":"geonames:7897097"},"geometry":{"type":"Point","coordinates":[110.30163,51.41588]}},{"type":"Feature","properties":{"name":"Kazarma Pyat’ Tysyach Devyat’sot Odinnadtsatyy Kilometr","country":"Russia","country_code":"RU","branch":"army","branch_label":"Army base","type":"Barracks","feature_code":"S.BRKS","source_id":"geonames:7897092"},"geometry":{"type":"Point","coordinates":[110.21594,51.45269]}},{"type":"Feature","properties":{"name":"Kazarma Pyat’ Tysyach Devyat’sot Pyat’desyat Devyatyy Kilometr","country":"Russia","country_code":"RU","branch":"army","branch_label":"Army base","type":"Barracks","feature_code":"S.BRKS","source_id":"geonames:7897053"},"geometry":{"type":"Point","coordinates":[110.76613,51.41298]}},{"type":"Feature","properties":{"name":"Kazarma Pyat’ Tysyach Devyat’sot Sem’desyat Devyatyy Kilometr","country":"Russia","country_code":"RU","branch":"army","branch_label":"Army base","type":"Barracks","feature_code":"S.BRKS","source_id":"geonames:7897277"},"geometry":{"type":"Point","coordinates":[111.02618,51.47206]}},{"type":"Feature","properties":{"name":"Kazarma Pyat’ Tysyach Devyat’sot Shest’desyat Pyatyy Kilometr","country":"Russia","country_code":"RU","branch":"army","branch_label":"Army base","type":"Barracks","feature_code":"S.BRKS","source_id":"geonames:7897052"},"geometry":{"type":"Point","coordinates":[110.85903,51.41326]}},{"type":"Feature","properties":{"name":"Kazarma Pyat’ Tysyach Devyat’sot Vosem’desyat Sed’moy Kilometr","country":"Russia","country_code":"RU","branch":"army","branch_label":"Army base","type":"Barracks","feature_code":"S.BRKS","source_id":"geonames:7897318"},"geometry":{"type":"Point","coordinates":[111.11336,51.51776]}},{"type":"Feature","properties":{"name":"Kazarma Pyat’ Tysyach Sem’sot Pyat’desyat Tretiy Kilometr","country":"Russia","country_code":"RU","branch":"army","branch_label":"Army base","type":"Barracks","feature_code":"S.BRKS","source_id":"geonames:7896651"},"geometry":{"type":"Point","coordinates":[108.8019,51.53984]}},{"type":"Feature","properties":{"name":"Kazarma Pyat’ Tysyach Shest’sot Devyanosto Pyatyy Kilometr","country":"Russia","country_code":"RU","branch":"army","branch_label":"Army base","type":"Barracks","feature_code":"S.BRKS","source_id":"geonames:7896527"},"geometry":{"type":"Point","coordinates":[108.21931,51.90143]}},{"type":"Feature","properties":{"name":"Kazarma Pyat’ Tysyach Shest’sot Vosem’desyat Sed’moy Kilometr","country":"Russia","country_code":"RU","branch":"army","branch_label":"Army base","type":"Barracks","feature_code":"S.BRKS","source_id":"geonames:7896509"},"geometry":{"type":"Point","coordinates":[108.1826,51.91088]}},{"type":"Feature","properties":{"name":"Kazarma Sem’ Tysyach Chetyresta Sorok Shestoy Kilometr","country":"Russia","country_code":"RU","branch":"army","branch_label":"Army base","type":"Barracks","feature_code":"S.BRKS","source_id":"geonames:13095308"},"geometry":{"type":"Point","coordinates":[125.29962,53.64115]}},{"type":"Feature","properties":{"name":"Kazarma Sem’ Tysyach Dvesti Sem’desyat Vos’moy Kilometr","country":"Russia","country_code":"RU","branch":"army","branch_label":"Army base","type":"Barracks","feature_code":"S.BRKS","source_id":"geonames:13559164"},"geometry":{"type":"Point","coordinates":[123.76132,54.11586]}},{"type":"Feature","properties":{"name":"Kazarma Sem’ Tysyach Dvesti Tridtsat’ Pervyy Kilometr","country":"Russia","country_code":"RU","branch":"army","branch_label":"Army base","type":"Barracks","feature_code":"S.BRKS","source_id":"geonames:13299471"},"geometry":{"type":"Point","coordinates":[122.80606,54.07913]}},{"type":"Feature","properties":{"name":"Kazarma Sem’ Tysyach Pervyy Kilometr","country":"Russia","country_code":"RU","branch":"army","branch_label":"Army base","type":"Barracks","feature_code":"S.BRKS","source_id":"geonames:7841857"},"geometry":{"type":"Point","coordinates":[120.81827,53.85294]}},{"type":"Feature","properties":{"name":"Kazarma Sem’ Tysyach Pyat’desyat Devyatyy Kilometr","country":"Russia","country_code":"RU","branch":"army","branch_label":"Army base","type":"Barracks","feature_code":"S.BRKS","source_id":"geonames:7840229"},"geometry":{"type":"Point","coordinates":[121.49332,54.06256]}},{"type":"Feature","properties":{"name":"Kazarma Sem’ Tysyach Sem’desyat Vos’moy Kilometr","country":"Russia","country_code":"RU","branch":"army","branch_label":"Army base","type":"Barracks","feature_code":"S.BRKS","source_id":"geonames:7897376"},"geometry":{"type":"Point","coordinates":[112.28962,51.7845]}},{"type":"Feature","properties":{"name":"Kazarma Sem’ Tysyach Shestoy Kilometr","country":"Russia","country_code":"RU","branch":"army","branch_label":"Army base","type":"Barracks","feature_code":"S.BRKS","source_id":"geonames:7841858"},"geometry":{"type":"Point","coordinates":[120.89517,53.88031]}},{"type":"Feature","properties":{"name":"Kazarma Sem’ Tysyach Sto Chetyrnadtsatyy Kilometr","country":"Russia","country_code":"RU","branch":"army","branch_label":"Army base","type":"Barracks","feature_code":"S.BRKS","source_id":"geonames:13095473"},"geometry":{"type":"Point","coordinates":[121.97513,53.95917]}},{"type":"Feature","properties":{"name":"Kazarma Sem’ Tysyach Tridtsat’ Pervyy Kilometr","country":"Russia","country_code":"RU","branch":"army","branch_label":"Army base","type":"Barracks","feature_code":"S.BRKS","source_id":"geonames:13095545"},"geometry":{"type":"Point","coordinates":[121.22118,53.95817]}},{"type":"Feature","properties":{"name":"Kazarma Sem’ Tysyach Trista Dvadtsat’ Tretiy Kilometr","country":"Russia","country_code":"RU","branch":"army","branch_label":"Army base","type":"Barracks","feature_code":"S.BRKS","source_id":"geonames:13095253"},"geometry":{"type":"Point","coordinates":[124.1962,53.97456]}},{"type":"Feature","properties":{"name":"Kazarma Sem’ Tysyach Vosem’desyat Sed’moy Kilometr","country":"Russia","country_code":"RU","branch":"army","branch_label":"Army base","type":"Barracks","feature_code":"S.BRKS","source_id":"geonames:7565316"},"geometry":{"type":"Point","coordinates":[121.6913,54.07426]}},{"type":"Feature","properties":{"name":"Kazarma Sem’ Tysyach Vos’moy Kilometr","country":"Russia","country_code":"RU","branch":"army","branch_label":"Army base","type":"Barracks","feature_code":"S.BRKS","source_id":"geonames:7841859"},"geometry":{"type":"Point","coordinates":[120.91905,53.88045]}},{"type":"Feature","properties":{"name":"Kazarma Sharasun","country":"Russia","country_code":"RU","branch":"army","branch_label":"Army base","type":"Barracks","feature_code":"S.BRKS","source_id":"geonames:13044562"},"geometry":{"type":"Point","coordinates":[116.98767,49.86265]}},{"type":"Feature","properties":{"name":"Kazarma Shest’ Tysyach Devyat’sot Devyanosto Vtoroy Kilometr","country":"Russia","country_code":"RU","branch":"army","branch_label":"Army base","type":"Barracks","feature_code":"S.BRKS","source_id":"geonames:7841874"},"geometry":{"type":"Point","coordinates":[120.75158,53.82905]}},{"type":"Feature","properties":{"name":"Kazarma Shest’ Tysyach Devyat’sot Devyanostyy Kilometr","country":"Russia","country_code":"RU","branch":"army","branch_label":"Army base","type":"Barracks","feature_code":"S.BRKS","source_id":"geonames:7841873"},"geometry":{"type":"Point","coordinates":[120.75131,53.81587]}},{"type":"Feature","properties":{"name":"Kazarma Shest’ Tysyach Devyat’sot Shest’desyat Devyatyy Kilometr","country":"Russia","country_code":"RU","branch":"army","branch_label":"Army base","type":"Barracks","feature_code":"S.BRKS","source_id":"geonames:7841892"},"geometry":{"type":"Point","coordinates":[120.55819,53.72146]}},{"type":"Feature","properties":{"name":"Kazarma Shest’ Tysyach Devyat’sot Sorok Devyatyy Kilometr","country":"Russia","country_code":"RU","branch":"army","branch_label":"Army base","type":"Barracks","feature_code":"S.BRKS","source_id":"geonames:7841890"},"geometry":{"type":"Point","coordinates":[120.29547,53.7118]}},{"type":"Feature","properties":{"name":"Kazarma Shest’ Tysyach Dvadtsat’ Sed’moy Kilometr","country":"Russia","country_code":"RU","branch":"army","branch_label":"Army base","type":"Barracks","feature_code":"S.BRKS","source_id":"geonames:7897246"},"geometry":{"type":"Point","coordinates":[111.62244,51.66418]}},{"type":"Feature","properties":{"name":"Kazarma Shest’ Tysyach Shestoy Kilometr","country":"Russia","country_code":"RU","branch":"army","branch_label":"Army base","type":"Barracks","feature_code":"S.BRKS","source_id":"geonames:7897303"},"geometry":{"type":"Point","coordinates":[111.33492,51.62182]}},{"type":"Feature","properties":{"name":"Kazarma Shest’ Tysyach Shest’desyat Pervyy Kilometr","country":"Russia","country_code":"RU","branch":"army","branch_label":"Army base","type":"Barracks","feature_code":"S.BRKS","source_id":"geonames:7897360"},"geometry":{"type":"Point","coordinates":[112.0624,51.7482]}},{"type":"Feature","properties":{"name":"Kazarma Shest’ Tysyach Shest’desyat Pyatyy Kilometr","country":"Russia","country_code":"RU","branch":"army","branch_label":"Army base","type":"Barracks","feature_code":"S.BRKS","source_id":"geonames:7897361"},"geometry":{"type":"Point","coordinates":[112.11528,51.754]}},{"type":"Feature","properties":{"name":"Kazarma Shest’ Tysyach Sorok Devyatyy Kilometr","country":"Russia","country_code":"RU","branch":"army","branch_label":"Army base","type":"Barracks","feature_code":"S.BRKS","source_id":"geonames:7897212"},"geometry":{"type":"Point","coordinates":[111.88835,51.72154]}},{"type":"Feature","properties":{"name":"Kazarma Shest’ Tysyach Sorok Pervyy Kilometr","country":"Russia","country_code":"RU","branch":"army","branch_label":"Army base","type":"Barracks","feature_code":"S.BRKS","source_id":"geonames:7897217"},"geometry":{"type":"Point","coordinates":[111.78793,51.68614]}},{"type":"Feature","properties":{"name":"Kazarma Shest’ Tysyach Sorok Tretiy Kilometr","country":"Russia","country_code":"RU","branch":"army","branch_label":"Army base","type":"Barracks","feature_code":"S.BRKS","source_id":"geonames:7897215"},"geometry":{"type":"Point","coordinates":[111.8065,51.70484]}},{"type":"Feature","properties":{"name":"Kazarma Shest’ Tysyach Vosem’desyat Devyatyy Kilometr","country":"Russia","country_code":"RU","branch":"army","branch_label":"Army base","type":"Barracks","feature_code":"S.BRKS","source_id":"geonames:7897374"},"geometry":{"type":"Point","coordinates":[112.43785,51.8206]}},{"type":"Feature","properties":{"name":"Kazarma Shest’ Tysyach Vosem’desyat Vtoroy Kilometr","country":"Russia","country_code":"RU","branch":"army","branch_label":"Army base","type":"Barracks","feature_code":"S.BRKS","source_id":"geonames:7897375"},"geometry":{"type":"Point","coordinates":[112.34632,51.7982]}},{"type":"Feature","properties":{"name":"Kazarma Shest’ Tysyach Vosem’sot Sem’desyat Dva Kilometra","country":"Russia","country_code":"RU","branch":"army","branch_label":"Army base","type":"Barracks","feature_code":"S.BRKS","source_id":"geonames:7840450"},"geometry":{"type":"Point","coordinates":[119.40908,53.81528]}},{"type":"Feature","properties":{"name":"Kazarma Sorok Pervyy Kilometr","country":"Russia","country_code":"RU","branch":"army","branch_label":"Army base","type":"Barracks","feature_code":"S.BRKS","source_id":"geonames:13097886"},"geometry":{"type":"Point","coordinates":[115.99541,51.84473]}},{"type":"Feature","properties":{"name":"Kazarma Sto Devyanosto Shestoy Kilometr","country":"Russia","country_code":"RU","branch":"army","branch_label":"Army base","type":"Barracks","feature_code":"S.BRKS","source_id":"geonames:7842445"},"geometry":{"type":"Point","coordinates":[118.89803,50.35076]}},{"type":"Feature","properties":{"name":"Kazarma Sto Devyanosto Tretiy Kilometr","country":"Russia","country_code":"RU","branch":"army","branch_label":"Army base","type":"Barracks","feature_code":"S.BRKS","source_id":"geonames:13233685"},"geometry":{"type":"Point","coordinates":[132.26063,50.21282]}},{"type":"Feature","properties":{"name":"Kazarma Sto Dvadtsat’ Devyatyy Km","country":"Russia","country_code":"RU","branch":"army","branch_label":"Army base","type":"Barracks","feature_code":"S.BRKS","source_id":"geonames:8222788"},"geometry":{"type":"Point","coordinates":[131.86976,49.75794]}},{"type":"Feature","properties":{"name":"Kazarma Sto Vos’midesyatyy Kilometr","country":"Russia","country_code":"RU","branch":"army","branch_label":"Army base","type":"Barracks","feature_code":"S.BRKS","source_id":"geonames:13233744"},"geometry":{"type":"Point","coordinates":[132.23326,50.10819]}},{"type":"Feature","properties":{"name":"Kazarma Sukharka","country":"Russia","country_code":"RU","branch":"army","branch_label":"Army base","type":"Barracks","feature_code":"S.BRKS","source_id":"geonames:7512707"},"geometry":{"type":"Point","coordinates":[47.168,60.7625]}},{"type":"Feature","properties":{"name":"Kazarma Trinadtsatyy Kilometr","country":"Russia","country_code":"RU","branch":"army","branch_label":"Army base","type":"Barracks","feature_code":"S.BRKS","source_id":"geonames:6417938"},"geometry":{"type":"Point","coordinates":[134.60318,48.67123]}},{"type":"Feature","properties":{"name":"Kazarma Trista Desyatyy Kilometr","country":"Russia","country_code":"RU","branch":"army","branch_label":"Army base","type":"Barracks","feature_code":"S.BRKS","source_id":"geonames:13108872"},"geometry":{"type":"Point","coordinates":[140.00484,49.83861]}},{"type":"Feature","properties":{"name":"Kazarma Trista Pervyy Kilometr","country":"Russia","country_code":"RU","branch":"army","branch_label":"Army base","type":"Barracks","feature_code":"S.BRKS","source_id":"geonames:8209924"},"geometry":{"type":"Point","coordinates":[132.38213,50.91995]}},{"type":"Feature","properties":{"name":"Kazarma Trista Vos’moy Kilometr","country":"Russia","country_code":"RU","branch":"army","branch_label":"Army base","type":"Barracks","feature_code":"S.BRKS","source_id":"geonames:8209923"},"geometry":{"type":"Point","coordinates":[132.43785,50.95796]}},{"type":"Feature","properties":{"name":"Kazarma Tysyacha Dvesti Devyanosto Devyatyy Kilometr","country":"Russia","country_code":"RU","branch":"army","branch_label":"Army base","type":"Barracks","feature_code":"S.BRKS","source_id":"geonames:8253507"},"geometry":{"type":"Point","coordinates":[55.9813,56.4961]}},{"type":"Feature","properties":{"name":"Kazarma Tysyacha Dvesti Pyatdesyat’ Sed’moy Kilometr","country":"Russia","country_code":"RU","branch":"army","branch_label":"Army base","type":"Barracks","feature_code":"S.BRKS","source_id":"geonames:8253519"},"geometry":{"type":"Point","coordinates":[55.384,56.3717]}},{"type":"Feature","properties":{"name":"Kazarma Vasëvka","country":"Russia","country_code":"RU","branch":"army","branch_label":"Army base","type":"Barracks","feature_code":"S.BRKS","source_id":"geonames:6311472"},"geometry":{"type":"Point","coordinates":[48.47336,58.30116]}},{"type":"Feature","properties":{"name":"Kazarma Vorob’yëva","country":"Russia","country_code":"RU","branch":"army","branch_label":"Army base","type":"Barracks","feature_code":"S.BRKS","source_id":"geonames:872669"},"geometry":{"type":"Point","coordinates":[59.4555,55.7433]}},{"type":"Feature","properties":{"name":"Kazarma Vosem’desyat Shestoy Kilometr","country":"Russia","country_code":"RU","branch":"army","branch_label":"Army base","type":"Barracks","feature_code":"S.BRKS","source_id":"geonames:13264025"},"geometry":{"type":"Point","coordinates":[135.1296,49.02837]}},{"type":"Feature","properties":{"name":"Kazarmy 1314 km","country":"Russia","country_code":"RU","branch":"army","branch_label":"Army base","type":"Barracks","feature_code":"S.BRKS","source_id":"geonames:6820035"},"geometry":{"type":"Point","coordinates":[56.17986,56.51133]}},{"type":"Feature","properties":{"name":"Kazarmy Sem’ Tysyach Chetyresta Devyanosto Shestoy Kilometr","country":"Russia","country_code":"RU","branch":"army","branch_label":"Army base","type":"Barracks","feature_code":"S.BRKS","source_id":"geonames:13095283"},"geometry":{"type":"Point","coordinates":[125.83328,53.46978]}},{"type":"Feature","properties":{"name":"Kazarmy Sem’ Tysyach Chetyresta Devyanostyy Kilometr","country":"Russia","country_code":"RU","branch":"army","branch_label":"Army base","type":"Barracks","feature_code":"S.BRKS","source_id":"geonames:13095342"},"geometry":{"type":"Point","coordinates":[125.78452,53.46457]}},{"type":"Feature","properties":{"name":"Kazarmy Sem’ Tysyach Dvesti Sorok Pyatyy Kilometr","country":"Russia","country_code":"RU","branch":"army","branch_label":"Army base","type":"Barracks","feature_code":"S.BRKS","source_id":"geonames:13559153"},"geometry":{"type":"Point","coordinates":[123.33694,54.06249]}},{"type":"Feature","properties":{"name":"Kazarmy Sem’ Tysyach Dvesti Tridtsat’ Devyatyy Kilometr","country":"Russia","country_code":"RU","branch":"army","branch_label":"Army base","type":"Barracks","feature_code":"S.BRKS","source_id":"geonames:13559159"},"geometry":{"type":"Point","coordinates":[123.26298,54.03731]}},{"type":"Feature","properties":{"name":"Kazarmy Zalivy","country":"Russia","country_code":"RU","branch":"army","branch_label":"Army base","type":"Barracks","feature_code":"S.BRKS","source_id":"geonames:465203"},"geometry":{"type":"Point","coordinates":[34.81667,64.65]}},{"type":"Feature","properties":{"name":"Khabarovsk","country":"Russia","country_code":"RU","branch":"air","branch_label":"Air base","type":"Air base","feature_code":"S.AIRB","source_id":"geonames:11459275"},"geometry":{"type":"Point","coordinates":[135.15086,48.46251]}},{"type":"Feature","properties":{"name":"Khabarovsk Nekrasovka","country":"Russia","country_code":"RU","branch":"air","branch_label":"Air base","type":"Air base","feature_code":"S.AIRB","source_id":"geonames:11459277"},"geometry":{"type":"Point","coordinates":[135.22384,48.39627]}},{"type":"Feature","properties":{"name":"Khankala Air Base","country":"Russia","country_code":"RU","branch":"air","branch_label":"Air base","type":"Air base","feature_code":"S.AIRB","source_id":"geonames:7729990"},"geometry":{"type":"Point","coordinates":[45.77711,43.29595]}},{"type":"Feature","properties":{"name":"Khotilovo","country":"Russia","country_code":"RU","branch":"air","branch_label":"Air base","type":"Air base","feature_code":"S.AIRB","source_id":"geonames:11458725"},"geometry":{"type":"Point","coordinates":[34.09904,57.65557]}},{"type":"Feature","properties":{"name":"Kinel Cherkassy","country":"Russia","country_code":"RU","branch":"air","branch_label":"Air base","type":"Air base","feature_code":"S.AIRB","source_id":"geonames:11458773"},"geometry":{"type":"Point","coordinates":[51.56498,53.46661]}},{"type":"Feature","properties":{"name":"Kipelovo Airbase","country":"Russia","country_code":"RU","branch":"air","branch_label":"Air base","type":"Air base","feature_code":"S.AIRB","source_id":"geonames:11458724"},"geometry":{"type":"Point","coordinates":[39.1235,59.19034]}},{"type":"Feature","properties":{"name":"Kisinskiy Barak","country":"Russia","country_code":"RU","branch":"army","branch_label":"Army base","type":"Barracks","feature_code":"S.BRKS","source_id":"geonames:6607988"},"geometry":{"type":"Point","coordinates":[133.88806,45.42976]}},{"type":"Feature","properties":{"name":"Klyuchevoye","country":"Russia","country_code":"RU","branch":"air","branch_label":"Air base","type":"Air base","feature_code":"S.AIRB","source_id":"geonames:11458919"},"geometry":{"type":"Point","coordinates":[28.74599,60.45897]}},{"type":"Feature","properties":{"name":"Kotlas South","country":"Russia","country_code":"RU","branch":"air","branch_label":"Air base","type":"Air base","feature_code":"S.AIRB","source_id":"geonames:11458886"},"geometry":{"type":"Point","coordinates":[46.86744,60.99516]}},{"type":"Feature","properties":{"name":"Krasnodar","country":"Russia","country_code":"RU","branch":"air","branch_label":"Air base","type":"Air base","feature_code":"S.AIRB","source_id":"geonames:11459390"},"geometry":{"type":"Point","coordinates":[38.94463,45.08413]}},{"type":"Feature","properties":{"name":"Kubinka","country":"Russia","country_code":"RU","branch":"air","branch_label":"Air base","type":"Air base","feature_code":"S.AIRB","source_id":"geonames:11459162"},"geometry":{"type":"Point","coordinates":[36.64838,55.61176]}},{"type":"Feature","properties":{"name":"Kushchevskaya West","country":"Russia","country_code":"RU","branch":"air","branch_label":"Air base","type":"Air base","feature_code":"S.AIRB","source_id":"geonames:11459399"},"geometry":{"type":"Point","coordinates":[39.54772,46.53914]}},{"type":"Feature","properties":{"name":"Levashovo","country":"Russia","country_code":"RU","branch":"air","branch_label":"Air base","type":"Air base","feature_code":"S.AIRB","source_id":"geonames:11458918"},"geometry":{"type":"Point","coordinates":[30.18376,60.08736]}},{"type":"Feature","properties":{"name":"Lipetsk West","country":"Russia","country_code":"RU","branch":"air","branch_label":"Air base","type":"Air base","feature_code":"S.AIRB","source_id":"geonames:11459113"},"geometry":{"type":"Point","coordinates":[39.43369,52.64934]}},{"type":"Feature","properties":{"name":"Lodeynoye Pole","country":"Russia","country_code":"RU","branch":"air","branch_label":"Air base","type":"Air base","feature_code":"S.AIRB","source_id":"geonames:11458897"},"geometry":{"type":"Point","coordinates":[33.57008,60.71029]}},{"type":"Feature","properties":{"name":"Marinovka","country":"Russia","country_code":"RU","branch":"air","branch_label":"Air base","type":"Air base","feature_code":"S.AIRB","source_id":"geonames:11459332"},"geometry":{"type":"Point","coordinates":[43.78979,48.63618]}},{"type":"Feature","properties":{"name":"Michurinsk Northwest","country":"Russia","country_code":"RU","branch":"air","branch_label":"Air base","type":"Air base","feature_code":"S.AIRB","source_id":"geonames:11459138"},"geometry":{"type":"Point","coordinates":[40.36584,52.91747]}},{"type":"Feature","properties":{"name":"Millerovo Northwest","country":"Russia","country_code":"RU","branch":"air","branch_label":"Air base","type":"Air base","feature_code":"S.AIRB","source_id":"geonames:11459309"},"geometry":{"type":"Point","coordinates":[40.2967,48.95531]}},{"type":"Feature","properties":{"name":"Monchegorsk aerodrom","country":"Russia","country_code":"RU","branch":"air","branch_label":"Air base","type":"Air base","feature_code":"S.AIRB","source_id":"geonames:11458822"},"geometry":{"type":"Point","coordinates":[33.01853,67.98895]}},{"type":"Feature","properties":{"name":"Morozovsk Southwest","country":"Russia","country_code":"RU","branch":"air","branch_label":"Air base","type":"Air base","feature_code":"S.AIRB","source_id":"geonames:11459308"},"geometry":{"type":"Point","coordinates":[41.79014,48.31205]}},{"type":"Feature","properties":{"name":"Moscow Chkalovskiy Airport","country":"Russia","country_code":"RU","branch":"air","branch_label":"Air base","type":"Air base","feature_code":"S.AIRB","source_id":"geonames:11459166"},"geometry":{"type":"Point","coordinates":[38.06143,55.87926]}},{"type":"Feature","properties":{"name":"Mozdok","country":"Russia","country_code":"RU","branch":"air","branch_label":"Air base","type":"Air base","feature_code":"S.AIRB","source_id":"geonames:11459101"},"geometry":{"type":"Point","coordinates":[44.60254,43.78761]}},{"type":"Feature","properties":{"name":"Murom","country":"Russia","country_code":"RU","branch":"air","branch_label":"Air base","type":"Air base","feature_code":"S.AIRB","source_id":"geonames:11459116"},"geometry":{"type":"Point","coordinates":[42.31082,55.44149]}},{"type":"Feature","properties":{"name":"Nikolayevka","country":"Russia","country_code":"RU","branch":"air","branch_label":"Air base","type":"Air base","feature_code":"S.AIRB","source_id":"geonames:11459560"},"geometry":{"type":"Point","coordinates":[133.19111,43.08644]}},{"type":"Feature","properties":{"name":"Nizhniy Novgorod","country":"Russia","country_code":"RU","branch":"air","branch_label":"Air base","type":"Air base","feature_code":"S.AIRB","source_id":"geonames:11458710"},"geometry":{"type":"Point","coordinates":[43.79517,56.31874]}},{"type":"Feature","properties":{"name":"Nizhniy Tagil Northeast","country":"Russia","country_code":"RU","branch":"air","branch_label":"Air base","type":"Air base","feature_code":"S.AIRB","source_id":"geonames:11458980"},"geometry":{"type":"Point","coordinates":[60.23451,57.98826]}},{"type":"Feature","properties":{"name":"Nyangi","country":"Russia","country_code":"RU","branch":"air","branch_label":"Air base","type":"Air base","feature_code":"S.AIRB","source_id":"geonames:11459245"},"geometry":{"type":"Point","coordinates":[106.13828,50.67748]}},{"type":"Feature","properties":{"name":"Olenegorsk","country":"Russia","country_code":"RU","branch":"air","branch_label":"Air base","type":"Air base","feature_code":"S.AIRB","source_id":"geonames:11458786"},"geometry":{"type":"Point","coordinates":[33.46431,68.15172]}},{"type":"Feature","properties":{"name":"Orenburg Southwest","country":"Russia","country_code":"RU","branch":"air","branch_label":"Air base","type":"Air base","feature_code":"S.AIRB","source_id":"geonames:11459351"},"geometry":{"type":"Point","coordinates":[55.01747,51.70869]}},{"type":"Feature","properties":{"name":"Ostrov Gorokhovka","country":"Russia","country_code":"RU","branch":"air","branch_label":"Air base","type":"Air base","feature_code":"S.AIRB","source_id":"geonames:11458674"},"geometry":{"type":"Point","coordinates":[28.43381,57.29963]}},{"type":"Feature","properties":{"name":"Plesetsk Plestsy","country":"Russia","country_code":"RU","branch":"air","branch_label":"Air base","type":"Air base","feature_code":"S.AIRB","source_id":"geonames:11458907"},"geometry":{"type":"Point","coordinates":[40.49093,62.71724]}},{"type":"Feature","properties":{"name":"Primorsko Akhtarsk","country":"Russia","country_code":"RU","branch":"air","branch_label":"Air base","type":"Air base","feature_code":"S.AIRB","source_id":"geonames:11459401"},"geometry":{"type":"Point","coordinates":[38.2395,46.05975]}},{"type":"Feature","properties":{"name":"Rogachevo Airport","country":"Russia","country_code":"RU","branch":"air","branch_label":"Air base","type":"Air base","feature_code":"S.AIRB","source_id":"geonames:8531933"},"geometry":{"type":"Point","coordinates":[52.47826,71.61237]}},{"type":"Feature","properties":{"name":"Rostov Northwest","country":"Russia","country_code":"RU","branch":"air","branch_label":"Air base","type":"Air base","feature_code":"S.AIRB","source_id":"geonames:11459395"},"geometry":{"type":"Point","coordinates":[39.63603,47.27763]}},{"type":"Feature","properties":{"name":"Rtishchevo","country":"Russia","country_code":"RU","branch":"air","branch_label":"Air base","type":"Air base","feature_code":"S.AIRB","source_id":"geonames:11459118"},"geometry":{"type":"Point","coordinates":[43.72409,52.2973]}},{"type":"Feature","properties":{"name":"Ryazan Aleksandrovo","country":"Russia","country_code":"RU","branch":"air","branch_label":"Air base","type":"Air base","feature_code":"S.AIRB","source_id":"geonames:11459129"},"geometry":{"type":"Point","coordinates":[39.93104,54.49351]}},{"type":"Feature","properties":{"name":"Ryazan Dyagilevo","country":"Russia","country_code":"RU","branch":"air","branch_label":"Air base","type":"Air base","feature_code":"S.AIRB","source_id":"geonames:11459119"},"geometry":{"type":"Point","coordinates":[39.56949,54.64246]}},{"type":"Feature","properties":{"name":"Rzhev","country":"Russia","country_code":"RU","branch":"air","branch_label":"Air base","type":"Air base","feature_code":"S.AIRB","source_id":"geonames:11458715"},"geometry":{"type":"Point","coordinates":[34.40857,56.26001]}},{"type":"Feature","properties":{"name":"Sandagou","country":"Russia","country_code":"RU","branch":"air","branch_label":"Air base","type":"Air base","feature_code":"S.AIRB","source_id":"geonames:11459541"},"geometry":{"type":"Point","coordinates":[133.86882,44.08311]}},{"type":"Feature","properties":{"name":"Saratov West","country":"Russia","country_code":"RU","branch":"air","branch_label":"Air base","type":"Air base","feature_code":"S.AIRB","source_id":"geonames:11459328"},"geometry":{"type":"Point","coordinates":[45.84867,51.54083]}},{"type":"Feature","properties":{"name":"Sennoy","country":"Russia","country_code":"RU","branch":"air","branch_label":"Air base","type":"Air base","feature_code":"S.AIRB","source_id":"geonames:11459125"},"geometry":{"type":"Point","coordinates":[46.96693,52.1389]}},{"type":"Feature","properties":{"name":"Seshcha","country":"Russia","country_code":"RU","branch":"air","branch_label":"Air base","type":"Air base","feature_code":"S.AIRB","source_id":"geonames:11459168"},"geometry":{"type":"Point","coordinates":[33.33911,53.71527]}},{"type":"Feature","properties":{"name":"Severomorsk Airbase","country":"Russia","country_code":"RU","branch":"air","branch_label":"Air base","type":"Air base","feature_code":"S.AIRB","source_id":"geonames:11458783"},"geometry":{"type":"Point","coordinates":[33.41932,69.03256]}},{"type":"Feature","properties":{"name":"Shatalovo","country":"Russia","country_code":"RU","branch":"air","branch_label":"Air base","type":"Air base","feature_code":"S.AIRB","source_id":"geonames:11459156"},"geometry":{"type":"Point","coordinates":[32.47254,54.34089]}},{"type":"Feature","properties":{"name":"Shaykovka","country":"Russia","country_code":"RU","branch":"air","branch_label":"Air base","type":"Air base","feature_code":"S.AIRB","source_id":"geonames:11459160"},"geometry":{"type":"Point","coordinates":[34.369,54.22669]}},{"type":"Feature","properties":{"name":"Siverskiy","country":"Russia","country_code":"RU","branch":"air","branch_label":"Air base","type":"Air base","feature_code":"S.AIRB","source_id":"geonames:11458676"},"geometry":{"type":"Point","coordinates":[30.03501,59.35615]}},{"type":"Feature","properties":{"name":"Slavgorod North","country":"Russia","country_code":"RU","branch":"air","branch_label":"Air base","type":"Air base","feature_code":"S.AIRB","source_id":"geonames:11459072"},"geometry":{"type":"Point","coordinates":[78.63835,53.05309]}},{"type":"Feature","properties":{"name":"Smolny Barracks (historical)","country":"Russia","country_code":"RU","branch":"army","branch_label":"Army base","type":"Barracks","feature_code":"S.BRKS","source_id":"geonames:12148935"},"geometry":{"type":"Point","coordinates":[40.56686,64.52649]}},{"type":"Feature","properties":{"name":"Smuravyevo","country":"Russia","country_code":"RU","branch":"air","branch_label":"Air base","type":"Air base","feature_code":"S.AIRB","source_id":"geonames:11458680"},"geometry":{"type":"Point","coordinates":[28.01453,58.81297]}},{"type":"Feature","properties":{"name":"Sokol’i Baraki","country":"Russia","country_code":"RU","branch":"army","branch_label":"Army base","type":"Barracks","feature_code":"S.BRKS","source_id":"geonames:491272"},"geometry":{"type":"Point","coordinates":[41.5,55.28333]}},{"type":"Feature","properties":{"name":"Soltsy","country":"Russia","country_code":"RU","branch":"air","branch_label":"Air base","type":"Air base","feature_code":"S.AIRB","source_id":"geonames:11458677"},"geometry":{"type":"Point","coordinates":[30.3289,58.13919]}},{"type":"Feature","properties":{"name":"Step","country":"Russia","country_code":"RU","branch":"air","branch_label":"Air base","type":"Air base","feature_code":"S.AIRB","source_id":"geonames:11459249"},"geometry":{"type":"Point","coordinates":[115.42784,51.01959]}},{"type":"Feature","properties":{"name":"Taganrog Air Base","country":"Russia","country_code":"RU","branch":"air","branch_label":"Air base","type":"Air base","feature_code":"S.AIRB","source_id":"geonames:8693090"},"geometry":{"type":"Point","coordinates":[38.8492,47.24475]}},{"type":"Feature","properties":{"name":"Tambov","country":"Russia","country_code":"RU","branch":"air","branch_label":"Air base","type":"Air base","feature_code":"S.AIRB","source_id":"geonames:11459123"},"geometry":{"type":"Point","coordinates":[41.37329,52.70185]}},{"type":"Feature","properties":{"name":"Tikhoretsk","country":"Russia","country_code":"RU","branch":"air","branch_label":"Air base","type":"Air base","feature_code":"S.AIRB","source_id":"geonames:11459386"},"geometry":{"type":"Point","coordinates":[40.10495,45.88023]}},{"type":"Feature","properties":{"name":"Tridtsatyy Barak","country":"Russia","country_code":"RU","branch":"army","branch_label":"Army base","type":"Barracks","feature_code":"S.BRKS","source_id":"geonames:7451355"},"geometry":{"type":"Point","coordinates":[33.63132,52.43694]}},{"type":"Feature","properties":{"name":"Uglovoye Northwest","country":"Russia","country_code":"RU","branch":"air","branch_label":"Air base","type":"Air base","feature_code":"S.AIRB","source_id":"geonames:11459556"},"geometry":{"type":"Point","coordinates":[132.05903,43.34844]}},{"type":"Feature","properties":{"name":"Uka","country":"Russia","country_code":"RU","branch":"army","branch_label":"Army base","type":"Barracks","feature_code":"S.BRKS","source_id":"geonames:2120228"},"geometry":{"type":"Point","coordinates":[162.12848,57.84456]}},{"type":"Feature","properties":{"name":"Ukrainka","country":"Russia","country_code":"RU","branch":"air","branch_label":"Air base","type":"Air base","feature_code":"S.AIRB","source_id":"geonames:11459266"},"geometry":{"type":"Point","coordinates":[128.444,51.17004]}},{"type":"Feature","properties":{"name":"Ulan Ude East","country":"Russia","country_code":"RU","branch":"air","branch_label":"Air base","type":"Air base","feature_code":"S.AIRB","source_id":"geonames:11459241"},"geometry":{"type":"Point","coordinates":[107.73698,51.8504]}},{"type":"Feature","properties":{"name":"Ussuriysk Vozdvizhenka","country":"Russia","country_code":"RU","branch":"air","branch_label":"Air base","type":"Air base","feature_code":"S.AIRB","source_id":"geonames:11459562"},"geometry":{"type":"Point","coordinates":[131.92491,43.9072]}},{"type":"Feature","properties":{"name":"Ust’yevyye Baraki","country":"Russia","country_code":"RU","branch":"army","branch_label":"Army base","type":"Barracks","feature_code":"S.BRKS","source_id":"geonames:477809"},"geometry":{"type":"Point","coordinates":[32.6,61.05]}},{"type":"Feature","properties":{"name":"Varfolomeyevka South","country":"Russia","country_code":"RU","branch":"air","branch_label":"Air base","type":"Air base","feature_code":"S.AIRB","source_id":"geonames:11459543"},"geometry":{"type":"Point","coordinates":[133.4117,44.26179]}},{"type":"Feature","properties":{"name":"Verino","country":"Russia","country_code":"RU","branch":"air","branch_label":"Air base","type":"Air base","feature_code":"S.AIRB","source_id":"geonames:11459544"},"geometry":{"type":"Point","coordinates":[135.0887,47.99756]}},{"type":"Feature","properties":{"name":"Voronezh Southwest","country":"Russia","country_code":"RU","branch":"air","branch_label":"Air base","type":"Air base","feature_code":"S.AIRB","source_id":"geonames:11459297"},"geometry":{"type":"Point","coordinates":[39.14119,51.61867]}},{"type":"Feature","properties":{"name":"Vozzhayevka Northeast","country":"Russia","country_code":"RU","branch":"air","branch_label":"Air base","type":"Air base","feature_code":"S.AIRB","source_id":"geonames:11459267"},"geometry":{"type":"Point","coordinates":[128.7765,50.76918]}},{"type":"Feature","properties":{"name":"Vyazma","country":"Russia","country_code":"RU","branch":"air","branch_label":"Air base","type":"Air base","feature_code":"S.AIRB","source_id":"geonames:11459171"},"geometry":{"type":"Point","coordinates":[34.38308,55.14909]}},{"type":"Feature","properties":{"name":"aeroport Klyuchi","country":"Russia","country_code":"RU","branch":"air","branch_label":"Air base","type":"Air base","feature_code":"S.AIRB","source_id":"geonames:11458669"},"geometry":{"type":"Point","coordinates":[160.80456,56.30978]}},{"type":"Feature","properties":{"name":"aeroport Pionernyj Katylga","country":"Russia","country_code":"RU","branch":"air","branch_label":"Air base","type":"Air base","feature_code":"S.AIRB","source_id":"geonames:11459002"},"geometry":{"type":"Point","coordinates":[76.27971,59.1494]}},{"type":"Feature","properties":{"name":"Al Jadīdah","country":"Saudi Arabia","country_code":"SA","branch":"naval","branch_label":"Naval base","type":"Coast guard station","feature_code":"S.STNC","source_id":"geonames:109509"},"geometry":{"type":"Point","coordinates":[49.53333,25.65]}},{"type":"Feature","properties":{"name":"Al Kharj","country":"Saudi Arabia","country_code":"SA","branch":"air","branch_label":"Air base","type":"Air base","feature_code":"S.AIRB","source_id":"geonames:11843670"},"geometry":{"type":"Point","coordinates":[47.4108,24.06071]}},{"type":"Feature","properties":{"name":"King Abdul Aziz Military Academy","country":"Saudi Arabia","country_code":"SA","branch":"air","branch_label":"Air base","type":"Air base","feature_code":"S.AIRB","source_id":"geonames:11843738"},"geometry":{"type":"Point","coordinates":[46.39101,24.9421]}},{"type":"Feature","properties":{"name":"King Abdulaziz Air Base","country":"Saudi Arabia","country_code":"SA","branch":"air","branch_label":"Air base","type":"Air base","feature_code":"S.AIRB","source_id":"geonames:392652"},"geometry":{"type":"Point","coordinates":[50.16452,26.27675]}},{"type":"Feature","properties":{"name":"King Faisal Naval Base","country":"Saudi Arabia","country_code":"SA","branch":"air","branch_label":"Air base","type":"Air base","feature_code":"S.AIRB","source_id":"geonames:11749468"},"geometry":{"type":"Point","coordinates":[39.17201,21.34782]}},{"type":"Feature","properties":{"name":"King Salman Airbase","country":"Saudi Arabia","country_code":"SA","branch":"air","branch_label":"Air base","type":"Air base","feature_code":"S.AIRB","source_id":"geonames:400679"},"geometry":{"type":"Point","coordinates":[46.72065,24.72045]}},{"type":"Feature","properties":{"name":"Um Almelh","country":"Saudi Arabia","country_code":"SA","branch":"air","branch_label":"Air base","type":"Air base","feature_code":"S.AIRB","source_id":"geonames:11843795"},"geometry":{"type":"Point","coordinates":[50.12735,19.11192]}},{"type":"Feature","properties":{"name":"Cockerill Barracks","country":"Sierra Leone","country_code":"SL","branch":"army","branch_label":"Army base","type":"Barracks","feature_code":"S.BRKS","source_id":"geonames:9821364"},"geometry":{"type":"Point","coordinates":[-13.27631,8.475]}},{"type":"Feature","properties":{"name":"Juba Barracks","country":"Sierra Leone","country_code":"SL","branch":"army","branch_label":"Army base","type":"Barracks","feature_code":"S.BRKS","source_id":"geonames:2566475"},"geometry":{"type":"Point","coordinates":[-13.27973,8.45153]}},{"type":"Feature","properties":{"name":"Murray Town Barracks","country":"Sierra Leone","country_code":"SL","branch":"army","branch_label":"Army base","type":"Barracks","feature_code":"S.BRKS","source_id":"geonames:9821298"},"geometry":{"type":"Point","coordinates":[-13.26802,8.49105]}},{"type":"Feature","properties":{"name":"Wilberforce Barracks","country":"Sierra Leone","country_code":"SL","branch":"army","branch_label":"Army base","type":"Barracks","feature_code":"S.BRKS","source_id":"geonames:9821369"},"geometry":{"type":"Point","coordinates":[-13.255,8.46778]}},{"type":"Feature","properties":{"name":"Paya Lebar Airport","country":"Singapore","country_code":"SG","branch":"air","branch_label":"Air base","type":"Air base","feature_code":"S.AIRB","source_id":"geonames:1880250"},"geometry":{"type":"Point","coordinates":[103.90944,1.36083]}},{"type":"Feature","properties":{"name":"Malacky","country":"Slovakia","country_code":"SK","branch":"air","branch_label":"Air base","type":"Air base","feature_code":"S.AIRB","source_id":"geonames:11711319"},"geometry":{"type":"Point","coordinates":[17.11847,48.40202]}},{"type":"Feature","properties":{"name":"AFB Swartkop","country":"South Africa","country_code":"ZA","branch":"air","branch_label":"Air base","type":"Air base","feature_code":"S.AIRB","source_id":"geonames:8556243"},"geometry":{"type":"Point","coordinates":[28.1644,-25.80986]}},{"type":"Feature","properties":{"name":"Air Force Base Bloemspruit","country":"South Africa","country_code":"ZA","branch":"air","branch_label":"Air base","type":"Air base","feature_code":"S.AIRB","source_id":"geonames:9036534"},"geometry":{"type":"Point","coordinates":[26.30427,-29.09964]}},{"type":"Feature","properties":{"name":"Air Force Base Makhado","country":"South Africa","country_code":"ZA","branch":"air","branch_label":"Air base","type":"Air base","feature_code":"S.AIRB","source_id":"geonames:8504560"},"geometry":{"type":"Point","coordinates":[29.69699,-23.16119]}},{"type":"Feature","properties":{"name":"Air Force Base Waterkloof","country":"South Africa","country_code":"ZA","branch":"air","branch_label":"Air base","type":"Air base","feature_code":"S.AIRB","source_id":"geonames:941772"},"geometry":{"type":"Point","coordinates":[28.2225,-25.83]}},{"type":"Feature","properties":{"name":"Air Force Station Port Elizabeth","country":"South Africa","country_code":"ZA","branch":"air","branch_label":"Air base","type":"Air base","feature_code":"S.AIRB","source_id":"geonames:9036349"},"geometry":{"type":"Point","coordinates":[25.61381,-33.98308]}},{"type":"Feature","properties":{"name":"Air Mercy Service","country":"South Africa","country_code":"ZA","branch":"air","branch_label":"Air base","type":"Air base","feature_code":"S.AIRB","source_id":"geonames:13526777"},"geometry":{"type":"Point","coordinates":[22.18937,-33.59802]}},{"type":"Feature","properties":{"name":"Louis Trichardt Airport","country":"South Africa","country_code":"ZA","branch":"air","branch_label":"Air base","type":"Air base","feature_code":"S.AIRB","source_id":"geonames:981825"},"geometry":{"type":"Point","coordinates":[29.86414,-23.06185]}},{"type":"Feature","properties":{"name":"G 280","country":"South Korea","country_code":"KR","branch":"air","branch_label":"Air base","type":"Air base","feature_code":"S.AIRB","source_id":"geonames:11506406"},"geometry":{"type":"Point","coordinates":[127.17845,37.53483]}},{"type":"Feature","properties":{"name":"G 505","country":"South Korea","country_code":"KR","branch":"air","branch_label":"Air base","type":"Air base","feature_code":"S.AIRB","source_id":"geonames:11506430"},"geometry":{"type":"Point","coordinates":[127.29638,36.57177]}},{"type":"Feature","properties":{"name":"G 510","country":"South Korea","country_code":"KR","branch":"air","branch_label":"Air base","type":"Air base","feature_code":"S.AIRB","source_id":"geonames:11506431"},"geometry":{"type":"Point","coordinates":[127.4723,37.19969]}},{"type":"Feature","properties":{"name":"G 536","country":"South Korea","country_code":"KR","branch":"air","branch_label":"Air base","type":"Air base","feature_code":"S.AIRB","source_id":"geonames:11506435"},"geometry":{"type":"Point","coordinates":[127.11052,36.2674]}},{"type":"Feature","properties":{"name":"Gukbanggwahakyeonguso","country":"South Korea","country_code":"KR","branch":"other","branch_label":"Other / unknown","type":"Military base","feature_code":"L.MILB","source_id":"geonames:12081191"},"geometry":{"type":"Point","coordinates":[127.31938,36.41573]}},{"type":"Feature","properties":{"name":"Gyerongdae","country":"South Korea","country_code":"KR","branch":"other","branch_label":"Other / unknown","type":"Military base","feature_code":"L.MILB","source_id":"geonames:12065364"},"geometry":{"type":"Point","coordinates":[127.22633,36.31272]}},{"type":"Feature","properties":{"name":"Jungwon Air Base","country":"South Korea","country_code":"KR","branch":"air","branch_label":"Air base","type":"Air base","feature_code":"S.AIRB","source_id":"geonames:6300450"},"geometry":{"type":"Point","coordinates":[127.88527,37.03]}},{"type":"Feature","properties":{"name":"Kunsan Air Base","country":"South Korea","country_code":"KR","branch":"air","branch_label":"Air base","type":"Air base","feature_code":"S.AIRB","source_id":"geonames:8335366"},"geometry":{"type":"Point","coordinates":[126.62456,35.90893]}},{"type":"Feature","properties":{"name":"Suwon Air Base","country":"South Korea","country_code":"KR","branch":"air","branch_label":"Air base","type":"Air base","feature_code":"S.AIRB","source_id":"geonames:6301835"},"geometry":{"type":"Point","coordinates":[127.00705,37.23941]}},{"type":"Feature","properties":{"name":"Yukgun-hanggonghakgyo","country":"South Korea","country_code":"KR","branch":"other","branch_label":"Other / unknown","type":"Military base","feature_code":"L.MILB","source_id":"geonames:12033231"},"geometry":{"type":"Point","coordinates":[127.11408,36.27075]}},{"type":"Feature","properties":{"name":"Yukgunhunryeonso","country":"South Korea","country_code":"KR","branch":"other","branch_label":"Other / unknown","type":"Military base","feature_code":"L.MILB","source_id":"geonames:12033668"},"geometry":{"type":"Point","coordinates":[127.10606,36.11229]}},{"type":"Feature","properties":{"name":"Aeroclub de Castellón","country":"Spain","country_code":"ES","branch":"air","branch_label":"Air base","type":"Air base","feature_code":"S.AIRB","source_id":"geonames:11257322"},"geometry":{"type":"Point","coordinates":[0.02618,39.99468]}},{"type":"Feature","properties":{"name":"Alcantarilla Air Base","country":"Spain","country_code":"ES","branch":"air","branch_label":"Air base","type":"Air base","feature_code":"S.AIRB","source_id":"geonames:6299351"},"geometry":{"type":"Point","coordinates":[-1.23103,37.95239]}},{"type":"Feature","properties":{"name":"Armilla Air Base","country":"Spain","country_code":"ES","branch":"air","branch_label":"Air base","type":"Air base","feature_code":"S.AIRB","source_id":"geonames:11749426"},"geometry":{"type":"Point","coordinates":[-3.63493,37.13757]}},{"type":"Feature","properties":{"name":"Barón de Warsage Barracks","country":"Spain","country_code":"ES","branch":"army","branch_label":"Army base","type":"Barracks","feature_code":"S.BRKS","source_id":"geonames:12022044"},"geometry":{"type":"Point","coordinates":[-1.62928,41.35441]}},{"type":"Feature","properties":{"name":"Base Militar de Rabasa","country":"Spain","country_code":"ES","branch":"other","branch_label":"Other / unknown","type":"Military base","feature_code":"L.MILB","source_id":"geonames:6255102"},"geometry":{"type":"Point","coordinates":[-0.50765,38.36929]}},{"type":"Feature","properties":{"name":"Cuartel General del Ejercito del Aire","country":"Spain","country_code":"ES","branch":"other","branch_label":"Other / unknown","type":"Military base","feature_code":"L.MILB","source_id":"geonames:11862194"},"geometry":{"type":"Point","coordinates":[-3.72032,40.43327]}},{"type":"Feature","properties":{"name":"LLanos de Armilla","country":"Spain","country_code":"ES","branch":"other","branch_label":"Other / unknown","type":"Military base","feature_code":"L.MILB","source_id":"geonames:2519828"},"geometry":{"type":"Point","coordinates":[-3.63333,37.13333]}},{"type":"Feature","properties":{"name":"Naval Station Rota","country":"Spain","country_code":"ES","branch":"air","branch_label":"Air base","type":"Air base","feature_code":"S.AIRB","source_id":"geonames:6299353"},"geometry":{"type":"Point","coordinates":[-6.34769,36.64205]}},{"type":"Feature","properties":{"name":"Pollença Seaplane Base","country":"Spain","country_code":"ES","branch":"air","branch_label":"Air base","type":"Air base","feature_code":"S.AIRB","source_id":"geonames:11995822"},"geometry":{"type":"Point","coordinates":[3.10141,39.90774]}},{"type":"Feature","properties":{"name":"Torrejón de Ardoz Air Base","country":"Spain","country_code":"ES","branch":"air","branch_label":"Air base","type":"Air base","feature_code":"S.AIRB","source_id":"geonames:3104194"},"geometry":{"type":"Point","coordinates":[-3.46667,40.48333]}},{"type":"Feature","properties":{"name":"Zaragoza United States Air Force Operated Base In Foreign Country","country":"Spain","country_code":"ES","branch":"air","branch_label":"Air base","type":"Air base","feature_code":"S.AIRB","source_id":"geonames:6299362"},"geometry":{"type":"Point","coordinates":[-1.05,41.66667]}},{"type":"Feature","properties":{"name":"Memre Boekoe Kazerne","country":"Suriname","country_code":"SR","branch":"army","branch_label":"Army base","type":"Barracks","feature_code":"S.BRKS","source_id":"geonames:8220909"},"geometry":{"type":"Point","coordinates":[-55.1766,5.82584]}},{"type":"Feature","properties":{"name":"Alpnach","country":"Switzerland","country_code":"CH","branch":"air","branch_label":"Air base","type":"Air base","feature_code":"S.AIRB","source_id":"geonames:11710906"},"geometry":{"type":"Point","coordinates":[8.28364,46.94215]}},{"type":"Feature","properties":{"name":"Bedrina","country":"Switzerland","country_code":"CH","branch":"army","branch_label":"Army base","type":"Barracks","feature_code":"S.BRKS","source_id":"geonames:11218947"},"geometry":{"type":"Point","coordinates":[8.58768,46.52871]}},{"type":"Feature","properties":{"name":"Dübendorf Air Base","country":"Switzerland","country_code":"CH","branch":"air","branch_label":"Air base","type":"Air base","feature_code":"S.AIRB","source_id":"geonames:6294284"},"geometry":{"type":"Point","coordinates":[8.64012,47.39935]}},{"type":"Feature","properties":{"name":"Emmen Air Base","country":"Switzerland","country_code":"CH","branch":"air","branch_label":"Air base","type":"Air base","feature_code":"S.AIRB","source_id":"geonames:8693079"},"geometry":{"type":"Point","coordinates":[8.3012,47.09221]}},{"type":"Feature","properties":{"name":"Meiringen","country":"Switzerland","country_code":"CH","branch":"air","branch_label":"Air base","type":"Air base","feature_code":"S.AIRB","source_id":"geonames:11711330"},"geometry":{"type":"Point","coordinates":[8.11,46.74333]}},{"type":"Feature","properties":{"name":"Rionda","country":"Switzerland","country_code":"CH","branch":"army","branch_label":"Army base","type":"Barracks","feature_code":"S.BRKS","source_id":"geonames:11217608"},"geometry":{"type":"Point","coordinates":[7.05935,46.20346]}},{"type":"Feature","properties":{"name":"93rd Brigade Headquarters","country":"Syria","country_code":"SY","branch":"other","branch_label":"Other / unknown","type":"Military base","feature_code":"L.MILB","source_id":"geonames:10172527"},"geometry":{"type":"Point","coordinates":[38.84564,36.37071]}},{"type":"Feature","properties":{"name":"Abu ad Duhur Air Base","country":"Syria","country_code":"SY","branch":"air","branch_label":"Air base","type":"Air base","feature_code":"S.AIRB","source_id":"geonames:11749480"},"geometry":{"type":"Point","coordinates":[37.09216,35.73544]}},{"type":"Feature","properties":{"name":"Al Qusayr Air Base","country":"Syria","country_code":"SY","branch":"air","branch_label":"Air base","type":"Air base","feature_code":"S.AIRB","source_id":"geonames:11749483"},"geometry":{"type":"Point","coordinates":[36.56752,34.57097]}},{"type":"Feature","properties":{"name":"An Nasiriyah Airbase","country":"Syria","country_code":"SY","branch":"air","branch_label":"Air base","type":"Air base","feature_code":"S.AIRB","source_id":"geonames:8616953"},"geometry":{"type":"Point","coordinates":[36.87707,33.92819]}},{"type":"Feature","properties":{"name":"Dumayr","country":"Syria","country_code":"SY","branch":"air","branch_label":"Air base","type":"Air base","feature_code":"S.AIRB","source_id":"geonames:11864954"},"geometry":{"type":"Point","coordinates":[36.74893,33.60966]}},{"type":"Feature","properties":{"name":"Fortified defensive base","country":"Syria","country_code":"SY","branch":"other","branch_label":"Other / unknown","type":"Military base","feature_code":"L.MILB","source_id":"geonames:11270077"},"geometry":{"type":"Point","coordinates":[37.06764,36.64112]}},{"type":"Feature","properties":{"name":"Hamah","country":"Syria","country_code":"SY","branch":"air","branch_label":"Air base","type":"Air base","feature_code":"S.AIRB","source_id":"geonames:11864957"},"geometry":{"type":"Point","coordinates":[36.71088,35.11827]}},{"type":"Feature","properties":{"name":"Khalkhalah Air Base","country":"Syria","country_code":"SY","branch":"air","branch_label":"Air base","type":"Air base","feature_code":"S.AIRB","source_id":"geonames:11749482"},"geometry":{"type":"Point","coordinates":[36.54276,33.07903]}},{"type":"Feature","properties":{"name":"Marj Ruhayyil","country":"Syria","country_code":"SY","branch":"air","branch_label":"Air base","type":"Air base","feature_code":"S.AIRB","source_id":"geonames:11864972"},"geometry":{"type":"Point","coordinates":[36.45743,33.28665]}},{"type":"Feature","properties":{"name":"Minakh","country":"Syria","country_code":"SY","branch":"air","branch_label":"Air base","type":"Air base","feature_code":"S.AIRB","source_id":"geonames:11864973"},"geometry":{"type":"Point","coordinates":[37.04151,36.52138]}},{"type":"Feature","properties":{"name":"Sayqal","country":"Syria","country_code":"SY","branch":"air","branch_label":"Air base","type":"Air base","feature_code":"S.AIRB","source_id":"geonames:11864985"},"geometry":{"type":"Point","coordinates":[37.21134,33.68537]}},{"type":"Feature","properties":{"name":"Shayrat Airbase","country":"Syria","country_code":"SY","branch":"air","branch_label":"Air base","type":"Air base","feature_code":"S.AIRB","source_id":"geonames:11497803"},"geometry":{"type":"Point","coordinates":[36.90793,34.49165]}},{"type":"Feature","properties":{"name":"Thawrah Military Airport","country":"Syria","country_code":"SY","branch":"air","branch_label":"Air base","type":"Air base","feature_code":"S.AIRB","source_id":"geonames:10172542"},"geometry":{"type":"Point","coordinates":[38.56587,35.75585]}},{"type":"Feature","properties":{"name":"Thuknat Hannānū","country":"Syria","country_code":"SY","branch":"army","branch_label":"Army base","type":"Barracks","feature_code":"S.BRKS","source_id":"geonames:7742921"},"geometry":{"type":"Point","coordinates":[37.1696,36.20764]}},{"type":"Feature","properties":{"name":"Tiyas Military Airbase","country":"Syria","country_code":"SY","branch":"air","branch_label":"Air base","type":"Air base","feature_code":"S.AIRB","source_id":"geonames:11496247"},"geometry":{"type":"Point","coordinates":[37.62247,34.52878]}},{"type":"Feature","properties":{"name":"Gueiren","country":"Taiwan","country_code":"TW","branch":"air","branch_label":"Air base","type":"Air base","feature_code":"S.AIRB","source_id":"geonames:11494179"},"geometry":{"type":"Point","coordinates":[120.28225,22.98154]}},{"type":"Feature","properties":{"name":"Hsinchu Air Base","country":"Taiwan","country_code":"TW","branch":"air","branch_label":"Air base","type":"Air base","feature_code":"S.AIRB","source_id":"geonames:6600395"},"geometry":{"type":"Point","coordinates":[120.94111,24.82444]}},{"type":"Feature","properties":{"name":"Tsoying","country":"Taiwan","country_code":"TW","branch":"air","branch_label":"Air base","type":"Air base","feature_code":"S.AIRB","source_id":"geonames:11494152"},"geometry":{"type":"Point","coordinates":[120.28082,22.70519]}},{"type":"Feature","properties":{"name":"Ayni Air Base","country":"Tajikistan","country_code":"TJ","branch":"air","branch_label":"Air base","type":"Air base","feature_code":"S.AIRB","source_id":"geonames:11457216"},"geometry":{"type":"Point","coordinates":[68.67301,38.51225]}},{"type":"Feature","properties":{"name":"Korat Airbase","country":"Thailand","country_code":"TH","branch":"air","branch_label":"Air base","type":"Air base","feature_code":"S.AIRB","source_id":"geonames:1609482"},"geometry":{"type":"Point","coordinates":[102.08097,14.93234]}},{"type":"Feature","properties":{"name":"Sattahip Naval Station","country":"Thailand","country_code":"TH","branch":"naval","branch_label":"Naval base","type":"Naval base","feature_code":"L.NVB","source_id":"geonames:1595065"},"geometry":{"type":"Point","coordinates":[100.9,12.66667]}},{"type":"Feature","properties":{"name":"Amsterdamse Cavaleriekazerne","country":"The Netherlands","country_code":"NL","branch":"army","branch_label":"Army base","type":"Barracks","feature_code":"S.BRKS","source_id":"geonames:6951019"},"geometry":{"type":"Point","coordinates":[4.91797,52.36269]}},{"type":"Feature","properties":{"name":"Boreelkazerne","country":"The Netherlands","country_code":"NL","branch":"army","branch_label":"Army base","type":"Barracks","feature_code":"S.BRKS","source_id":"geonames:6950892"},"geometry":{"type":"Point","coordinates":[6.16518,52.25282]}},{"type":"Feature","properties":{"name":"Elias Beeckmankazerne","country":"The Netherlands","country_code":"NL","branch":"army","branch_label":"Army base","type":"Barracks","feature_code":"S.BRKS","source_id":"geonames:6951444"},"geometry":{"type":"Point","coordinates":[5.67833,52.03389]}},{"type":"Feature","properties":{"name":"Generaal Majoor de Ruyter van Steveninck Kazerne","country":"The Netherlands","country_code":"NL","branch":"army","branch_label":"Army base","type":"Barracks","feature_code":"S.BRKS","source_id":"geonames:6954230"},"geometry":{"type":"Point","coordinates":[5.37025,51.47684]}},{"type":"Feature","properties":{"name":"Koning Willem III Kazerne","country":"The Netherlands","country_code":"NL","branch":"army","branch_label":"Army base","type":"Barracks","feature_code":"S.BRKS","source_id":"geonames:6621450"},"geometry":{"type":"Point","coordinates":[5.92601,52.20143]}},{"type":"Feature","properties":{"name":"Oranje-Nassau Kazerne","country":"The Netherlands","country_code":"NL","branch":"army","branch_label":"Army base","type":"Barracks","feature_code":"S.BRKS","source_id":"geonames:6950967"},"geometry":{"type":"Point","coordinates":[4.92265,52.36545]}},{"type":"Feature","properties":{"name":"Ripperdakazerne","country":"The Netherlands","country_code":"NL","branch":"army","branch_label":"Army base","type":"Barracks","feature_code":"S.BRKS","source_id":"geonames:6951275"},"geometry":{"type":"Point","coordinates":[4.63641,52.39393]}},{"type":"Feature","properties":{"name":"Soesterberg Air Base","country":"The Netherlands","country_code":"NL","branch":"air","branch_label":"Air base","type":"Air base","feature_code":"S.AIRB","source_id":"geonames:6301531"},"geometry":{"type":"Point","coordinates":[5.27619,52.12731]}},{"type":"Feature","properties":{"name":"Saint James Barracks","country":"Trinidad and Tobago","country_code":"TT","branch":"army","branch_label":"Army base","type":"Barracks","feature_code":"S.BRKS","source_id":"geonames:8709963"},"geometry":{"type":"Point","coordinates":[-61.53089,10.67204]}},{"type":"Feature","properties":{"name":"Académie Navale de Menzel-Bourguiba","country":"Tunisia","country_code":"TN","branch":"naval","branch_label":"Naval base","type":"Naval base","feature_code":"L.NVB","source_id":"geonames:11280736"},"geometry":{"type":"Point","coordinates":[9.79576,37.16992]}},{"type":"Feature","properties":{"name":"Bizerte Naval Base","country":"Tunisia","country_code":"TN","branch":"naval","branch_label":"Naval base","type":"Naval base","feature_code":"L.NVB","source_id":"geonames:11280734"},"geometry":{"type":"Point","coordinates":[9.83859,37.25002]}},{"type":"Feature","properties":{"name":"Bizerte-Sidi Ahmed Air Base","country":"Tunisia","country_code":"TN","branch":"air","branch_label":"Air base","type":"Air base","feature_code":"S.AIRB","source_id":"geonames:6296466"},"geometry":{"type":"Point","coordinates":[9.79145,37.24545]}},{"type":"Feature","properties":{"name":"Ankara Güvercinlik Army Air Base","country":"Turkey","country_code":"TR","branch":"air","branch_label":"Air base","type":"Air base","feature_code":"S.AIRB","source_id":"geonames:6299724"},"geometry":{"type":"Point","coordinates":[32.74077,39.93495]}},{"type":"Feature","properties":{"name":"Barracks (historical)","country":"Turkey","country_code":"TR","branch":"army","branch_label":"Army base","type":"Barracks","feature_code":"S.BRKS","source_id":"geonames:12122524"},"geometry":{"type":"Point","coordinates":[26.40621,40.1875]}},{"type":"Feature","properties":{"name":"Gaziemir","country":"Turkey","country_code":"TR","branch":"air","branch_label":"Air base","type":"Air base","feature_code":"S.AIRB","source_id":"geonames:11325296"},"geometry":{"type":"Point","coordinates":[27.15944,38.31917]}},{"type":"Feature","properties":{"name":"Incirlik Air Base","country":"Turkey","country_code":"TR","branch":"air","branch_label":"Air base","type":"Air base","feature_code":"S.AIRB","source_id":"geonames:319675"},"geometry":{"type":"Point","coordinates":[35.42044,36.99898]}},{"type":"Feature","properties":{"name":"Kesan","country":"Turkey","country_code":"TR","branch":"air","branch_label":"Air base","type":"Air base","feature_code":"S.AIRB","source_id":"geonames:11325301"},"geometry":{"type":"Point","coordinates":[26.60667,40.78694]}},{"type":"Feature","properties":{"name":"Menderes Hava Meydan Kıta Komutanlığı","country":"Turkey","country_code":"TR","branch":"air","branch_label":"Air base","type":"Air base","feature_code":"S.AIRB","source_id":"geonames:10177360"},"geometry":{"type":"Point","coordinates":[27.16586,38.27508]}},{"type":"Feature","properties":{"name":"Samandira","country":"Turkey","country_code":"TR","branch":"air","branch_label":"Air base","type":"Air base","feature_code":"S.AIRB","source_id":"geonames:11325306"},"geometry":{"type":"Point","coordinates":[29.21611,40.99278]}},{"type":"Feature","properties":{"name":"Sivrihisar","country":"Turkey","country_code":"TR","branch":"air","branch_label":"Air base","type":"Air base","feature_code":"S.AIRB","source_id":"geonames:307308"},"geometry":{"type":"Point","coordinates":[31.365,39.45139]}},{"type":"Feature","properties":{"name":"Tulga","country":"Turkey","country_code":"TR","branch":"air","branch_label":"Air base","type":"Air base","feature_code":"S.AIRB","source_id":"geonames:11325313"},"geometry":{"type":"Point","coordinates":[38.25389,38.35389]}},{"type":"Feature","properties":{"name":"Ashkhabad Bezmein","country":"Turkmenistan","country_code":"TM","branch":"air","branch_label":"Air base","type":"Air base","feature_code":"S.AIRB","source_id":"geonames:11457250"},"geometry":{"type":"Point","coordinates":[58.19522,38.01204]}},{"type":"Feature","properties":{"name":"Kizyl Arvat","country":"Turkmenistan","country_code":"TM","branch":"air","branch_label":"Air base","type":"Air base","feature_code":"S.AIRB","source_id":"geonames:11457251"},"geometry":{"type":"Point","coordinates":[56.35701,38.98439]}},{"type":"Feature","properties":{"name":"Mary North","country":"Turkmenistan","country_code":"TM","branch":"air","branch_label":"Air base","type":"Air base","feature_code":"S.AIRB","source_id":"geonames:11457231"},"geometry":{"type":"Point","coordinates":[61.82708,37.66442]}},{"type":"Feature","properties":{"name":"Loran Station","country":"Turks and Caicos Islands","country_code":"TC","branch":"other","branch_label":"Other / unknown","type":"Military base","feature_code":"L.MILB","source_id":"geonames:11202292"},"geometry":{"type":"Point","coordinates":[-71.49533,21.56917]}},{"type":"Feature","properties":{"name":"Coastguard Patrol Boat Berth","country":"Tuvalu","country_code":"TV","branch":"naval","branch_label":"Naval base","type":"Coast guard station","feature_code":"S.STNC","source_id":"geonames:7602548"},"geometry":{"type":"Point","coordinates":[179.1947,-8.50242]}},{"type":"Feature","properties":{"name":"Bagerovo","country":"Ukraine","country_code":"UA","branch":"air","branch_label":"Air base","type":"Air base","feature_code":"S.AIRB","source_id":"geonames:11269912"},"geometry":{"type":"Point","coordinates":[36.24556,45.40861]}},{"type":"Feature","properties":{"name":"Bolshoy Tokmak Air Base","country":"Ukraine","country_code":"UA","branch":"air","branch_label":"Air base","type":"Air base","feature_code":"S.AIRB","source_id":"geonames:11749496"},"geometry":{"type":"Point","coordinates":[35.71054,47.28837]}},{"type":"Feature","properties":{"name":"Chervonohlinskaya","country":"Ukraine","country_code":"UA","branch":"air","branch_label":"Air base","type":"Air base","feature_code":"S.AIRB","source_id":"geonames:11269915"},"geometry":{"type":"Point","coordinates":[29.37694,45.94639]}},{"type":"Feature","properties":{"name":"Horodok Air Base","country":"Ukraine","country_code":"UA","branch":"air","branch_label":"Air base","type":"Air base","feature_code":"S.AIRB","source_id":"geonames:8299666"},"geometry":{"type":"Point","coordinates":[23.6673,49.73868]}},{"type":"Feature","properties":{"name":"Karankut Air Base","country":"Ukraine","country_code":"UA","branch":"air","branch_label":"Air base","type":"Air base","feature_code":"S.AIRB","source_id":"geonames:11749495"},"geometry":{"type":"Point","coordinates":[34.28412,45.58077]}},{"type":"Feature","properties":{"name":"Kazarma Buzynova","country":"Ukraine","country_code":"UA","branch":"army","branch_label":"Army base","type":"Barracks","feature_code":"S.BRKS","source_id":"geonames:6985445"},"geometry":{"type":"Point","coordinates":[34.19477,44.77801]}},{"type":"Feature","properties":{"name":"Kazarma Kholodna Polyana","country":"Ukraine","country_code":"UA","branch":"army","branch_label":"Army base","type":"Barracks","feature_code":"S.BRKS","source_id":"geonames:6985837"},"geometry":{"type":"Point","coordinates":[34.21101,44.71701]}},{"type":"Feature","properties":{"name":"Kazarma Khyralan","country":"Ukraine","country_code":"UA","branch":"army","branch_label":"Army base","type":"Barracks","feature_code":"S.BRKS","source_id":"geonames:6985836"},"geometry":{"type":"Point","coordinates":[34.22746,44.72204]}},{"type":"Feature","properties":{"name":"Kazarma Tar”yer","country":"Ukraine","country_code":"UA","branch":"army","branch_label":"Army base","type":"Barracks","feature_code":"S.BRKS","source_id":"geonames:6983017"},"geometry":{"type":"Point","coordinates":[34.17964,44.71807]}},{"type":"Feature","properties":{"name":"Oktyabrskoe Air Base","country":"Ukraine","country_code":"UA","branch":"air","branch_label":"Air base","type":"Air base","feature_code":"S.AIRB","source_id":"geonames:11749494"},"geometry":{"type":"Point","coordinates":[34.11358,45.32488]}},{"type":"Feature","properties":{"name":"Plonochka Air Base","country":"Ukraine","country_code":"UA","branch":"air","branch_label":"Air base","type":"Air base","feature_code":"S.AIRB","source_id":"geonames:11269951"},"geometry":{"type":"Point","coordinates":[30.30111,50.23472]}},{"type":"Feature","properties":{"name":"Poltava Air Base","country":"Ukraine","country_code":"UA","branch":"air","branch_label":"Air base","type":"Air base","feature_code":"S.AIRB","source_id":"geonames:8299594"},"geometry":{"type":"Point","coordinates":[34.49432,49.6265]}},{"type":"Feature","properties":{"name":"Stryi Air Base","country":"Ukraine","country_code":"UA","branch":"air","branch_label":"Air base","type":"Air base","feature_code":"S.AIRB","source_id":"geonames:8299665"},"geometry":{"type":"Point","coordinates":[23.79021,49.24484]}},{"type":"Feature","properties":{"name":"Al Dhafra Air Base","country":"United Arab Emirates","country_code":"AE","branch":"air","branch_label":"Air base","type":"Air base","feature_code":"S.AIRB","source_id":"geonames:8531868"},"geometry":{"type":"Point","coordinates":[54.54849,24.24845]}},{"type":"Feature","properties":{"name":"Al Minhad Air Base","country":"United Arab Emirates","country_code":"AE","branch":"air","branch_label":"Air base","type":"Air base","feature_code":"S.AIRB","source_id":"geonames:8531846"},"geometry":{"type":"Point","coordinates":[55.36955,25.02674]}},{"type":"Feature","properties":{"name":"Ghantoot","country":"United Arab Emirates","country_code":"AE","branch":"air","branch_label":"Air base","type":"Air base","feature_code":"S.AIRB","source_id":"geonames:13304379"},"geometry":{"type":"Point","coordinates":[54.84293,24.8844]}},{"type":"Feature","properties":{"name":"Sas Al Nahkil","country":"United Arab Emirates","country_code":"AE","branch":"air","branch_label":"Air base","type":"Air base","feature_code":"S.AIRB","source_id":"geonames:11843061"},"geometry":{"type":"Point","coordinates":[54.51718,24.44067]}},{"type":"Feature","properties":{"name":"Sweihan Airbase","country":"United Arab Emirates","country_code":"AE","branch":"air","branch_label":"Air base","type":"Air base","feature_code":"S.AIRB","source_id":"geonames:11843060"},"geometry":{"type":"Point","coordinates":[54.97415,24.5273]}},{"type":"Feature","properties":{"name":"Alconbury Royal Air Force Base","country":"United Kingdom","country_code":"GB","branch":"air","branch_label":"Air base","type":"Air base","feature_code":"S.AIRB","source_id":"geonames:6301525"},"geometry":{"type":"Point","coordinates":[-0.22367,52.37487]}},{"type":"Feature","properties":{"name":"Bramley Military Camp","country":"United Kingdom","country_code":"GB","branch":"army","branch_label":"Army base","type":"Military base","feature_code":"L.MILB","source_id":"geonames:7668011"},"geometry":{"type":"Point","coordinates":[-1.05718,51.3165]}},{"type":"Feature","properties":{"name":"Chatham Barracks (historical)","country":"United Kingdom","country_code":"GB","branch":"army","branch_label":"Army base","type":"Barracks","feature_code":"S.BRKS","source_id":"geonames:11983567"},"geometry":{"type":"Point","coordinates":[0.52682,51.38888]}},{"type":"Feature","properties":{"name":"Coast Guard Station","country":"United Kingdom","country_code":"GB","branch":"naval","branch_label":"Naval base","type":"Coast guard station","feature_code":"S.STNC","source_id":"geonames:12110770"},"geometry":{"type":"Point","coordinates":[-1.9461,50.60716]}},{"type":"Feature","properties":{"name":"Coast Guard Station (historical)","country":"United Kingdom","country_code":"GB","branch":"naval","branch_label":"Naval base","type":"Coast guard station","feature_code":"S.STNC","source_id":"geonames:12110822"},"geometry":{"type":"Point","coordinates":[-2.93897,50.72094]}},{"type":"Feature","properties":{"name":"Coningsby Royal Air Force Base","country":"United Kingdom","country_code":"GB","branch":"air","branch_label":"Air base","type":"Air base","feature_code":"S.AIRB","source_id":"geonames:6296664"},"geometry":{"type":"Point","coordinates":[-0.16601,53.09301]}},{"type":"Feature","properties":{"name":"Cosford Royal Air Force Base","country":"United Kingdom","country_code":"GB","branch":"air","branch_label":"Air base","type":"Air base","feature_code":"S.AIRB","source_id":"geonames:6296663"},"geometry":{"type":"Point","coordinates":[-2.30108,52.64724]}},{"type":"Feature","properties":{"name":"Cotswold Airport","country":"United Kingdom","country_code":"GB","branch":"air","branch_label":"Air base","type":"Air base","feature_code":"S.AIRB","source_id":"geonames:6296579"},"geometry":{"type":"Point","coordinates":[-2.04835,51.66915]}},{"type":"Feature","properties":{"name":"Deal Coast Guard Station","country":"United Kingdom","country_code":"GB","branch":"naval","branch_label":"Naval base","type":"Coast guard station","feature_code":"S.STNC","source_id":"geonames:12122564"},"geometry":{"type":"Point","coordinates":[1.40378,51.23186]}},{"type":"Feature","properties":{"name":"Fairford Royal Air Force Base","country":"United Kingdom","country_code":"GB","branch":"air","branch_label":"Air base","type":"Air base","feature_code":"S.AIRB","source_id":"geonames:6296658"},"geometry":{"type":"Point","coordinates":[-1.79003,51.68217]}},{"type":"Feature","properties":{"name":"Faslane Base","country":"United Kingdom","country_code":"GB","branch":"naval","branch_label":"Naval base","type":"Naval base","feature_code":"L.NVB","source_id":"geonames:2649634"},"geometry":{"type":"Point","coordinates":[-4.81667,56.05]}},{"type":"Feature","properties":{"name":"Forton Barracks (historical)","country":"United Kingdom","country_code":"GB","branch":"army","branch_label":"Army base","type":"Barracks","feature_code":"S.BRKS","source_id":"geonames:12165732"},"geometry":{"type":"Point","coordinates":[-1.13566,50.80084]}},{"type":"Feature","properties":{"name":"Greenham Common Royal Air Force Base","country":"United Kingdom","country_code":"GB","branch":"air","branch_label":"Air base","type":"Air base","feature_code":"S.AIRB","source_id":"geonames:6301522"},"geometry":{"type":"Point","coordinates":[-1.28283,51.37928]}},{"type":"Feature","properties":{"name":"HMNB Portsmouth","country":"United Kingdom","country_code":"GB","branch":"naval","branch_label":"Naval base","type":"Naval base","feature_code":"L.NVB","source_id":"geonames:8015418"},"geometry":{"type":"Point","coordinates":[-1.1036,50.80482]}},{"type":"Feature","properties":{"name":"Honington Royal Air Force Base","country":"United Kingdom","country_code":"GB","branch":"air","branch_label":"Air base","type":"Air base","feature_code":"S.AIRB","source_id":"geonames:6296669"},"geometry":{"type":"Point","coordinates":[0.77294,52.34261]}},{"type":"Feature","properties":{"name":"Joint Supply Chain Services Kineton","country":"United Kingdom","country_code":"GB","branch":"other","branch_label":"Other / unknown","type":"Military base","feature_code":"L.MILB","source_id":"geonames:7669262"},"geometry":{"type":"Point","coordinates":[-1.46135,52.1534]}},{"type":"Feature","properties":{"name":"Lakenheath Royal Air Force Base","country":"United Kingdom","country_code":"GB","branch":"air","branch_label":"Air base","type":"Air base","feature_code":"S.AIRB","source_id":"geonames:6296653"},"geometry":{"type":"Point","coordinates":[0.561,52.40933]}},{"type":"Feature","properties":{"name":"MDP Wethersfield","country":"United Kingdom","country_code":"GB","branch":"air","branch_label":"Air base","type":"Air base","feature_code":"S.AIRB","source_id":"geonames:7730475"},"geometry":{"type":"Point","coordinates":[0.50944,51.9719]}},{"type":"Feature","properties":{"name":"Massereene Barracks","country":"United Kingdom","country_code":"GB","branch":"army","branch_label":"Army base","type":"Barracks","feature_code":"S.BRKS","source_id":"geonames:7626683"},"geometry":{"type":"Point","coordinates":[-6.23053,54.71996]}},{"type":"Feature","properties":{"name":"Mildenhall Royal Air Force Base","country":"United Kingdom","country_code":"GB","branch":"air","branch_label":"Air base","type":"Air base","feature_code":"S.AIRB","source_id":"geonames:6301521"},"geometry":{"type":"Point","coordinates":[0.48641,52.36193]}},{"type":"Feature","properties":{"name":"Mount Wise Barracks (historical)","country":"United Kingdom","country_code":"GB","branch":"army","branch_label":"Army base","type":"Barracks","feature_code":"S.BRKS","source_id":"geonames:11983563"},"geometry":{"type":"Point","coordinates":[-4.17517,50.36639]}},{"type":"Feature","properties":{"name":"New Granby Barracks (historical)","country":"United Kingdom","country_code":"GB","branch":"army","branch_label":"Army base","type":"Barracks","feature_code":"S.BRKS","source_id":"geonames:11983564"},"geometry":{"type":"Point","coordinates":[-4.1757,50.37437]}},{"type":"Feature","properties":{"name":"Piershill Barracks","country":"United Kingdom","country_code":"GB","branch":"army","branch_label":"Army base","type":"Barracks","feature_code":"S.BRKS","source_id":"geonames:12420836"},"geometry":{"type":"Point","coordinates":[-3.14676,55.95588]}},{"type":"Feature","properties":{"name":"RAF Ashbourne Airport","country":"United Kingdom","country_code":"GB","branch":"air","branch_label":"Air base","type":"Air base","feature_code":"S.AIRB","source_id":"geonames:9884017"},"geometry":{"type":"Point","coordinates":[-1.70327,53.00869]}},{"type":"Feature","properties":{"name":"RAF Ballykelly","country":"United Kingdom","country_code":"GB","branch":"air","branch_label":"Air base","type":"Air base","feature_code":"S.AIRB","source_id":"geonames:7730474"},"geometry":{"type":"Point","coordinates":[-7.02028,55.0603]}},{"type":"Feature","properties":{"name":"RAF Benson","country":"United Kingdom","country_code":"GB","branch":"air","branch_label":"Air base","type":"Air base","feature_code":"S.AIRB","source_id":"geonames:6296651"},"geometry":{"type":"Point","coordinates":[-1.09583,51.61639]}},{"type":"Feature","properties":{"name":"RAF Brize Norton","country":"United Kingdom","country_code":"GB","branch":"air","branch_label":"Air base","type":"Air base","feature_code":"S.AIRB","source_id":"geonames:6296660"},"geometry":{"type":"Point","coordinates":[-1.58333,51.75]}},{"type":"Feature","properties":{"name":"RAF High Wycombe","country":"United Kingdom","country_code":"GB","branch":"air","branch_label":"Air base","type":"Air base","feature_code":"S.AIRB","source_id":"geonames:12032468"},"geometry":{"type":"Point","coordinates":[-0.80179,51.68138]}},{"type":"Feature","properties":{"name":"RAF Marham","country":"United Kingdom","country_code":"GB","branch":"air","branch_label":"Air base","type":"Air base","feature_code":"S.AIRB","source_id":"geonames:6301529"},"geometry":{"type":"Point","coordinates":[0.55069,52.64835]}},{"type":"Feature","properties":{"name":"RAF Mona","country":"United Kingdom","country_code":"GB","branch":"air","branch_label":"Air base","type":"Air base","feature_code":"S.AIRB","source_id":"geonames:8948693"},"geometry":{"type":"Point","coordinates":[-4.37895,53.25551]}},{"type":"Feature","properties":{"name":"RAF Odiham","country":"United Kingdom","country_code":"GB","branch":"air","branch_label":"Air base","type":"Air base","feature_code":"S.AIRB","source_id":"geonames:6296661"},"geometry":{"type":"Point","coordinates":[-0.94283,51.23414]}},{"type":"Feature","properties":{"name":"RAF Scampton","country":"United Kingdom","country_code":"GB","branch":"air","branch_label":"Air base","type":"Air base","feature_code":"S.AIRB","source_id":"geonames:6296671"},"geometry":{"type":"Point","coordinates":[-0.55083,53.3075]}},{"type":"Feature","properties":{"name":"RAF Welford","country":"United Kingdom","country_code":"GB","branch":"air","branch_label":"Air base","type":"Military base","feature_code":"L.MILB","source_id":"geonames:7669238"},"geometry":{"type":"Point","coordinates":[-1.4005,51.46834]}},{"type":"Feature","properties":{"name":"Raglan Barracks (historical)","country":"United Kingdom","country_code":"GB","branch":"army","branch_label":"Army base","type":"Barracks","feature_code":"S.BRKS","source_id":"geonames:11983562"},"geometry":{"type":"Point","coordinates":[-4.17342,50.37171]}},{"type":"Feature","properties":{"name":"Royal Air Force Bassingbourne","country":"United Kingdom","country_code":"GB","branch":"air","branch_label":"Air base","type":"Air base","feature_code":"S.AIRB","source_id":"geonames:10104023"},"geometry":{"type":"Point","coordinates":[-0.05058,52.09557]}},{"type":"Feature","properties":{"name":"Royal Air Force Valley","country":"United Kingdom","country_code":"GB","branch":"air","branch_label":"Air base","type":"Air base","feature_code":"S.AIRB","source_id":"geonames:6296618"},"geometry":{"type":"Point","coordinates":[-4.53534,53.2481]}},{"type":"Feature","properties":{"name":"Royal Air Force Witchford","country":"United Kingdom","country_code":"GB","branch":"air","branch_label":"Air base","type":"Air base","feature_code":"S.AIRB","source_id":"geonames:10109507"},"geometry":{"type":"Point","coordinates":[0.22786,52.37881]}},{"type":"Feature","properties":{"name":"Royal Artillery Barracks","country":"United Kingdom","country_code":"GB","branch":"army","branch_label":"Army base","type":"Barracks","feature_code":"S.BRKS","source_id":"geonames:6619106"},"geometry":{"type":"Point","coordinates":[0.05995,51.48684]}},{"type":"Feature","properties":{"name":"Royal Marine Barracks (historical)","country":"United Kingdom","country_code":"GB","branch":"army","branch_label":"Army base","type":"Barracks","feature_code":"S.BRKS","source_id":"geonames:11983570"},"geometry":{"type":"Point","coordinates":[0.52441,51.38898]}},{"type":"Feature","properties":{"name":"Royal Navy Barracks (historical)","country":"United Kingdom","country_code":"GB","branch":"naval","branch_label":"Naval base","type":"Barracks","feature_code":"S.BRKS","source_id":"geonames:11983565"},"geometry":{"type":"Point","coordinates":[-4.18336,50.39085]}},{"type":"Feature","properties":{"name":"Royal Navy Barracks (historical)","country":"United Kingdom","country_code":"GB","branch":"naval","branch_label":"Naval base","type":"Barracks","feature_code":"S.BRKS","source_id":"geonames:11983571"},"geometry":{"type":"Point","coordinates":[-1.09667,50.80133]}},{"type":"Feature","properties":{"name":"St Athan Royal Air Force Base","country":"United Kingdom","country_code":"GB","branch":"air","branch_label":"Air base","type":"Air base","feature_code":"S.AIRB","source_id":"geonames:6296584"},"geometry":{"type":"Point","coordinates":[-3.43575,51.40481]}},{"type":"Feature","properties":{"name":"Upper Heyford Royal Air Force Base","country":"United Kingdom","country_code":"GB","branch":"air","branch_label":"Air base","type":"Air base","feature_code":"S.AIRB","source_id":"geonames:6296650"},"geometry":{"type":"Point","coordinates":[-1.25,51.93333]}},{"type":"Feature","properties":{"name":"Woodbridge Royal Air Force Base","country":"United Kingdom","country_code":"GB","branch":"air","branch_label":"Air base","type":"Air base","feature_code":"S.AIRB","source_id":"geonames:6296659"},"geometry":{"type":"Point","coordinates":[1.4035,52.08942]}},{"type":"Feature","properties":{"name":"Wyton Royal Air Force Base","country":"United Kingdom","country_code":"GB","branch":"air","branch_label":"Air base","type":"Air base","feature_code":"S.AIRB","source_id":"geonames:6296657"},"geometry":{"type":"Point","coordinates":[-0.10783,52.35717]}},{"type":"Feature","properties":{"name":"Air Force Flight Test Center","country":"United States","country_code":"US","branch":"air","branch_label":"Air base","type":"Air base","feature_code":"S.AIRB","source_id":"geonames:6355122"},"geometry":{"type":"Point","coordinates":[-115.8186,37.24041]}},{"type":"Feature","properties":{"name":"Albany Naval Air Station (historical)","country":"United States","country_code":"US","branch":"air","branch_label":"Air base","type":"Air base","feature_code":"S.AIRB","source_id":"geonames:4179334"},"geometry":{"type":"Point","coordinates":[-84.08917,31.59778]}},{"type":"Feature","properties":{"name":"Altus Air Force Base","country":"United States","country_code":"US","branch":"air","branch_label":"Air base","type":"Air base","feature_code":"S.AIRB","source_id":"geonames:4529293"},"geometry":{"type":"Point","coordinates":[-99.27425,34.66396]}},{"type":"Feature","properties":{"name":"Amchitka Air Force Base","country":"United States","country_code":"US","branch":"air","branch_label":"Air base","type":"Air base","feature_code":"S.AIRB","source_id":"geonames:8260721"},"geometry":{"type":"Point","coordinates":[179.25962,51.37767]}},{"type":"Feature","properties":{"name":"B52 Graveyard","country":"United States","country_code":"US","branch":"air","branch_label":"Air base","type":"Air base","feature_code":"S.AIRB","source_id":"geonames:6618032"},"geometry":{"type":"Point","coordinates":[-110.82965,32.15883]}},{"type":"Feature","properties":{"name":"Bakalar Air Force Base (historical)","country":"United States","country_code":"US","branch":"air","branch_label":"Air base","type":"Air base","feature_code":"S.AIRB","source_id":"geonames:8354413"},"geometry":{"type":"Point","coordinates":[-85.89798,39.2605]}},{"type":"Feature","properties":{"name":"Barksdale Air Force Base","country":"United States","country_code":"US","branch":"air","branch_label":"Air base","type":"Air base","feature_code":"S.AIRB","source_id":"geonames:11379094"},"geometry":{"type":"Point","coordinates":[-93.66762,32.49696]}},{"type":"Feature","properties":{"name":"Berkley Coast Guard Base (historical)","country":"United States","country_code":"US","branch":"naval","branch_label":"Naval base","type":"Coast guard station","feature_code":"S.STNC","source_id":"geonames:12129597"},"geometry":{"type":"Point","coordinates":[-76.2877,36.82423]}},{"type":"Feature","properties":{"name":"Berry Field Air National Guard Base","country":"United States","country_code":"US","branch":"air","branch_label":"Air base","type":"Air base","feature_code":"S.AIRB","source_id":"geonames:9036025"},"geometry":{"type":"Point","coordinates":[-86.67539,36.12629]}},{"type":"Feature","properties":{"name":"Biloxi, Keesler Air Force Base, Navu","country":"United States","country_code":"US","branch":"air","branch_label":"Air base","type":"Air base","feature_code":"S.AIRB","source_id":"geonames:6295716"},"geometry":{"type":"Point","coordinates":[-88.92188,30.41078]}},{"type":"Feature","properties":{"name":"Brooks Air Force Base","country":"United States","country_code":"US","branch":"air","branch_label":"Air base","type":"Air base","feature_code":"S.AIRB","source_id":"geonames:4676541"},"geometry":{"type":"Point","coordinates":[-98.43252,29.34662]}},{"type":"Feature","properties":{"name":"Burlington Air National Guard Base","country":"United States","country_code":"US","branch":"air","branch_label":"Air base","type":"Air base","feature_code":"S.AIRB","source_id":"geonames:9036536"},"geometry":{"type":"Point","coordinates":[-73.1447,44.47204]}},{"type":"Feature","properties":{"name":"CVN-65 USS Enterprise","country":"United States","country_code":"US","branch":"air","branch_label":"Air base","type":"Air base","feature_code":"S.AIRB","source_id":"geonames:6295672"},"geometry":{"type":"Point","coordinates":[-76.32953,36.95754]}},{"type":"Feature","properties":{"name":"CVN-71  USS Theodore Roosevelt","country":"United States","country_code":"US","branch":"air","branch_label":"Air base","type":"Air base","feature_code":"S.AIRB","source_id":"geonames:6295671"},"geometry":{"type":"Point","coordinates":[-76.32822,36.95904]}},{"type":"Feature","properties":{"name":"Cannon Air Force Base","country":"United States","country_code":"US","branch":"air","branch_label":"Air base","type":"Air base","feature_code":"S.AIRB","source_id":"geonames:6298034"},"geometry":{"type":"Point","coordinates":[-103.32071,34.392]}},{"type":"Feature","properties":{"name":"Cape Canaveral Air Force Station","country":"United States","country_code":"US","branch":"air","branch_label":"Air base","type":"Air base","feature_code":"S.AIRB","source_id":"geonames:6269438"},"geometry":{"type":"Point","coordinates":[-80.56686,28.46763]}},{"type":"Feature","properties":{"name":"Channel Islands Air National Guard Station","country":"United States","country_code":"US","branch":"air","branch_label":"Air base","type":"Air base","feature_code":"S.AIRB","source_id":"geonames:8531871"},"geometry":{"type":"Point","coordinates":[-119.11849,34.12118]}},{"type":"Feature","properties":{"name":"Charleston Air Force Base","country":"United States","country_code":"US","branch":"air","branch_label":"Air base","type":"Air base","feature_code":"S.AIRB","source_id":"geonames:6301615"},"geometry":{"type":"Point","coordinates":[-80.04596,32.89721]}},{"type":"Feature","properties":{"name":"Charleston Air National Guard Base","country":"United States","country_code":"US","branch":"air","branch_label":"Air base","type":"Air base","feature_code":"S.AIRB","source_id":"geonames:9036531"},"geometry":{"type":"Point","coordinates":[-81.59632,38.36929]}},{"type":"Feature","properties":{"name":"Charlotte Air National Guard Base","country":"United States","country_code":"US","branch":"air","branch_label":"Air base","type":"Air base","feature_code":"S.AIRB","source_id":"geonames:9036527"},"geometry":{"type":"Point","coordinates":[-80.93988,35.20993]}},{"type":"Feature","properties":{"name":"Coast Guard","country":"United States","country_code":"US","branch":"naval","branch_label":"Naval base","type":"Coast guard station","feature_code":"S.STNC","source_id":"geonames:6950849"},"geometry":{"type":"Point","coordinates":[-73.22387,44.48065]}},{"type":"Feature","properties":{"name":"Coast Guard Station San Diego","country":"United States","country_code":"US","branch":"naval","branch_label":"Naval base","type":"Coast guard station","feature_code":"S.STNC","source_id":"geonames:7267587"},"geometry":{"type":"Point","coordinates":[-117.18246,32.72701]}},{"type":"Feature","properties":{"name":"Columbus Air Force Base","country":"United States","country_code":"US","branch":"air","branch_label":"Air base","type":"Air base","feature_code":"S.AIRB","source_id":"geonames:6297932"},"geometry":{"type":"Point","coordinates":[-88.44383,33.64383]}},{"type":"Feature","properties":{"name":"Creech Air Force Base","country":"United States","country_code":"US","branch":"air","branch_label":"Air base","type":"Air base","feature_code":"S.AIRB","source_id":"geonames:6298456"},"geometry":{"type":"Point","coordinates":[-115.66667,36.58333]}},{"type":"Feature","properties":{"name":"Davis Monthan Air Force Base","country":"United States","country_code":"US","branch":"air","branch_label":"Air base","type":"Air base","feature_code":"S.AIRB","source_id":"geonames:8085384"},"geometry":{"type":"Point","coordinates":[-110.88067,32.16894]}},{"type":"Feature","properties":{"name":"Davison Army Airfield","country":"United States","country_code":"US","branch":"air","branch_label":"Air base","type":"Air base","feature_code":"S.AIRB","source_id":"geonames:8112898"},"geometry":{"type":"Point","coordinates":[-77.1809,38.71345]}},{"type":"Feature","properties":{"name":"Dobbins Air Reserve Base","country":"United States","country_code":"US","branch":"air","branch_label":"Air base","type":"Air base","feature_code":"S.AIRB","source_id":"geonames:6298634"},"geometry":{"type":"Point","coordinates":[-84.51632,33.91538]}},{"type":"Feature","properties":{"name":"Dyess Air Force Base","country":"United States","country_code":"US","branch":"air","branch_label":"Air base","type":"Air base","feature_code":"S.AIRB","source_id":"geonames:4687483"},"geometry":{"type":"Point","coordinates":[-99.85731,32.42013]}},{"type":"Feature","properties":{"name":"Edwards Air Force Auxiliary North Base","country":"United States","country_code":"US","branch":"air","branch_label":"Air base","type":"Air base","feature_code":"S.AIRB","source_id":"geonames:6297686"},"geometry":{"type":"Point","coordinates":[-117.85,34.98333]}},{"type":"Feature","properties":{"name":"Edwards Air Force Base","country":"United States","country_code":"US","branch":"air","branch_label":"Air base","type":"Air base","feature_code":"S.AIRB","source_id":"geonames:8096490"},"geometry":{"type":"Point","coordinates":[-117.89331,34.91537]}},{"type":"Feature","properties":{"name":"Eglin Air Force Base","country":"United States","country_code":"US","branch":"air","branch_label":"Air base","type":"Air base","feature_code":"S.AIRB","source_id":"geonames:6301745"},"geometry":{"type":"Point","coordinates":[-86.51896,30.47527]}},{"type":"Feature","properties":{"name":"Eielson Air Force Base","country":"United States","country_code":"US","branch":"air","branch_label":"Air base","type":"Air base","feature_code":"S.AIRB","source_id":"geonames:5861457"},"geometry":{"type":"Point","coordinates":[-147.09944,64.66444]}},{"type":"Feature","properties":{"name":"Ellsworth Air Force Base","country":"United States","country_code":"US","branch":"air","branch_label":"Air base","type":"Air base","feature_code":"S.AIRB","source_id":"geonames:6301703"},"geometry":{"type":"Point","coordinates":[-103.10357,44.14504]}},{"type":"Feature","properties":{"name":"Elmendorf Air Force Base","country":"United States","country_code":"US","branch":"air","branch_label":"Air base","type":"Air base","feature_code":"S.AIRB","source_id":"geonames:5861614"},"geometry":{"type":"Point","coordinates":[-149.79361,61.25306]}},{"type":"Feature","properties":{"name":"Fairchild Air Force Base","country":"United States","country_code":"US","branch":"air","branch_label":"Air base","type":"Air base","feature_code":"S.AIRB","source_id":"geonames:6301718"},"geometry":{"type":"Point","coordinates":[-117.65577,47.61506]}},{"type":"Feature","properties":{"name":"Falls Bay Seaplane Base","country":"United States","country_code":"US","branch":"air","branch_label":"Air base","type":"Air base","feature_code":"S.AIRB","source_id":"geonames:8643511"},"geometry":{"type":"Point","coordinates":[-147.99906,60.51768]}},{"type":"Feature","properties":{"name":"Francis E Warren Air Force Base","country":"United States","country_code":"US","branch":"air","branch_label":"Air base","type":"Air base","feature_code":"S.AIRB","source_id":"geonames:5825570"},"geometry":{"type":"Point","coordinates":[-104.86747,41.13304]}},{"type":"Feature","properties":{"name":"Goodfellow Air Force Base","country":"United States","country_code":"US","branch":"air","branch_label":"Air base","type":"Air base","feature_code":"S.AIRB","source_id":"geonames:7267786"},"geometry":{"type":"Point","coordinates":[-100.40208,31.43137]}},{"type":"Feature","properties":{"name":"Grand Forks Air Force Base","country":"United States","country_code":"US","branch":"air","branch_label":"Air base","type":"Air base","feature_code":"S.AIRB","source_id":"geonames:8481822"},"geometry":{"type":"Point","coordinates":[-97.3944,47.9497]}},{"type":"Feature","properties":{"name":"Great Falls Air National Guard Base","country":"United States","country_code":"US","branch":"air","branch_label":"Air base","type":"Air base","feature_code":"S.AIRB","source_id":"geonames:9036528"},"geometry":{"type":"Point","coordinates":[-111.3654,47.47725]}},{"type":"Feature","properties":{"name":"Griffiss Air Force Base","country":"United States","country_code":"US","branch":"air","branch_label":"Air base","type":"Air base","feature_code":"S.AIRB","source_id":"geonames:5119476"},"geometry":{"type":"Point","coordinates":[-75.40656,43.23396]}},{"type":"Feature","properties":{"name":"Griffiss International Airport","country":"United States","country_code":"US","branch":"air","branch_label":"Air base","type":"Air base","feature_code":"S.AIRB","source_id":"geonames:6298988"},"geometry":{"type":"Point","coordinates":[-75.4,43.23333]}},{"type":"Feature","properties":{"name":"Hill Air Force Base","country":"United States","country_code":"US","branch":"air","branch_label":"Air base","type":"Air base","feature_code":"S.AIRB","source_id":"geonames:9669830"},"geometry":{"type":"Point","coordinates":[-111.973,41.12355]}},{"type":"Feature","properties":{"name":"Holloman Air Force Base","country":"United States","country_code":"US","branch":"air","branch_label":"Air base","type":"Air base","feature_code":"S.AIRB","source_id":"geonames:6301607"},"geometry":{"type":"Point","coordinates":[-106.10653,32.85252]}},{"type":"Feature","properties":{"name":"Homestead Air Force Base","country":"United States","country_code":"US","branch":"air","branch_label":"Air base","type":"Air base","feature_code":"S.AIRB","source_id":"geonames:6298400"},"geometry":{"type":"Point","coordinates":[-80.38357,25.48855]}},{"type":"Feature","properties":{"name":"Hurlburt Field","country":"United States","country_code":"US","branch":"air","branch_label":"Air base","type":"Air base","feature_code":"S.AIRB","source_id":"geonames:4159426"},"geometry":{"type":"Point","coordinates":[-86.68878,30.42603]}},{"type":"Feature","properties":{"name":"Joint Base Andrews","country":"United States","country_code":"US","branch":"air","branch_label":"Air base","type":"Air base","feature_code":"S.AIRB","source_id":"geonames:8260366"},"geometry":{"type":"Point","coordinates":[-76.87215,38.80366]}},{"type":"Feature","properties":{"name":"Joint Base Langley–Eustis","country":"United States","country_code":"US","branch":"air","branch_label":"Air base","type":"Air base","feature_code":"S.AIRB","source_id":"geonames:6298538"},"geometry":{"type":"Point","coordinates":[-76.36055,37.08288]}},{"type":"Feature","properties":{"name":"Kellogg Air National Guard Base","country":"United States","country_code":"US","branch":"air","branch_label":"Air base","type":"Air base","feature_code":"S.AIRB","source_id":"geonames:9036537"},"geometry":{"type":"Point","coordinates":[-85.25708,42.30029]}},{"type":"Feature","properties":{"name":"Kelly Field Annex","country":"United States","country_code":"US","branch":"air","branch_label":"Air base","type":"Air base","feature_code":"S.AIRB","source_id":"geonames:7910273"},"geometry":{"type":"Point","coordinates":[-98.58649,29.38003]}},{"type":"Feature","properties":{"name":"Key Field Air National Guard Base","country":"United States","country_code":"US","branch":"air","branch_label":"Air base","type":"Air base","feature_code":"S.AIRB","source_id":"geonames:9036027"},"geometry":{"type":"Point","coordinates":[-88.74739,32.33108]}},{"type":"Feature","properties":{"name":"Kingsley Field Air National Guard Base","country":"United States","country_code":"US","branch":"air","branch_label":"Air base","type":"Air base","feature_code":"S.AIRB","source_id":"geonames:9036530"},"geometry":{"type":"Point","coordinates":[-121.74092,42.15679]}},{"type":"Feature","properties":{"name":"Kirtland Air Force Base","country":"United States","country_code":"US","branch":"air","branch_label":"Air base","type":"Air base","feature_code":"S.AIRB","source_id":"geonames:8335132"},"geometry":{"type":"Point","coordinates":[-106.61262,35.03761]}},{"type":"Feature","properties":{"name":"Kirtland, Kirtland Air Force Base Auxiliary Field","country":"United States","country_code":"US","branch":"air","branch_label":"Air base","type":"Air base","feature_code":"S.AIRB","source_id":"geonames:6301616"},"geometry":{"type":"Point","coordinates":[-106.56667,34.95]}},{"type":"Feature","properties":{"name":"Klipsan Beach Life Saving Station","country":"United States","country_code":"US","branch":"naval","branch_label":"Naval base","type":"Coast guard station","feature_code":"S.STNC","source_id":"geonames:12022337"},"geometry":{"type":"Point","coordinates":[-124.05322,46.46469]}},{"type":"Feature","properties":{"name":"Las Vegas, Tonopah Range #74 Nellis AFB","country":"United States","country_code":"US","branch":"air","branch_label":"Air base","type":"Air base","feature_code":"S.AIRB","source_id":"geonames:6297855"},"geometry":{"type":"Point","coordinates":[-116.26417,37.61667]}},{"type":"Feature","properties":{"name":"Laughlin Air Force Base","country":"United States","country_code":"US","branch":"air","branch_label":"Air base","type":"Air base","feature_code":"S.AIRB","source_id":"geonames:5524931"},"geometry":{"type":"Point","coordinates":[-100.77787,29.35995]}},{"type":"Feature","properties":{"name":"Lawson Army Airfield","country":"United States","country_code":"US","branch":"air","branch_label":"Air base","type":"Air base","feature_code":"S.AIRB","source_id":"geonames:6298577"},"geometry":{"type":"Point","coordinates":[-84.99128,32.33732]}},{"type":"Feature","properties":{"name":"Luke Air Force Base","country":"United States","country_code":"US","branch":"air","branch_label":"Air base","type":"Air base","feature_code":"S.AIRB","source_id":"geonames:9670586"},"geometry":{"type":"Point","coordinates":[-112.37908,33.53339]}},{"type":"Feature","properties":{"name":"Malmstrom Air Force Base","country":"United States","country_code":"US","branch":"air","branch_label":"Air base","type":"Air base","feature_code":"S.AIRB","source_id":"geonames:5664469"},"geometry":{"type":"Point","coordinates":[-111.18859,47.50468]}},{"type":"Feature","properties":{"name":"March Air Reserve Base","country":"United States","country_code":"US","branch":"air","branch_label":"Air base","type":"Air base","feature_code":"S.AIRB","source_id":"geonames:7267542"},"geometry":{"type":"Point","coordinates":[-117.26081,33.89267]}},{"type":"Feature","properties":{"name":"Marine Barracks (historical)","country":"United States","country_code":"US","branch":"army","branch_label":"Army base","type":"Barracks","feature_code":"S.BRKS","source_id":"geonames:12035662"},"geometry":{"type":"Point","coordinates":[-73.97214,40.6989]}},{"type":"Feature","properties":{"name":"Marine Corps Air Station Beaufort","country":"United States","country_code":"US","branch":"air","branch_label":"Air base","type":"Air base","feature_code":"S.AIRB","source_id":"geonames:6298743"},"geometry":{"type":"Point","coordinates":[-80.72316,32.47741]}},{"type":"Feature","properties":{"name":"McChord Field Airport (Joint Base Lewis-McChord)","country":"United States","country_code":"US","branch":"air","branch_label":"Air base","type":"Air base","feature_code":"S.AIRB","source_id":"geonames:7702013"},"geometry":{"type":"Point","coordinates":[-122.48175,47.13744]}},{"type":"Feature","properties":{"name":"McEntire Air National Guard Weather Facility Base","country":"United States","country_code":"US","branch":"air","branch_label":"Air base","type":"Air base","feature_code":"S.AIRB","source_id":"geonames:6298676"},"geometry":{"type":"Point","coordinates":[-80.8,33.91667]}},{"type":"Feature","properties":{"name":"McGhee Tyson Air National Guard Base","country":"United States","country_code":"US","branch":"air","branch_label":"Air base","type":"Air base","feature_code":"S.AIRB","source_id":"geonames:8347314"},"geometry":{"type":"Point","coordinates":[-84.00477,35.80901]}},{"type":"Feature","properties":{"name":"McGuire Air Force Base","country":"United States","country_code":"US","branch":"air","branch_label":"Air base","type":"Air base","feature_code":"S.AIRB","source_id":"geonames:5100995"},"geometry":{"type":"Point","coordinates":[-74.59293,40.01567]}},{"type":"Feature","properties":{"name":"Memphis Air National Guard Base","country":"United States","country_code":"US","branch":"air","branch_label":"Air base","type":"Air base","feature_code":"S.AIRB","source_id":"geonames:9036532"},"geometry":{"type":"Point","coordinates":[-89.98249,35.03861]}},{"type":"Feature","properties":{"name":"Military Ocean Terminal Sunny Point","country":"United States","country_code":"US","branch":"other","branch_label":"Other / unknown","type":"Military base","feature_code":"L.MILB","source_id":"geonames:6269561"},"geometry":{"type":"Point","coordinates":[-77.96268,33.9939]}},{"type":"Feature","properties":{"name":"Minot Air Force Base","country":"United States","country_code":"US","branch":"air","branch_label":"Air base","type":"Air base","feature_code":"S.AIRB","source_id":"geonames:6298648"},"geometry":{"type":"Point","coordinates":[-101.35766,48.41557]}},{"type":"Feature","properties":{"name":"Moody Air Force Base","country":"United States","country_code":"US","branch":"air","branch_label":"Air base","type":"Air base","feature_code":"S.AIRB","source_id":"geonames:6299233"},"geometry":{"type":"Point","coordinates":[-83.19306,30.96862]}},{"type":"Feature","properties":{"name":"Mountain Home Air Force Base","country":"United States","country_code":"US","branch":"air","branch_label":"Air base","type":"Air base","feature_code":"S.AIRB","source_id":"geonames:7261929"},"geometry":{"type":"Point","coordinates":[-115.86561,43.04963]}},{"type":"Feature","properties":{"name":"Muir Army Airfield","country":"United States","country_code":"US","branch":"air","branch_label":"Air base","type":"Air base","feature_code":"S.AIRB","source_id":"geonames:6298716"},"geometry":{"type":"Point","coordinates":[-76.56941,40.43481]}},{"type":"Feature","properties":{"name":"Naval Air Station Fallon","country":"United States","country_code":"US","branch":"air","branch_label":"Air base","type":"Air base","feature_code":"S.AIRB","source_id":"geonames:8081501"},"geometry":{"type":"Point","coordinates":[-118.70295,39.41816]}},{"type":"Feature","properties":{"name":"Naval Air Station Glenview (historical)","country":"United States","country_code":"US","branch":"air","branch_label":"Air base","type":"Air base","feature_code":"S.AIRB","source_id":"geonames:4893891"},"geometry":{"type":"Point","coordinates":[-87.8225,42.09056]}},{"type":"Feature","properties":{"name":"Naval Air Station Joint Reserve Base Fort Worth","country":"United States","country_code":"US","branch":"air","branch_label":"Air base","type":"Air base","feature_code":"S.AIRB","source_id":"geonames:6301663"},"geometry":{"type":"Point","coordinates":[-97.43333,32.76583]}},{"type":"Feature","properties":{"name":"Naval Air Station Key West","country":"United States","country_code":"US","branch":"air","branch_label":"Air base","type":"Air base","feature_code":"S.AIRB","source_id":"geonames:6301671"},"geometry":{"type":"Point","coordinates":[-81.68889,24.57583]}},{"type":"Feature","properties":{"name":"Naval Air Station Meridian / Mc Cain Field","country":"United States","country_code":"US","branch":"air","branch_label":"Air base","type":"Air base","feature_code":"S.AIRB","source_id":"geonames:8113374"},"geometry":{"type":"Point","coordinates":[-88.55719,32.55483]}},{"type":"Feature","properties":{"name":"Naval Construction Battalion Center Port Hueneme","country":"United States","country_code":"US","branch":"naval","branch_label":"Naval base","type":"Military base","feature_code":"L.MILB","source_id":"geonames:11838959"},"geometry":{"type":"Point","coordinates":[-119.20943,34.15527]}},{"type":"Feature","properties":{"name":"Naval Outlying Landing Field Joe Williams","country":"United States","country_code":"US","branch":"air","branch_label":"Air base","type":"Air base","feature_code":"S.AIRB","source_id":"geonames:4419329"},"geometry":{"type":"Point","coordinates":[-88.82783,32.79263]}},{"type":"Feature","properties":{"name":"Nellis Air Force Base","country":"United States","country_code":"US","branch":"air","branch_label":"Air base","type":"Air base","feature_code":"S.AIRB","source_id":"geonames:8479536"},"geometry":{"type":"Point","coordinates":[-115.03309,36.23692]}},{"type":"Feature","properties":{"name":"Northeast Cape Air Force Station (historical)","country":"United States","country_code":"US","branch":"air","branch_label":"Air base","type":"Air base","feature_code":"S.AIRB","source_id":"geonames:7266854"},"geometry":{"type":"Point","coordinates":[-168.97194,63.29028]}},{"type":"Feature","properties":{"name":"Offutt Air Force Base","country":"United States","country_code":"US","branch":"air","branch_label":"Air base","type":"Air base","feature_code":"S.AIRB","source_id":"geonames:5074379"},"geometry":{"type":"Point","coordinates":[-95.91279,41.11805]}},{"type":"Feature","properties":{"name":"Paine Air Force Base","country":"United States","country_code":"US","branch":"air","branch_label":"Air base","type":"Air base","feature_code":"S.AIRB","source_id":"geonames:5787705"},"geometry":{"type":"Point","coordinates":[-122.2835,47.91278]}},{"type":"Feature","properties":{"name":"Patrick Air Force Base","country":"United States","country_code":"US","branch":"air","branch_label":"Air base","type":"Air base","feature_code":"S.AIRB","source_id":"geonames:7267253"},"geometry":{"type":"Point","coordinates":[-80.6079,28.23809]}},{"type":"Feature","properties":{"name":"Pease Air National Guard Base","country":"United States","country_code":"US","branch":"air","branch_label":"Air base","type":"Air base","feature_code":"S.AIRB","source_id":"geonames:9036039"},"geometry":{"type":"Point","coordinates":[-70.81736,43.07891]}},{"type":"Feature","properties":{"name":"Peoria Air National Guard Base","country":"United States","country_code":"US","branch":"air","branch_label":"Air base","type":"Air base","feature_code":"S.AIRB","source_id":"geonames:9036529"},"geometry":{"type":"Point","coordinates":[-89.69195,40.6602]}},{"type":"Feature","properties":{"name":"Peterson Air Force Base","country":"United States","country_code":"US","branch":"air","branch_label":"Air base","type":"Air base","feature_code":"S.AIRB","source_id":"geonames:6301689"},"geometry":{"type":"Point","coordinates":[-104.73333,38.81667]}},{"type":"Feature","properties":{"name":"Pope Field","country":"United States","country_code":"US","branch":"air","branch_label":"Air base","type":"Air base","feature_code":"S.AIRB","source_id":"geonames:6301695"},"geometry":{"type":"Point","coordinates":[-79.01447,35.17088]}},{"type":"Feature","properties":{"name":"Randolph Air Force Base","country":"United States","country_code":"US","branch":"air","branch_label":"Air base","type":"Air base","feature_code":"S.AIRB","source_id":"geonames:4721483"},"geometry":{"type":"Point","coordinates":[-98.27918,29.52967]}},{"type":"Feature","properties":{"name":"Reese Air Force Base / Lubbock","country":"United States","country_code":"US","branch":"air","branch_label":"Air base","type":"Air base","feature_code":"S.AIRB","source_id":"geonames:6298974"},"geometry":{"type":"Point","coordinates":[-102.05,33.6]}},{"type":"Feature","properties":{"name":"Reese Airpark","country":"United States","country_code":"US","branch":"air","branch_label":"Air base","type":"Air base","feature_code":"S.AIRB","source_id":"geonames:13192295"},"geometry":{"type":"Point","coordinates":[-102.04657,33.59425]}},{"type":"Feature","properties":{"name":"Robins Air Force Base","country":"United States","country_code":"US","branch":"air","branch_label":"Air base","type":"Air base","feature_code":"S.AIRB","source_id":"geonames:6301753"},"geometry":{"type":"Point","coordinates":[-83.59185,32.64014]}},{"type":"Feature","properties":{"name":"Salt Lake City Air National Guard Base","country":"United States","country_code":"US","branch":"air","branch_label":"Air base","type":"Air base","feature_code":"S.AIRB","source_id":"geonames:9036535"},"geometry":{"type":"Point","coordinates":[-111.97188,40.78278]}},{"type":"Feature","properties":{"name":"San Diego Barracks (historical)","country":"United States","country_code":"US","branch":"army","branch_label":"Army base","type":"Barracks","feature_code":"S.BRKS","source_id":"geonames:12205065"},"geometry":{"type":"Point","coordinates":[-117.17,32.71166]}},{"type":"Feature","properties":{"name":"San Diego Lifeguard Service","country":"United States","country_code":"US","branch":"naval","branch_label":"Naval base","type":"Coast guard station","feature_code":"S.STNC","source_id":"geonames:12182058"},"geometry":{"type":"Point","coordinates":[-117.24134,32.76173]}},{"type":"Feature","properties":{"name":"Seymour-Johnson Air Force Base","country":"United States","country_code":"US","branch":"air","branch_label":"Air base","type":"Air base","feature_code":"S.AIRB","source_id":"geonames:6298319"},"geometry":{"type":"Point","coordinates":[-77.96059,35.33938]}},{"type":"Feature","properties":{"name":"Shaw Air Force Base","country":"United States","country_code":"US","branch":"air","branch_label":"Air base","type":"Air base","feature_code":"S.AIRB","source_id":"geonames:6301721"},"geometry":{"type":"Point","coordinates":[-80.47056,33.97272]}},{"type":"Feature","properties":{"name":"Shepherd Field Air National Guard Base","country":"United States","country_code":"US","branch":"air","branch_label":"Air base","type":"Air base","feature_code":"S.AIRB","source_id":"geonames:9036533"},"geometry":{"type":"Point","coordinates":[-77.98276,39.3985]}},{"type":"Feature","properties":{"name":"Sheppard Air Force Base","country":"United States","country_code":"US","branch":"air","branch_label":"Air base","type":"Air base","feature_code":"S.AIRB","source_id":"geonames:6299077"},"geometry":{"type":"Point","coordinates":[-98.48333,33.96667]}},{"type":"Feature","properties":{"name":"Sky Harbor Air National Guard Base","country":"United States","country_code":"US","branch":"air","branch_label":"Air base","type":"Air base","feature_code":"S.AIRB","source_id":"geonames:9036043"},"geometry":{"type":"Point","coordinates":[-112.0024,33.43369]}},{"type":"Feature","properties":{"name":"Travis Air Force Base","country":"United States","country_code":"US","branch":"air","branch_label":"Air base","type":"Air base","feature_code":"S.AIRB","source_id":"geonames:9670584"},"geometry":{"type":"Point","coordinates":[-121.94133,38.26074]}},{"type":"Feature","properties":{"name":"Tyndall Air Force Base","country":"United States","country_code":"US","branch":"air","branch_label":"Air base","type":"Air base","feature_code":"S.AIRB","source_id":"geonames:6298868"},"geometry":{"type":"Point","coordinates":[-85.57542,30.06957]}},{"type":"Feature","properties":{"name":"US Coast Guard Base 21 (historical)","country":"United States","country_code":"US","branch":"naval","branch_label":"Naval base","type":"Coast guard station","feature_code":"S.STNC","source_id":"geonames:11524119"},"geometry":{"type":"Point","coordinates":[-82.63004,27.76242]}},{"type":"Feature","properties":{"name":"US Coast Guard Station Nome (historical)","country":"United States","country_code":"US","branch":"naval","branch_label":"Naval base","type":"Coast guard station","feature_code":"S.STNC","source_id":"geonames:11746275"},"geometry":{"type":"Point","coordinates":[-165.41996,64.5003]}},{"type":"Feature","properties":{"name":"Vance Air Force Base","country":"United States","country_code":"US","branch":"air","branch_label":"Air base","type":"Air base","feature_code":"S.AIRB","source_id":"geonames:4554366"},"geometry":{"type":"Point","coordinates":[-97.91645,36.33976]}},{"type":"Feature","properties":{"name":"Vandenberg Air Force Base","country":"United States","country_code":"US","branch":"air","branch_label":"Air base","type":"Air base","feature_code":"S.AIRB","source_id":"geonames:6301743"},"geometry":{"type":"Point","coordinates":[-120.58431,34.73733]}},{"type":"Feature","properties":{"name":"Warfield Air National Guard Base","country":"United States","country_code":"US","branch":"air","branch_label":"Air base","type":"Air base","feature_code":"S.AIRB","source_id":"geonames:9036028"},"geometry":{"type":"Point","coordinates":[-76.40987,39.31905]}},{"type":"Feature","properties":{"name":"Warren Air Force Base","country":"United States","country_code":"US","branch":"air","branch_label":"Air base","type":"Air base","feature_code":"S.AIRB","source_id":"geonames:7262480"},"geometry":{"type":"Point","coordinates":[-104.86216,41.14927]}},{"type":"Feature","properties":{"name":"Wheeler-Sack Army Airfield","country":"United States","country_code":"US","branch":"air","branch_label":"Air base","type":"Air base","feature_code":"S.AIRB","source_id":"geonames:6298323"},"geometry":{"type":"Point","coordinates":[-75.71946,44.05562]}},{"type":"Feature","properties":{"name":"Whiteman Air Force Base","country":"United States","country_code":"US","branch":"air","branch_label":"Air base","type":"Air base","feature_code":"S.AIRB","source_id":"geonames:6299142"},"geometry":{"type":"Point","coordinates":[-93.54786,38.73031]}},{"type":"Feature","properties":{"name":"USAF Stopover Airbase","country":"United States Minor Outlying Islands","country_code":"UM","branch":"air","branch_label":"Air base","type":"Air base","feature_code":"S.AIRB","source_id":"geonames:7576608"},"geometry":{"type":"Point","coordinates":[166.604,19.309]}},{"type":"Feature","properties":{"name":"Wake Island USAF Airfield","country":"United States Minor Outlying Islands","country_code":"UM","branch":"air","branch_label":"Air base","type":"Air base","feature_code":"S.AIRB","source_id":"geonames:7576614"},"geometry":{"type":"Point","coordinates":[166.63947,19.28186]}},{"type":"Feature","properties":{"name":"Boiso Lanza","country":"Uruguay","country_code":"UY","branch":"air","branch_label":"Air base","type":"Air base","feature_code":"S.AIRB","source_id":"geonames:3443386"},"geometry":{"type":"Point","coordinates":[-56.16432,-34.81151]}},{"type":"Feature","properties":{"name":"Brigada Nomer Shestnadtsat’","country":"Uzbekistan","country_code":"UZ","branch":"army","branch_label":"Army base","type":"Barracks","feature_code":"S.BRKS","source_id":"geonames:8058880"},"geometry":{"type":"Point","coordinates":[67.26448,37.26795]}},{"type":"Feature","properties":{"name":"Chirchik","country":"Uzbekistan","country_code":"UZ","branch":"air","branch_label":"Air base","type":"Air base","feature_code":"S.AIRB","source_id":"geonames:11457194"},"geometry":{"type":"Point","coordinates":[69.5754,41.51695]}},{"type":"Feature","properties":{"name":"Pakhtakor","country":"Uzbekistan","country_code":"UZ","branch":"air","branch_label":"Air base","type":"Air base","feature_code":"S.AIRB","source_id":"geonames:11457205"},"geometry":{"type":"Point","coordinates":[67.91069,40.25245]}},{"type":"Feature","properties":{"name":"Antiguo Museo Historico Militar","country":"Venezuela","country_code":"VE","branch":"other","branch_label":"Other / unknown","type":"Military base","feature_code":"L.MILB","source_id":"geonames:6690201"},"geometry":{"type":"Point","coordinates":[-66.92688,10.50726]}},{"type":"Feature","properties":{"name":"Base Naval Agustín Armario","country":"Venezuela","country_code":"VE","branch":"naval","branch_label":"Naval base","type":"Naval base","feature_code":"L.NVB","source_id":"geonames:12067299"},"geometry":{"type":"Point","coordinates":[-68.0067,10.48954]}},{"type":"Feature","properties":{"name":"Cuartel Libertador","country":"Venezuela","country_code":"VE","branch":"army","branch_label":"Army base","type":"Barracks","feature_code":"S.BRKS","source_id":"geonames:8244404"},"geometry":{"type":"Point","coordinates":[-71.63564,10.6689]}},{"type":"Feature","properties":{"name":"Cuartel Zaraza","country":"Venezuela","country_code":"VE","branch":"army","branch_label":"Army base","type":"Barracks","feature_code":"S.BRKS","source_id":"geonames:3625065"},"geometry":{"type":"Point","coordinates":[-67.3621,9.93223]}},{"type":"Feature","properties":{"name":"El Libertador AB","country":"Venezuela","country_code":"VE","branch":"air","branch_label":"Air base","type":"Air base","feature_code":"S.AIRB","source_id":"geonames:3642850"},"geometry":{"type":"Point","coordinates":[-67.55806,10.18245]}},{"type":"Feature","properties":{"name":"Phan Rang Air Base","country":"Vietnam","country_code":"VN","branch":"air","branch_label":"Air base","type":"Air base","feature_code":"S.AIRB","source_id":"geonames:7731396"},"geometry":{"type":"Point","coordinates":[108.952,11.6335]}},{"type":"Feature","properties":{"name":"Al Anad Air Base","country":"Yemen","country_code":"YE","branch":"air","branch_label":"Air base","type":"Air base","feature_code":"S.AIRB","source_id":"geonames:11749484"},"geometry":{"type":"Point","coordinates":[44.7607,13.17548]}},{"type":"Feature","properties":{"name":"Al ‘Urdi","country":"Yemen","country_code":"YE","branch":"army","branch_label":"Army base","type":"Barracks","feature_code":"S.BRKS","source_id":"geonames:78519"},"geometry":{"type":"Point","coordinates":[44.21309,15.34951]}},{"type":"Feature","properties":{"name":"Manyame Air Base","country":"Zimbabwe","country_code":"ZW","branch":"air","branch_label":"Air base","type":"Air base","feature_code":"S.AIRB","source_id":"geonames:1106458"},"geometry":{"type":"Point","coordinates":[31.10361,-17.93111]}},{"type":"Feature","properties":{"name":"Pomona Barracks","country":"Zimbabwe","country_code":"ZW","branch":"army","branch_label":"Army base","type":"Barracks","feature_code":"S.BRKS","source_id":"geonames:1106440"},"geometry":{"type":"Point","coordinates":[31.06889,-17.73417]}}]}