source,era,region,rows,field_id,coverage_kind,covered_rows,missing_rows,coverage_pct
majestic,1945_1959,africa,133,coordinate_evidence,normalized_field_present,133,0,100.000000
majestic,1945_1959,africa,133,source_coordinates,qualified_value,129,4,96.992481
majestic,1945_1959,africa,133,coordinate_precision,normalized_field_present,133,0,100.000000
majestic,1945_1959,africa,133,coordinate_pile_review_state,normalized_field_present,0,133,0.000000
majestic,1945_1959,africa,133,occurrence_date_role,raw_field_present,133,0,100.000000
majestic,1945_1959,africa,133,exact_date,qualified_value,122,11,91.729323
majestic,1945_1959,africa,133,time_of_day_raw,raw_field_present,116,17,87.218045
majestic,1945_1959,africa,133,time_of_day_normalized,qualified_value,102,31,76.691729
majestic,1945_1959,africa,133,reported_date_role,raw_field_present,0,133,0.000000
majestic,1945_1959,africa,133,reporting_delay_estimable,qualified_value,0,133,0.000000
majestic,1945_1959,africa,133,craft_normalized,normalized_field_present,132,1,99.248120
majestic,1945_1959,africa,133,craft_confidence,qualified_value,117,16,87.969925
majestic,1945_1959,africa,133,craft_classification_source,normalized_field_present,132,1,99.248120
majestic,1945_1959,africa,133,same_day_suitability,qualified_value,115,18,86.466165
majestic,1945_1959,africa,133,duplicate_lineage,normalized_field_present,133,0,100.000000
majestic,1945_1959,africa,133,publisher_lineage,normalized_field_present,133,0,100.000000
majestic,1945_1959,africa,133,independent_source_identity,normalized_field_present,133,0,100.000000
majestic,1945_1959,africa,133,country_assignment,derived_field_present,133,0,100.000000
majestic,1945_1959,africa,133,administrative_region,normalized_field_present,0,133,0.000000
majestic,1945_1959,africa,133,boundary_assignment_provenance,derived_field_present,133,0,100.000000
majestic,1945_1959,africa,133,duration_raw,raw_field_present,129,4,96.992481
majestic,1945_1959,africa,133,witness_count_raw,raw_explicit_value,0,133,0.000000
majestic,1945_1959,africa,133,sound_raw,raw_explicit_value,0,133,0.000000
majestic,1945_1959,africa,133,color_raw,raw_explicit_value,0,133,0.000000
majestic,1945_1959,africa,133,light_positive_mention,raw_positive_mention,0,133,0.000000
majestic,1945_1959,africa,133,behavior_raw,raw_explicit_value,0,133,0.000000
majestic,1945_1959,africa,133,evidence_raw,raw_explicit_value,0,133,0.000000
majestic,1945_1959,antarctica,1,coordinate_evidence,normalized_field_present,1,0,100.000000
majestic,1945_1959,antarctica,1,source_coordinates,qualified_value,1,0,100.000000
majestic,1945_1959,antarctica,1,coordinate_precision,normalized_field_present,1,0,100.000000
majestic,1945_1959,antarctica,1,coordinate_pile_review_state,normalized_field_present,0,1,0.000000
majestic,1945_1959,antarctica,1,occurrence_date_role,raw_field_present,1,0,100.000000
majestic,1945_1959,antarctica,1,exact_date,qualified_value,1,0,100.000000
majestic,1945_1959,antarctica,1,time_of_day_raw,raw_field_present,0,1,0.000000
majestic,1945_1959,antarctica,1,time_of_day_normalized,qualified_value,0,1,0.000000
majestic,1945_1959,antarctica,1,reported_date_role,raw_field_present,0,1,0.000000
majestic,1945_1959,antarctica,1,reporting_delay_estimable,qualified_value,0,1,0.000000
majestic,1945_1959,antarctica,1,craft_normalized,normalized_field_present,1,0,100.000000
majestic,1945_1959,antarctica,1,craft_confidence,qualified_value,1,0,100.000000
majestic,1945_1959,antarctica,1,craft_classification_source,normalized_field_present,1,0,100.000000
majestic,1945_1959,antarctica,1,same_day_suitability,qualified_value,1,0,100.000000
majestic,1945_1959,antarctica,1,duplicate_lineage,normalized_field_present,1,0,100.000000
majestic,1945_1959,antarctica,1,publisher_lineage,normalized_field_present,1,0,100.000000
majestic,1945_1959,antarctica,1,independent_source_identity,normalized_field_present,1,0,100.000000
majestic,1945_1959,antarctica,1,country_assignment,derived_field_present,1,0,100.000000
majestic,1945_1959,antarctica,1,administrative_region,normalized_field_present,0,1,0.000000
majestic,1945_1959,antarctica,1,boundary_assignment_provenance,derived_field_present,1,0,100.000000
majestic,1945_1959,antarctica,1,duration_raw,raw_field_present,1,0,100.000000
majestic,1945_1959,antarctica,1,witness_count_raw,raw_explicit_value,0,1,0.000000
majestic,1945_1959,antarctica,1,sound_raw,raw_explicit_value,0,1,0.000000
majestic,1945_1959,antarctica,1,color_raw,raw_explicit_value,0,1,0.000000
majestic,1945_1959,antarctica,1,light_positive_mention,raw_positive_mention,0,1,0.000000
majestic,1945_1959,antarctica,1,behavior_raw,raw_explicit_value,0,1,0.000000
majestic,1945_1959,antarctica,1,evidence_raw,raw_explicit_value,0,1,0.000000
majestic,1945_1959,asia,208,coordinate_evidence,normalized_field_present,208,0,100.000000
majestic,1945_1959,asia,208,source_coordinates,qualified_value,191,17,91.826923
majestic,1945_1959,asia,208,coordinate_precision,normalized_field_present,208,0,100.000000
majestic,1945_1959,asia,208,coordinate_pile_review_state,normalized_field_present,0,208,0.000000
majestic,1945_1959,asia,208,occurrence_date_role,raw_field_present,208,0,100.000000
majestic,1945_1959,asia,208,exact_date,qualified_value,200,8,96.153846
majestic,1945_1959,asia,208,time_of_day_raw,raw_field_present,127,81,61.057692
majestic,1945_1959,asia,208,time_of_day_normalized,qualified_value,111,97,53.365385
majestic,1945_1959,asia,208,reported_date_role,raw_field_present,0,208,0.000000
majestic,1945_1959,asia,208,reporting_delay_estimable,qualified_value,0,208,0.000000
majestic,1945_1959,asia,208,craft_normalized,normalized_field_present,149,59,71.634615
majestic,1945_1959,asia,208,craft_confidence,qualified_value,131,77,62.980769
majestic,1945_1959,asia,208,craft_classification_source,normalized_field_present,149,59,71.634615
majestic,1945_1959,asia,208,same_day_suitability,qualified_value,128,80,61.538462
majestic,1945_1959,asia,208,duplicate_lineage,normalized_field_present,208,0,100.000000
majestic,1945_1959,asia,208,publisher_lineage,normalized_field_present,208,0,100.000000
majestic,1945_1959,asia,208,independent_source_identity,normalized_field_present,208,0,100.000000
majestic,1945_1959,asia,208,country_assignment,derived_field_present,208,0,100.000000
majestic,1945_1959,asia,208,administrative_region,normalized_field_present,0,208,0.000000
majestic,1945_1959,asia,208,boundary_assignment_provenance,derived_field_present,208,0,100.000000
majestic,1945_1959,asia,208,duration_raw,raw_field_present,140,68,67.307692
majestic,1945_1959,asia,208,witness_count_raw,raw_explicit_value,0,208,0.000000
majestic,1945_1959,asia,208,sound_raw,raw_explicit_value,0,208,0.000000
majestic,1945_1959,asia,208,color_raw,raw_explicit_value,0,208,0.000000
majestic,1945_1959,asia,208,light_positive_mention,raw_positive_mention,0,208,0.000000
majestic,1945_1959,asia,208,behavior_raw,raw_explicit_value,0,208,0.000000
majestic,1945_1959,asia,208,evidence_raw,raw_explicit_value,0,208,0.000000
majestic,1945_1959,europe,1232,coordinate_evidence,normalized_field_present,1232,0,100.000000
majestic,1945_1959,europe,1232,source_coordinates,qualified_value,1105,127,89.691558
majestic,1945_1959,europe,1232,coordinate_precision,normalized_field_present,1232,0,100.000000
majestic,1945_1959,europe,1232,coordinate_pile_review_state,normalized_field_present,0,1232,0.000000
majestic,1945_1959,europe,1232,occurrence_date_role,raw_field_present,1232,0,100.000000
majestic,1945_1959,europe,1232,exact_date,qualified_value,1103,129,89.529221
majestic,1945_1959,europe,1232,time_of_day_raw,raw_field_present,956,276,77.597403
majestic,1945_1959,europe,1232,time_of_day_normalized,qualified_value,782,450,63.474026
majestic,1945_1959,europe,1232,reported_date_role,raw_field_present,0,1232,0.000000
majestic,1945_1959,europe,1232,reporting_delay_estimable,qualified_value,0,1232,0.000000
majestic,1945_1959,europe,1232,craft_normalized,normalized_field_present,1152,80,93.506494
majestic,1945_1959,europe,1232,craft_confidence,qualified_value,1049,183,85.146104
majestic,1945_1959,europe,1232,craft_classification_source,normalized_field_present,1152,80,93.506494
majestic,1945_1959,europe,1232,same_day_suitability,qualified_value,1030,202,83.603896
majestic,1945_1959,europe,1232,duplicate_lineage,normalized_field_present,1232,0,100.000000
majestic,1945_1959,europe,1232,publisher_lineage,normalized_field_present,1232,0,100.000000
majestic,1945_1959,europe,1232,independent_source_identity,normalized_field_present,1232,0,100.000000
majestic,1945_1959,europe,1232,country_assignment,derived_field_present,1232,0,100.000000
majestic,1945_1959,europe,1232,administrative_region,normalized_field_present,0,1232,0.000000
majestic,1945_1959,europe,1232,boundary_assignment_provenance,derived_field_present,1232,0,100.000000
majestic,1945_1959,europe,1232,duration_raw,raw_field_present,1094,138,88.798701
majestic,1945_1959,europe,1232,witness_count_raw,raw_explicit_value,0,1232,0.000000
majestic,1945_1959,europe,1232,sound_raw,raw_explicit_value,0,1232,0.000000
majestic,1945_1959,europe,1232,color_raw,raw_explicit_value,0,1232,0.000000
majestic,1945_1959,europe,1232,light_positive_mention,raw_positive_mention,0,1232,0.000000
majestic,1945_1959,europe,1232,behavior_raw,raw_explicit_value,0,1232,0.000000
majestic,1945_1959,europe,1232,evidence_raw,raw_explicit_value,0,1232,0.000000
majestic,1945_1959,latin_america_caribbean,288,coordinate_evidence,normalized_field_present,288,0,100.000000
majestic,1945_1959,latin_america_caribbean,288,source_coordinates,qualified_value,253,35,87.847222
majestic,1945_1959,latin_america_caribbean,288,coordinate_precision,normalized_field_present,288,0,100.000000
majestic,1945_1959,latin_america_caribbean,288,coordinate_pile_review_state,normalized_field_present,0,288,0.000000
majestic,1945_1959,latin_america_caribbean,288,occurrence_date_role,raw_field_present,288,0,100.000000
majestic,1945_1959,latin_america_caribbean,288,exact_date,qualified_value,265,23,92.013889
majestic,1945_1959,latin_america_caribbean,288,time_of_day_raw,raw_field_present,206,82,71.527778
majestic,1945_1959,latin_america_caribbean,288,time_of_day_normalized,qualified_value,174,114,60.416667
majestic,1945_1959,latin_america_caribbean,288,reported_date_role,raw_field_present,0,288,0.000000
majestic,1945_1959,latin_america_caribbean,288,reporting_delay_estimable,qualified_value,0,288,0.000000
majestic,1945_1959,latin_america_caribbean,288,craft_normalized,normalized_field_present,276,12,95.833333
majestic,1945_1959,latin_america_caribbean,288,craft_confidence,qualified_value,253,35,87.847222
majestic,1945_1959,latin_america_caribbean,288,craft_classification_source,normalized_field_present,276,12,95.833333
majestic,1945_1959,latin_america_caribbean,288,same_day_suitability,qualified_value,247,41,85.763889
majestic,1945_1959,latin_america_caribbean,288,duplicate_lineage,normalized_field_present,288,0,100.000000
majestic,1945_1959,latin_america_caribbean,288,publisher_lineage,normalized_field_present,288,0,100.000000
majestic,1945_1959,latin_america_caribbean,288,independent_source_identity,normalized_field_present,288,0,100.000000
majestic,1945_1959,latin_america_caribbean,288,country_assignment,derived_field_present,288,0,100.000000
majestic,1945_1959,latin_america_caribbean,288,administrative_region,normalized_field_present,0,288,0.000000
majestic,1945_1959,latin_america_caribbean,288,boundary_assignment_provenance,derived_field_present,288,0,100.000000
majestic,1945_1959,latin_america_caribbean,288,duration_raw,raw_field_present,253,35,87.847222
majestic,1945_1959,latin_america_caribbean,288,witness_count_raw,raw_explicit_value,0,288,0.000000
majestic,1945_1959,latin_america_caribbean,288,sound_raw,raw_explicit_value,0,288,0.000000
majestic,1945_1959,latin_america_caribbean,288,color_raw,raw_explicit_value,0,288,0.000000
majestic,1945_1959,latin_america_caribbean,288,light_positive_mention,raw_positive_mention,0,288,0.000000
majestic,1945_1959,latin_america_caribbean,288,behavior_raw,raw_explicit_value,0,288,0.000000
majestic,1945_1959,latin_america_caribbean,288,evidence_raw,raw_explicit_value,0,288,0.000000
majestic,1945_1959,northern_america,3296,coordinate_evidence,normalized_field_present,3296,0,100.000000
majestic,1945_1959,northern_america,3296,source_coordinates,qualified_value,1712,1584,51.941748
majestic,1945_1959,northern_america,3296,coordinate_precision,normalized_field_present,3295,1,99.969660
majestic,1945_1959,northern_america,3296,coordinate_pile_review_state,normalized_field_present,0,3296,0.000000
majestic,1945_1959,northern_america,3296,occurrence_date_role,raw_field_present,3296,0,100.000000
majestic,1945_1959,northern_america,3296,exact_date,qualified_value,3099,197,94.023058
majestic,1945_1959,northern_america,3296,time_of_day_raw,raw_field_present,2382,914,72.269417
majestic,1945_1959,northern_america,3296,time_of_day_normalized,qualified_value,2021,1275,61.316748
majestic,1945_1959,northern_america,3296,reported_date_role,raw_field_present,0,3296,0.000000
majestic,1945_1959,northern_america,3296,reporting_delay_estimable,qualified_value,0,3296,0.000000
majestic,1945_1959,northern_america,3296,craft_normalized,normalized_field_present,2924,372,88.713592
majestic,1945_1959,northern_america,3296,craft_confidence,qualified_value,2619,677,79.459951
majestic,1945_1959,northern_america,3296,craft_classification_source,normalized_field_present,2924,372,88.713592
majestic,1945_1959,northern_america,3296,same_day_suitability,qualified_value,2487,809,75.455097
majestic,1945_1959,northern_america,3296,duplicate_lineage,normalized_field_present,3296,0,100.000000
majestic,1945_1959,northern_america,3296,publisher_lineage,normalized_field_present,3296,0,100.000000
majestic,1945_1959,northern_america,3296,independent_source_identity,normalized_field_present,3296,0,100.000000
majestic,1945_1959,northern_america,3296,country_assignment,derived_field_present,3296,0,100.000000
majestic,1945_1959,northern_america,3296,administrative_region,normalized_field_present,0,3296,0.000000
majestic,1945_1959,northern_america,3296,boundary_assignment_provenance,derived_field_present,3296,0,100.000000
majestic,1945_1959,northern_america,3296,duration_raw,raw_field_present,2463,833,74.726942
majestic,1945_1959,northern_america,3296,witness_count_raw,raw_explicit_value,0,3296,0.000000
majestic,1945_1959,northern_america,3296,sound_raw,raw_explicit_value,0,3296,0.000000
majestic,1945_1959,northern_america,3296,color_raw,raw_explicit_value,0,3296,0.000000
majestic,1945_1959,northern_america,3296,light_positive_mention,raw_positive_mention,0,3296,0.000000
majestic,1945_1959,northern_america,3296,behavior_raw,raw_explicit_value,0,3296,0.000000
majestic,1945_1959,northern_america,3296,evidence_raw,raw_explicit_value,0,3296,0.000000
majestic,1945_1959,oceania,223,coordinate_evidence,normalized_field_present,223,0,100.000000
majestic,1945_1959,oceania,223,source_coordinates,qualified_value,178,45,79.820628
majestic,1945_1959,oceania,223,coordinate_precision,normalized_field_present,223,0,100.000000
majestic,1945_1959,oceania,223,coordinate_pile_review_state,normalized_field_present,0,223,0.000000
majestic,1945_1959,oceania,223,occurrence_date_role,raw_field_present,223,0,100.000000
majestic,1945_1959,oceania,223,exact_date,qualified_value,207,16,92.825112
majestic,1945_1959,oceania,223,time_of_day_raw,raw_field_present,169,54,75.784753
majestic,1945_1959,oceania,223,time_of_day_normalized,qualified_value,145,78,65.022422
majestic,1945_1959,oceania,223,reported_date_role,raw_field_present,0,223,0.000000
majestic,1945_1959,oceania,223,reporting_delay_estimable,qualified_value,0,223,0.000000
majestic,1945_1959,oceania,223,craft_normalized,normalized_field_present,206,17,92.376682
majestic,1945_1959,oceania,223,craft_confidence,qualified_value,179,44,80.269058
majestic,1945_1959,oceania,223,craft_classification_source,normalized_field_present,206,17,92.376682
majestic,1945_1959,oceania,223,same_day_suitability,qualified_value,174,49,78.026906
majestic,1945_1959,oceania,223,duplicate_lineage,normalized_field_present,223,0,100.000000
majestic,1945_1959,oceania,223,publisher_lineage,normalized_field_present,223,0,100.000000
majestic,1945_1959,oceania,223,independent_source_identity,normalized_field_present,223,0,100.000000
majestic,1945_1959,oceania,223,country_assignment,derived_field_present,223,0,100.000000
majestic,1945_1959,oceania,223,administrative_region,normalized_field_present,0,223,0.000000
majestic,1945_1959,oceania,223,boundary_assignment_provenance,derived_field_present,223,0,100.000000
majestic,1945_1959,oceania,223,duration_raw,raw_field_present,190,33,85.201794
majestic,1945_1959,oceania,223,witness_count_raw,raw_explicit_value,0,223,0.000000
majestic,1945_1959,oceania,223,sound_raw,raw_explicit_value,0,223,0.000000
majestic,1945_1959,oceania,223,color_raw,raw_explicit_value,0,223,0.000000
majestic,1945_1959,oceania,223,light_positive_mention,raw_positive_mention,0,223,0.000000
majestic,1945_1959,oceania,223,behavior_raw,raw_explicit_value,0,223,0.000000
majestic,1945_1959,oceania,223,evidence_raw,raw_explicit_value,0,223,0.000000
majestic,1945_1959,unknown,10140,coordinate_evidence,normalized_field_present,10140,0,100.000000
majestic,1945_1959,unknown,10140,source_coordinates,qualified_value,363,9777,3.579882
majestic,1945_1959,unknown,10140,coordinate_precision,normalized_field_present,6223,3917,61.370809
majestic,1945_1959,unknown,10140,coordinate_pile_review_state,normalized_field_present,0,10140,0.000000
majestic,1945_1959,unknown,10140,occurrence_date_role,raw_field_present,10140,0,100.000000
majestic,1945_1959,unknown,10140,exact_date,qualified_value,8942,1198,88.185404
majestic,1945_1959,unknown,10140,time_of_day_raw,raw_field_present,960,9180,9.467456
majestic,1945_1959,unknown,10140,time_of_day_normalized,qualified_value,517,9623,5.098619
majestic,1945_1959,unknown,10140,reported_date_role,raw_field_present,0,10140,0.000000
majestic,1945_1959,unknown,10140,reporting_delay_estimable,qualified_value,0,10140,0.000000
majestic,1945_1959,unknown,10140,craft_normalized,normalized_field_present,6550,3590,64.595661
majestic,1945_1959,unknown,10140,craft_confidence,qualified_value,5447,4693,53.717949
majestic,1945_1959,unknown,10140,craft_classification_source,normalized_field_present,6550,3590,64.595661
majestic,1945_1959,unknown,10140,same_day_suitability,qualified_value,5323,4817,52.495069
majestic,1945_1959,unknown,10140,duplicate_lineage,normalized_field_present,10140,0,100.000000
majestic,1945_1959,unknown,10140,publisher_lineage,normalized_field_present,10140,0,100.000000
majestic,1945_1959,unknown,10140,independent_source_identity,normalized_field_present,10140,0,100.000000
majestic,1945_1959,unknown,10140,country_assignment,derived_field_present,0,10140,0.000000
majestic,1945_1959,unknown,10140,administrative_region,normalized_field_present,0,10140,0.000000
majestic,1945_1959,unknown,10140,boundary_assignment_provenance,derived_field_present,387,9753,3.816568
majestic,1945_1959,unknown,10140,duration_raw,raw_field_present,310,9830,3.057199
majestic,1945_1959,unknown,10140,witness_count_raw,raw_explicit_value,0,10140,0.000000
majestic,1945_1959,unknown,10140,sound_raw,raw_explicit_value,0,10140,0.000000
majestic,1945_1959,unknown,10140,color_raw,raw_explicit_value,0,10140,0.000000
majestic,1945_1959,unknown,10140,light_positive_mention,raw_positive_mention,0,10140,0.000000
majestic,1945_1959,unknown,10140,behavior_raw,raw_explicit_value,0,10140,0.000000
majestic,1945_1959,unknown,10140,evidence_raw,raw_explicit_value,0,10140,0.000000
majestic,1960_1979,africa,139,coordinate_evidence,normalized_field_present,139,0,100.000000
majestic,1960_1979,africa,139,source_coordinates,qualified_value,137,2,98.561151
majestic,1960_1979,africa,139,coordinate_precision,normalized_field_present,139,0,100.000000
majestic,1960_1979,africa,139,coordinate_pile_review_state,normalized_field_present,0,139,0.000000
majestic,1960_1979,africa,139,occurrence_date_role,raw_field_present,139,0,100.000000
majestic,1960_1979,africa,139,exact_date,qualified_value,128,11,92.086331
majestic,1960_1979,africa,139,time_of_day_raw,raw_field_present,128,11,92.086331
majestic,1960_1979,africa,139,time_of_day_normalized,qualified_value,98,41,70.503597
majestic,1960_1979,africa,139,reported_date_role,raw_field_present,0,139,0.000000
majestic,1960_1979,africa,139,reporting_delay_estimable,qualified_value,0,139,0.000000
majestic,1960_1979,africa,139,craft_normalized,normalized_field_present,122,17,87.769784
majestic,1960_1979,africa,139,craft_confidence,qualified_value,108,31,77.697842
majestic,1960_1979,africa,139,craft_classification_source,normalized_field_present,122,17,87.769784
majestic,1960_1979,africa,139,same_day_suitability,qualified_value,102,37,73.381295
majestic,1960_1979,africa,139,duplicate_lineage,normalized_field_present,139,0,100.000000
majestic,1960_1979,africa,139,publisher_lineage,normalized_field_present,139,0,100.000000
majestic,1960_1979,africa,139,independent_source_identity,normalized_field_present,139,0,100.000000
majestic,1960_1979,africa,139,country_assignment,derived_field_present,139,0,100.000000
majestic,1960_1979,africa,139,administrative_region,normalized_field_present,0,139,0.000000
majestic,1960_1979,africa,139,boundary_assignment_provenance,derived_field_present,139,0,100.000000
majestic,1960_1979,africa,139,duration_raw,raw_field_present,120,19,86.330935
majestic,1960_1979,africa,139,witness_count_raw,raw_explicit_value,0,139,0.000000
majestic,1960_1979,africa,139,sound_raw,raw_explicit_value,0,139,0.000000
majestic,1960_1979,africa,139,color_raw,raw_explicit_value,0,139,0.000000
majestic,1960_1979,africa,139,light_positive_mention,raw_positive_mention,0,139,0.000000
majestic,1960_1979,africa,139,behavior_raw,raw_explicit_value,0,139,0.000000
majestic,1960_1979,africa,139,evidence_raw,raw_explicit_value,0,139,0.000000
majestic,1960_1979,antarctica,1,coordinate_evidence,normalized_field_present,1,0,100.000000
majestic,1960_1979,antarctica,1,source_coordinates,qualified_value,1,0,100.000000
majestic,1960_1979,antarctica,1,coordinate_precision,normalized_field_present,1,0,100.000000
majestic,1960_1979,antarctica,1,coordinate_pile_review_state,normalized_field_present,0,1,0.000000
majestic,1960_1979,antarctica,1,occurrence_date_role,raw_field_present,1,0,100.000000
majestic,1960_1979,antarctica,1,exact_date,qualified_value,1,0,100.000000
majestic,1960_1979,antarctica,1,time_of_day_raw,raw_field_present,1,0,100.000000
majestic,1960_1979,antarctica,1,time_of_day_normalized,qualified_value,0,1,0.000000
majestic,1960_1979,antarctica,1,reported_date_role,raw_field_present,0,1,0.000000
majestic,1960_1979,antarctica,1,reporting_delay_estimable,qualified_value,0,1,0.000000
majestic,1960_1979,antarctica,1,craft_normalized,normalized_field_present,1,0,100.000000
majestic,1960_1979,antarctica,1,craft_confidence,qualified_value,1,0,100.000000
majestic,1960_1979,antarctica,1,craft_classification_source,normalized_field_present,1,0,100.000000
majestic,1960_1979,antarctica,1,same_day_suitability,qualified_value,1,0,100.000000
majestic,1960_1979,antarctica,1,duplicate_lineage,normalized_field_present,1,0,100.000000
majestic,1960_1979,antarctica,1,publisher_lineage,normalized_field_present,1,0,100.000000
majestic,1960_1979,antarctica,1,independent_source_identity,normalized_field_present,1,0,100.000000
majestic,1960_1979,antarctica,1,country_assignment,derived_field_present,1,0,100.000000
majestic,1960_1979,antarctica,1,administrative_region,normalized_field_present,0,1,0.000000
majestic,1960_1979,antarctica,1,boundary_assignment_provenance,derived_field_present,1,0,100.000000
majestic,1960_1979,antarctica,1,duration_raw,raw_field_present,1,0,100.000000
majestic,1960_1979,antarctica,1,witness_count_raw,raw_explicit_value,0,1,0.000000
majestic,1960_1979,antarctica,1,sound_raw,raw_explicit_value,0,1,0.000000
majestic,1960_1979,antarctica,1,color_raw,raw_explicit_value,0,1,0.000000
majestic,1960_1979,antarctica,1,light_positive_mention,raw_positive_mention,0,1,0.000000
majestic,1960_1979,antarctica,1,behavior_raw,raw_explicit_value,0,1,0.000000
majestic,1960_1979,antarctica,1,evidence_raw,raw_explicit_value,0,1,0.000000
majestic,1960_1979,asia,520,coordinate_evidence,normalized_field_present,520,0,100.000000
majestic,1960_1979,asia,520,source_coordinates,qualified_value,513,7,98.653846
majestic,1960_1979,asia,520,coordinate_precision,normalized_field_present,520,0,100.000000
majestic,1960_1979,asia,520,coordinate_pile_review_state,normalized_field_present,0,520,0.000000
majestic,1960_1979,asia,520,occurrence_date_role,raw_field_present,520,0,100.000000
majestic,1960_1979,asia,520,exact_date,qualified_value,476,44,91.538462
majestic,1960_1979,asia,520,time_of_day_raw,raw_field_present,400,120,76.923077
majestic,1960_1979,asia,520,time_of_day_normalized,qualified_value,97,423,18.653846
majestic,1960_1979,asia,520,reported_date_role,raw_field_present,0,520,0.000000
majestic,1960_1979,asia,520,reporting_delay_estimable,qualified_value,0,520,0.000000
majestic,1960_1979,asia,520,craft_normalized,normalized_field_present,173,347,33.269231
majestic,1960_1979,asia,520,craft_confidence,qualified_value,153,367,29.423077
majestic,1960_1979,asia,520,craft_classification_source,normalized_field_present,173,347,33.269231
majestic,1960_1979,asia,520,same_day_suitability,qualified_value,149,371,28.653846
majestic,1960_1979,asia,520,duplicate_lineage,normalized_field_present,520,0,100.000000
majestic,1960_1979,asia,520,publisher_lineage,normalized_field_present,520,0,100.000000
majestic,1960_1979,asia,520,independent_source_identity,normalized_field_present,520,0,100.000000
majestic,1960_1979,asia,520,country_assignment,derived_field_present,520,0,100.000000
majestic,1960_1979,asia,520,administrative_region,normalized_field_present,0,520,0.000000
majestic,1960_1979,asia,520,boundary_assignment_provenance,derived_field_present,520,0,100.000000
majestic,1960_1979,asia,520,duration_raw,raw_field_present,170,350,32.692308
majestic,1960_1979,asia,520,witness_count_raw,raw_explicit_value,0,520,0.000000
majestic,1960_1979,asia,520,sound_raw,raw_explicit_value,0,520,0.000000
majestic,1960_1979,asia,520,color_raw,raw_explicit_value,0,520,0.000000
majestic,1960_1979,asia,520,light_positive_mention,raw_positive_mention,0,520,0.000000
majestic,1960_1979,asia,520,behavior_raw,raw_explicit_value,0,520,0.000000
majestic,1960_1979,asia,520,evidence_raw,raw_explicit_value,0,520,0.000000
majestic,1960_1979,europe,2348,coordinate_evidence,normalized_field_present,2348,0,100.000000
majestic,1960_1979,europe,2348,source_coordinates,qualified_value,2228,120,94.889267
majestic,1960_1979,europe,2348,coordinate_precision,normalized_field_present,2348,0,100.000000
majestic,1960_1979,europe,2348,coordinate_pile_review_state,normalized_field_present,0,2348,0.000000
majestic,1960_1979,europe,2348,occurrence_date_role,raw_field_present,2348,0,100.000000
majestic,1960_1979,europe,2348,exact_date,qualified_value,2132,216,90.800681
majestic,1960_1979,europe,2348,time_of_day_raw,raw_field_present,2092,256,89.097104
majestic,1960_1979,europe,2348,time_of_day_normalized,qualified_value,1777,571,75.681431
majestic,1960_1979,europe,2348,reported_date_role,raw_field_present,0,2348,0.000000
majestic,1960_1979,europe,2348,reporting_delay_estimable,qualified_value,0,2348,0.000000
majestic,1960_1979,europe,2348,craft_normalized,normalized_field_present,2200,148,93.696763
majestic,1960_1979,europe,2348,craft_confidence,qualified_value,1923,425,81.899489
majestic,1960_1979,europe,2348,craft_classification_source,normalized_field_present,2200,148,93.696763
majestic,1960_1979,europe,2348,same_day_suitability,qualified_value,1874,474,79.812606
majestic,1960_1979,europe,2348,duplicate_lineage,normalized_field_present,2348,0,100.000000
majestic,1960_1979,europe,2348,publisher_lineage,normalized_field_present,2348,0,100.000000
majestic,1960_1979,europe,2348,independent_source_identity,normalized_field_present,2348,0,100.000000
majestic,1960_1979,europe,2348,country_assignment,derived_field_present,2348,0,100.000000
majestic,1960_1979,europe,2348,administrative_region,normalized_field_present,0,2348,0.000000
majestic,1960_1979,europe,2348,boundary_assignment_provenance,derived_field_present,2348,0,100.000000
majestic,1960_1979,europe,2348,duration_raw,raw_field_present,2159,189,91.950596
majestic,1960_1979,europe,2348,witness_count_raw,raw_explicit_value,0,2348,0.000000
majestic,1960_1979,europe,2348,sound_raw,raw_explicit_value,0,2348,0.000000
majestic,1960_1979,europe,2348,color_raw,raw_explicit_value,0,2348,0.000000
majestic,1960_1979,europe,2348,light_positive_mention,raw_positive_mention,0,2348,0.000000
majestic,1960_1979,europe,2348,behavior_raw,raw_explicit_value,0,2348,0.000000
majestic,1960_1979,europe,2348,evidence_raw,raw_explicit_value,0,2348,0.000000
majestic,1960_1979,latin_america_caribbean,723,coordinate_evidence,normalized_field_present,723,0,100.000000
majestic,1960_1979,latin_america_caribbean,723,source_coordinates,qualified_value,662,61,91.562932
majestic,1960_1979,latin_america_caribbean,723,coordinate_precision,normalized_field_present,723,0,100.000000
majestic,1960_1979,latin_america_caribbean,723,coordinate_pile_review_state,normalized_field_present,0,723,0.000000
majestic,1960_1979,latin_america_caribbean,723,occurrence_date_role,raw_field_present,723,0,100.000000
majestic,1960_1979,latin_america_caribbean,723,exact_date,qualified_value,664,59,91.839557
majestic,1960_1979,latin_america_caribbean,723,time_of_day_raw,raw_field_present,557,166,77.040111
majestic,1960_1979,latin_america_caribbean,723,time_of_day_normalized,qualified_value,465,258,64.315353
majestic,1960_1979,latin_america_caribbean,723,reported_date_role,raw_field_present,0,723,0.000000
majestic,1960_1979,latin_america_caribbean,723,reporting_delay_estimable,qualified_value,0,723,0.000000
majestic,1960_1979,latin_america_caribbean,723,craft_normalized,normalized_field_present,699,24,96.680498
majestic,1960_1979,latin_america_caribbean,723,craft_confidence,qualified_value,600,123,82.987552
majestic,1960_1979,latin_america_caribbean,723,craft_classification_source,normalized_field_present,699,24,96.680498
majestic,1960_1979,latin_america_caribbean,723,same_day_suitability,qualified_value,582,141,80.497925
majestic,1960_1979,latin_america_caribbean,723,duplicate_lineage,normalized_field_present,723,0,100.000000
majestic,1960_1979,latin_america_caribbean,723,publisher_lineage,normalized_field_present,723,0,100.000000
majestic,1960_1979,latin_america_caribbean,723,independent_source_identity,normalized_field_present,723,0,100.000000
majestic,1960_1979,latin_america_caribbean,723,country_assignment,derived_field_present,723,0,100.000000
majestic,1960_1979,latin_america_caribbean,723,administrative_region,normalized_field_present,0,723,0.000000
majestic,1960_1979,latin_america_caribbean,723,boundary_assignment_provenance,derived_field_present,723,0,100.000000
majestic,1960_1979,latin_america_caribbean,723,duration_raw,raw_field_present,662,61,91.562932
majestic,1960_1979,latin_america_caribbean,723,witness_count_raw,raw_explicit_value,0,723,0.000000
majestic,1960_1979,latin_america_caribbean,723,sound_raw,raw_explicit_value,0,723,0.000000
majestic,1960_1979,latin_america_caribbean,723,color_raw,raw_explicit_value,0,723,0.000000
majestic,1960_1979,latin_america_caribbean,723,light_positive_mention,raw_positive_mention,0,723,0.000000
majestic,1960_1979,latin_america_caribbean,723,behavior_raw,raw_explicit_value,0,723,0.000000
majestic,1960_1979,latin_america_caribbean,723,evidence_raw,raw_explicit_value,0,723,0.000000
majestic,1960_1979,northern_america,2756,coordinate_evidence,normalized_field_present,2756,0,100.000000
majestic,1960_1979,northern_america,2756,source_coordinates,qualified_value,1963,793,71.226415
majestic,1960_1979,northern_america,2756,coordinate_precision,normalized_field_present,2756,0,100.000000
majestic,1960_1979,northern_america,2756,coordinate_pile_review_state,normalized_field_present,0,2756,0.000000
majestic,1960_1979,northern_america,2756,occurrence_date_role,raw_field_present,2756,0,100.000000
majestic,1960_1979,northern_america,2756,exact_date,qualified_value,2593,163,94.085631
majestic,1960_1979,northern_america,2756,time_of_day_raw,raw_field_present,2085,671,75.653120
majestic,1960_1979,northern_america,2756,time_of_day_normalized,qualified_value,1442,1314,52.322206
majestic,1960_1979,northern_america,2756,reported_date_role,raw_field_present,0,2756,0.000000
majestic,1960_1979,northern_america,2756,reporting_delay_estimable,qualified_value,0,2756,0.000000
majestic,1960_1979,northern_america,2756,craft_normalized,normalized_field_present,2004,752,72.714078
majestic,1960_1979,northern_america,2756,craft_confidence,qualified_value,1665,1091,60.413643
majestic,1960_1979,northern_america,2756,craft_classification_source,normalized_field_present,2004,752,72.714078
majestic,1960_1979,northern_america,2756,same_day_suitability,qualified_value,1638,1118,59.433962
majestic,1960_1979,northern_america,2756,duplicate_lineage,normalized_field_present,2756,0,100.000000
majestic,1960_1979,northern_america,2756,publisher_lineage,normalized_field_present,2756,0,100.000000
majestic,1960_1979,northern_america,2756,independent_source_identity,normalized_field_present,2756,0,100.000000
majestic,1960_1979,northern_america,2756,country_assignment,derived_field_present,2756,0,100.000000
majestic,1960_1979,northern_america,2756,administrative_region,normalized_field_present,0,2756,0.000000
majestic,1960_1979,northern_america,2756,boundary_assignment_provenance,derived_field_present,2756,0,100.000000
majestic,1960_1979,northern_america,2756,duration_raw,raw_field_present,1865,891,67.670537
majestic,1960_1979,northern_america,2756,witness_count_raw,raw_explicit_value,0,2756,0.000000
majestic,1960_1979,northern_america,2756,sound_raw,raw_explicit_value,0,2756,0.000000
majestic,1960_1979,northern_america,2756,color_raw,raw_explicit_value,0,2756,0.000000
majestic,1960_1979,northern_america,2756,light_positive_mention,raw_positive_mention,0,2756,0.000000
majestic,1960_1979,northern_america,2756,behavior_raw,raw_explicit_value,0,2756,0.000000
majestic,1960_1979,northern_america,2756,evidence_raw,raw_explicit_value,0,2756,0.000000
majestic,1960_1979,oceania,302,coordinate_evidence,normalized_field_present,302,0,100.000000
majestic,1960_1979,oceania,302,source_coordinates,qualified_value,205,97,67.880795
majestic,1960_1979,oceania,302,coordinate_precision,normalized_field_present,302,0,100.000000
majestic,1960_1979,oceania,302,coordinate_pile_review_state,normalized_field_present,0,302,0.000000
majestic,1960_1979,oceania,302,occurrence_date_role,raw_field_present,302,0,100.000000
majestic,1960_1979,oceania,302,exact_date,qualified_value,285,17,94.370861
majestic,1960_1979,oceania,302,time_of_day_raw,raw_field_present,219,83,72.516556
majestic,1960_1979,oceania,302,time_of_day_normalized,qualified_value,191,111,63.245033
majestic,1960_1979,oceania,302,reported_date_role,raw_field_present,0,302,0.000000
majestic,1960_1979,oceania,302,reporting_delay_estimable,qualified_value,0,302,0.000000
majestic,1960_1979,oceania,302,craft_normalized,normalized_field_present,294,8,97.350993
majestic,1960_1979,oceania,302,craft_confidence,qualified_value,249,53,82.450331
majestic,1960_1979,oceania,302,craft_classification_source,normalized_field_present,294,8,97.350993
majestic,1960_1979,oceania,302,same_day_suitability,qualified_value,243,59,80.463576
majestic,1960_1979,oceania,302,duplicate_lineage,normalized_field_present,302,0,100.000000
majestic,1960_1979,oceania,302,publisher_lineage,normalized_field_present,302,0,100.000000
majestic,1960_1979,oceania,302,independent_source_identity,normalized_field_present,302,0,100.000000
majestic,1960_1979,oceania,302,country_assignment,derived_field_present,302,0,100.000000
majestic,1960_1979,oceania,302,administrative_region,normalized_field_present,0,302,0.000000
majestic,1960_1979,oceania,302,boundary_assignment_provenance,derived_field_present,302,0,100.000000
majestic,1960_1979,oceania,302,duration_raw,raw_field_present,251,51,83.112583
majestic,1960_1979,oceania,302,witness_count_raw,raw_explicit_value,0,302,0.000000
majestic,1960_1979,oceania,302,sound_raw,raw_explicit_value,0,302,0.000000
majestic,1960_1979,oceania,302,color_raw,raw_explicit_value,0,302,0.000000
majestic,1960_1979,oceania,302,light_positive_mention,raw_positive_mention,0,302,0.000000
majestic,1960_1979,oceania,302,behavior_raw,raw_explicit_value,0,302,0.000000
majestic,1960_1979,oceania,302,evidence_raw,raw_explicit_value,0,302,0.000000
majestic,1960_1979,unknown,11780,coordinate_evidence,normalized_field_present,11780,0,100.000000
majestic,1960_1979,unknown,11780,source_coordinates,qualified_value,507,11273,4.303905
majestic,1960_1979,unknown,11780,coordinate_precision,normalized_field_present,6403,5377,54.354839
majestic,1960_1979,unknown,11780,coordinate_pile_review_state,normalized_field_present,0,11780,0.000000
majestic,1960_1979,unknown,11780,occurrence_date_role,raw_field_present,11780,0,100.000000
majestic,1960_1979,unknown,11780,exact_date,qualified_value,10590,1190,89.898132
majestic,1960_1979,unknown,11780,time_of_day_raw,raw_field_present,863,10917,7.325976
majestic,1960_1979,unknown,11780,time_of_day_normalized,qualified_value,400,11380,3.395586
majestic,1960_1979,unknown,11780,reported_date_role,raw_field_present,0,11780,0.000000
majestic,1960_1979,unknown,11780,reporting_delay_estimable,qualified_value,0,11780,0.000000
majestic,1960_1979,unknown,11780,craft_normalized,normalized_field_present,8141,3639,69.108659
majestic,1960_1979,unknown,11780,craft_confidence,qualified_value,6268,5512,53.208829
majestic,1960_1979,unknown,11780,craft_classification_source,normalized_field_present,8141,3639,69.108659
majestic,1960_1979,unknown,11780,same_day_suitability,qualified_value,6211,5569,52.724958
majestic,1960_1979,unknown,11780,duplicate_lineage,normalized_field_present,11780,0,100.000000
majestic,1960_1979,unknown,11780,publisher_lineage,normalized_field_present,11780,0,100.000000
majestic,1960_1979,unknown,11780,independent_source_identity,normalized_field_present,11780,0,100.000000
majestic,1960_1979,unknown,11780,country_assignment,derived_field_present,0,11780,0.000000
majestic,1960_1979,unknown,11780,administrative_region,normalized_field_present,0,11780,0.000000
majestic,1960_1979,unknown,11780,boundary_assignment_provenance,derived_field_present,549,11231,4.660441
majestic,1960_1979,unknown,11780,duration_raw,raw_field_present,427,11353,3.624788
majestic,1960_1979,unknown,11780,witness_count_raw,raw_explicit_value,0,11780,0.000000
majestic,1960_1979,unknown,11780,sound_raw,raw_explicit_value,0,11780,0.000000
majestic,1960_1979,unknown,11780,color_raw,raw_explicit_value,0,11780,0.000000
majestic,1960_1979,unknown,11780,light_positive_mention,raw_positive_mention,0,11780,0.000000
majestic,1960_1979,unknown,11780,behavior_raw,raw_explicit_value,0,11780,0.000000
majestic,1960_1979,unknown,11780,evidence_raw,raw_explicit_value,0,11780,0.000000
majestic,1980_1999,africa,50,coordinate_evidence,normalized_field_present,50,0,100.000000
majestic,1980_1999,africa,50,source_coordinates,qualified_value,50,0,100.000000
majestic,1980_1999,africa,50,coordinate_precision,normalized_field_present,50,0,100.000000
majestic,1980_1999,africa,50,coordinate_pile_review_state,normalized_field_present,0,50,0.000000
majestic,1980_1999,africa,50,occurrence_date_role,raw_field_present,50,0,100.000000
majestic,1980_1999,africa,50,exact_date,qualified_value,45,5,90.000000
majestic,1980_1999,africa,50,time_of_day_raw,raw_field_present,50,0,100.000000
majestic,1980_1999,africa,50,time_of_day_normalized,qualified_value,38,12,76.000000
majestic,1980_1999,africa,50,reported_date_role,raw_field_present,0,50,0.000000
majestic,1980_1999,africa,50,reporting_delay_estimable,qualified_value,0,50,0.000000
majestic,1980_1999,africa,50,craft_normalized,normalized_field_present,50,0,100.000000
majestic,1980_1999,africa,50,craft_confidence,qualified_value,42,8,84.000000
majestic,1980_1999,africa,50,craft_classification_source,normalized_field_present,50,0,100.000000
majestic,1980_1999,africa,50,same_day_suitability,qualified_value,40,10,80.000000
majestic,1980_1999,africa,50,duplicate_lineage,normalized_field_present,50,0,100.000000
majestic,1980_1999,africa,50,publisher_lineage,normalized_field_present,50,0,100.000000
majestic,1980_1999,africa,50,independent_source_identity,normalized_field_present,50,0,100.000000
majestic,1980_1999,africa,50,country_assignment,derived_field_present,50,0,100.000000
majestic,1980_1999,africa,50,administrative_region,normalized_field_present,0,50,0.000000
majestic,1980_1999,africa,50,boundary_assignment_provenance,derived_field_present,50,0,100.000000
majestic,1980_1999,africa,50,duration_raw,raw_field_present,50,0,100.000000
majestic,1980_1999,africa,50,witness_count_raw,raw_explicit_value,0,50,0.000000
majestic,1980_1999,africa,50,sound_raw,raw_explicit_value,0,50,0.000000
majestic,1980_1999,africa,50,color_raw,raw_explicit_value,0,50,0.000000
majestic,1980_1999,africa,50,light_positive_mention,raw_positive_mention,0,50,0.000000
majestic,1980_1999,africa,50,behavior_raw,raw_explicit_value,0,50,0.000000
majestic,1980_1999,africa,50,evidence_raw,raw_explicit_value,0,50,0.000000
majestic,1980_1999,asia,273,coordinate_evidence,normalized_field_present,273,0,100.000000
majestic,1980_1999,asia,273,source_coordinates,qualified_value,265,8,97.069597
majestic,1980_1999,asia,273,coordinate_precision,normalized_field_present,273,0,100.000000
majestic,1980_1999,asia,273,coordinate_pile_review_state,normalized_field_present,0,273,0.000000
majestic,1980_1999,asia,273,occurrence_date_role,raw_field_present,273,0,100.000000
majestic,1980_1999,asia,273,exact_date,qualified_value,266,7,97.435897
majestic,1980_1999,asia,273,time_of_day_raw,raw_field_present,245,28,89.743590
majestic,1980_1999,asia,273,time_of_day_normalized,qualified_value,102,171,37.362637
majestic,1980_1999,asia,273,reported_date_role,raw_field_present,0,273,0.000000
majestic,1980_1999,asia,273,reporting_delay_estimable,qualified_value,0,273,0.000000
majestic,1980_1999,asia,273,craft_normalized,normalized_field_present,131,142,47.985348
majestic,1980_1999,asia,273,craft_confidence,qualified_value,111,162,40.659341
majestic,1980_1999,asia,273,craft_classification_source,normalized_field_present,131,142,47.985348
majestic,1980_1999,asia,273,same_day_suitability,qualified_value,106,167,38.827839
majestic,1980_1999,asia,273,duplicate_lineage,normalized_field_present,273,0,100.000000
majestic,1980_1999,asia,273,publisher_lineage,normalized_field_present,273,0,100.000000
majestic,1980_1999,asia,273,independent_source_identity,normalized_field_present,273,0,100.000000
majestic,1980_1999,asia,273,country_assignment,derived_field_present,273,0,100.000000
majestic,1980_1999,asia,273,administrative_region,normalized_field_present,0,273,0.000000
majestic,1980_1999,asia,273,boundary_assignment_provenance,derived_field_present,273,0,100.000000
majestic,1980_1999,asia,273,duration_raw,raw_field_present,125,148,45.787546
majestic,1980_1999,asia,273,witness_count_raw,raw_explicit_value,0,273,0.000000
majestic,1980_1999,asia,273,sound_raw,raw_explicit_value,0,273,0.000000
majestic,1980_1999,asia,273,color_raw,raw_explicit_value,0,273,0.000000
majestic,1980_1999,asia,273,light_positive_mention,raw_positive_mention,0,273,0.000000
majestic,1980_1999,asia,273,behavior_raw,raw_explicit_value,0,273,0.000000
majestic,1980_1999,asia,273,evidence_raw,raw_explicit_value,0,273,0.000000
majestic,1980_1999,europe,1269,coordinate_evidence,normalized_field_present,1269,0,100.000000
majestic,1980_1999,europe,1269,source_coordinates,qualified_value,1205,64,94.956659
majestic,1980_1999,europe,1269,coordinate_precision,normalized_field_present,1269,0,100.000000
majestic,1980_1999,europe,1269,coordinate_pile_review_state,normalized_field_present,0,1269,0.000000
majestic,1980_1999,europe,1269,occurrence_date_role,raw_field_present,1269,0,100.000000
majestic,1980_1999,europe,1269,exact_date,qualified_value,1185,84,93.380615
majestic,1980_1999,europe,1269,time_of_day_raw,raw_field_present,1141,128,89.913318
majestic,1980_1999,europe,1269,time_of_day_normalized,qualified_value,1004,265,79.117415
majestic,1980_1999,europe,1269,reported_date_role,raw_field_present,0,1269,0.000000
majestic,1980_1999,europe,1269,reporting_delay_estimable,qualified_value,0,1269,0.000000
majestic,1980_1999,europe,1269,craft_normalized,normalized_field_present,1184,85,93.301812
majestic,1980_1999,europe,1269,craft_confidence,qualified_value,1044,225,82.269504
majestic,1980_1999,europe,1269,craft_classification_source,normalized_field_present,1184,85,93.301812
majestic,1980_1999,europe,1269,same_day_suitability,qualified_value,1014,255,79.905437
majestic,1980_1999,europe,1269,duplicate_lineage,normalized_field_present,1269,0,100.000000
majestic,1980_1999,europe,1269,publisher_lineage,normalized_field_present,1269,0,100.000000
majestic,1980_1999,europe,1269,independent_source_identity,normalized_field_present,1269,0,100.000000
majestic,1980_1999,europe,1269,country_assignment,derived_field_present,1269,0,100.000000
majestic,1980_1999,europe,1269,administrative_region,normalized_field_present,0,1269,0.000000
majestic,1980_1999,europe,1269,boundary_assignment_provenance,derived_field_present,1269,0,100.000000
majestic,1980_1999,europe,1269,duration_raw,raw_field_present,1180,89,92.986604
majestic,1980_1999,europe,1269,witness_count_raw,raw_explicit_value,0,1269,0.000000
majestic,1980_1999,europe,1269,sound_raw,raw_explicit_value,0,1269,0.000000
majestic,1980_1999,europe,1269,color_raw,raw_explicit_value,0,1269,0.000000
majestic,1980_1999,europe,1269,light_positive_mention,raw_positive_mention,0,1269,0.000000
majestic,1980_1999,europe,1269,behavior_raw,raw_explicit_value,0,1269,0.000000
majestic,1980_1999,europe,1269,evidence_raw,raw_explicit_value,0,1269,0.000000
majestic,1980_1999,latin_america_caribbean,306,coordinate_evidence,normalized_field_present,306,0,100.000000
majestic,1980_1999,latin_america_caribbean,306,source_coordinates,qualified_value,289,17,94.444444
majestic,1980_1999,latin_america_caribbean,306,coordinate_precision,normalized_field_present,306,0,100.000000
majestic,1980_1999,latin_america_caribbean,306,coordinate_pile_review_state,normalized_field_present,0,306,0.000000
majestic,1980_1999,latin_america_caribbean,306,occurrence_date_role,raw_field_present,306,0,100.000000
majestic,1980_1999,latin_america_caribbean,306,exact_date,qualified_value,259,47,84.640523
majestic,1980_1999,latin_america_caribbean,306,time_of_day_raw,raw_field_present,244,62,79.738562
majestic,1980_1999,latin_america_caribbean,306,time_of_day_normalized,qualified_value,185,121,60.457516
majestic,1980_1999,latin_america_caribbean,306,reported_date_role,raw_field_present,0,306,0.000000
majestic,1980_1999,latin_america_caribbean,306,reporting_delay_estimable,qualified_value,0,306,0.000000
majestic,1980_1999,latin_america_caribbean,306,craft_normalized,normalized_field_present,286,20,93.464052
majestic,1980_1999,latin_america_caribbean,306,craft_confidence,qualified_value,228,78,74.509804
majestic,1980_1999,latin_america_caribbean,306,craft_classification_source,normalized_field_present,286,20,93.464052
majestic,1980_1999,latin_america_caribbean,306,same_day_suitability,qualified_value,211,95,68.954248
majestic,1980_1999,latin_america_caribbean,306,duplicate_lineage,normalized_field_present,306,0,100.000000
majestic,1980_1999,latin_america_caribbean,306,publisher_lineage,normalized_field_present,306,0,100.000000
majestic,1980_1999,latin_america_caribbean,306,independent_source_identity,normalized_field_present,306,0,100.000000
majestic,1980_1999,latin_america_caribbean,306,country_assignment,derived_field_present,306,0,100.000000
majestic,1980_1999,latin_america_caribbean,306,administrative_region,normalized_field_present,0,306,0.000000
majestic,1980_1999,latin_america_caribbean,306,boundary_assignment_provenance,derived_field_present,306,0,100.000000
majestic,1980_1999,latin_america_caribbean,306,duration_raw,raw_field_present,289,17,94.444444
majestic,1980_1999,latin_america_caribbean,306,witness_count_raw,raw_explicit_value,0,306,0.000000
majestic,1980_1999,latin_america_caribbean,306,sound_raw,raw_explicit_value,0,306,0.000000
majestic,1980_1999,latin_america_caribbean,306,color_raw,raw_explicit_value,0,306,0.000000
majestic,1980_1999,latin_america_caribbean,306,light_positive_mention,raw_positive_mention,0,306,0.000000
majestic,1980_1999,latin_america_caribbean,306,behavior_raw,raw_explicit_value,0,306,0.000000
majestic,1980_1999,latin_america_caribbean,306,evidence_raw,raw_explicit_value,0,306,0.000000
majestic,1980_1999,northern_america,1375,coordinate_evidence,normalized_field_present,1375,0,100.000000
majestic,1980_1999,northern_america,1375,source_coordinates,qualified_value,957,418,69.600000
majestic,1980_1999,northern_america,1375,coordinate_precision,normalized_field_present,1375,0,100.000000
majestic,1980_1999,northern_america,1375,coordinate_pile_review_state,normalized_field_present,0,1375,0.000000
majestic,1980_1999,northern_america,1375,occurrence_date_role,raw_field_present,1375,0,100.000000
majestic,1980_1999,northern_america,1375,exact_date,qualified_value,1297,78,94.327273
majestic,1980_1999,northern_america,1375,time_of_day_raw,raw_field_present,1182,193,85.963636
majestic,1980_1999,northern_america,1375,time_of_day_normalized,qualified_value,910,465,66.181818
majestic,1980_1999,northern_america,1375,reported_date_role,raw_field_present,0,1375,0.000000
majestic,1980_1999,northern_america,1375,reporting_delay_estimable,qualified_value,0,1375,0.000000
majestic,1980_1999,northern_america,1375,craft_normalized,normalized_field_present,1107,268,80.509091
majestic,1980_1999,northern_america,1375,craft_confidence,qualified_value,940,435,68.363636
majestic,1980_1999,northern_america,1375,craft_classification_source,normalized_field_present,1107,268,80.509091
majestic,1980_1999,northern_america,1375,same_day_suitability,qualified_value,912,463,66.327273
majestic,1980_1999,northern_america,1375,duplicate_lineage,normalized_field_present,1375,0,100.000000
majestic,1980_1999,northern_america,1375,publisher_lineage,normalized_field_present,1375,0,100.000000
majestic,1980_1999,northern_america,1375,independent_source_identity,normalized_field_present,1375,0,100.000000
majestic,1980_1999,northern_america,1375,country_assignment,derived_field_present,1375,0,100.000000
majestic,1980_1999,northern_america,1375,administrative_region,normalized_field_present,0,1375,0.000000
majestic,1980_1999,northern_america,1375,boundary_assignment_provenance,derived_field_present,1375,0,100.000000
majestic,1980_1999,northern_america,1375,duration_raw,raw_field_present,1078,297,78.400000
majestic,1980_1999,northern_america,1375,witness_count_raw,raw_explicit_value,0,1375,0.000000
majestic,1980_1999,northern_america,1375,sound_raw,raw_explicit_value,0,1375,0.000000
majestic,1980_1999,northern_america,1375,color_raw,raw_explicit_value,0,1375,0.000000
majestic,1980_1999,northern_america,1375,light_positive_mention,raw_positive_mention,0,1375,0.000000
majestic,1980_1999,northern_america,1375,behavior_raw,raw_explicit_value,0,1375,0.000000
majestic,1980_1999,northern_america,1375,evidence_raw,raw_explicit_value,0,1375,0.000000
majestic,1980_1999,oceania,159,coordinate_evidence,normalized_field_present,159,0,100.000000
majestic,1980_1999,oceania,159,source_coordinates,qualified_value,96,63,60.377358
majestic,1980_1999,oceania,159,coordinate_precision,normalized_field_present,159,0,100.000000
majestic,1980_1999,oceania,159,coordinate_pile_review_state,normalized_field_present,0,159,0.000000
majestic,1980_1999,oceania,159,occurrence_date_role,raw_field_present,159,0,100.000000
majestic,1980_1999,oceania,159,exact_date,qualified_value,149,10,93.710692
majestic,1980_1999,oceania,159,time_of_day_raw,raw_field_present,129,30,81.132075
majestic,1980_1999,oceania,159,time_of_day_normalized,qualified_value,117,42,73.584906
majestic,1980_1999,oceania,159,reported_date_role,raw_field_present,0,159,0.000000
majestic,1980_1999,oceania,159,reporting_delay_estimable,qualified_value,0,159,0.000000
majestic,1980_1999,oceania,159,craft_normalized,normalized_field_present,155,4,97.484277
majestic,1980_1999,oceania,159,craft_confidence,qualified_value,124,35,77.987421
majestic,1980_1999,oceania,159,craft_classification_source,normalized_field_present,155,4,97.484277
majestic,1980_1999,oceania,159,same_day_suitability,qualified_value,123,36,77.358491
majestic,1980_1999,oceania,159,duplicate_lineage,normalized_field_present,159,0,100.000000
majestic,1980_1999,oceania,159,publisher_lineage,normalized_field_present,159,0,100.000000
majestic,1980_1999,oceania,159,independent_source_identity,normalized_field_present,159,0,100.000000
majestic,1980_1999,oceania,159,country_assignment,derived_field_present,159,0,100.000000
majestic,1980_1999,oceania,159,administrative_region,normalized_field_present,0,159,0.000000
majestic,1980_1999,oceania,159,boundary_assignment_provenance,derived_field_present,159,0,100.000000
majestic,1980_1999,oceania,159,duration_raw,raw_field_present,144,15,90.566038
majestic,1980_1999,oceania,159,witness_count_raw,raw_explicit_value,0,159,0.000000
majestic,1980_1999,oceania,159,sound_raw,raw_explicit_value,0,159,0.000000
majestic,1980_1999,oceania,159,color_raw,raw_explicit_value,0,159,0.000000
majestic,1980_1999,oceania,159,light_positive_mention,raw_positive_mention,0,159,0.000000
majestic,1980_1999,oceania,159,behavior_raw,raw_explicit_value,0,159,0.000000
majestic,1980_1999,oceania,159,evidence_raw,raw_explicit_value,0,159,0.000000
majestic,1980_1999,unknown,5101,coordinate_evidence,normalized_field_present,5101,0,100.000000
majestic,1980_1999,unknown,5101,source_coordinates,qualified_value,214,4887,4.195256
majestic,1980_1999,unknown,5101,coordinate_precision,normalized_field_present,2248,2853,44.069790
majestic,1980_1999,unknown,5101,coordinate_pile_review_state,normalized_field_present,0,5101,0.000000
majestic,1980_1999,unknown,5101,occurrence_date_role,raw_field_present,5101,0,100.000000
majestic,1980_1999,unknown,5101,exact_date,qualified_value,4488,613,87.982748
majestic,1980_1999,unknown,5101,time_of_day_raw,raw_field_present,232,4869,4.548128
majestic,1980_1999,unknown,5101,time_of_day_normalized,qualified_value,108,4993,2.117232
majestic,1980_1999,unknown,5101,reported_date_role,raw_field_present,0,5101,0.000000
majestic,1980_1999,unknown,5101,reporting_delay_estimable,qualified_value,0,5101,0.000000
majestic,1980_1999,unknown,5101,craft_normalized,normalized_field_present,3553,1548,69.653009
majestic,1980_1999,unknown,5101,craft_confidence,qualified_value,2872,2229,56.302686
majestic,1980_1999,unknown,5101,craft_classification_source,normalized_field_present,3553,1548,69.653009
majestic,1980_1999,unknown,5101,same_day_suitability,qualified_value,2834,2267,55.557734
majestic,1980_1999,unknown,5101,duplicate_lineage,normalized_field_present,5101,0,100.000000
majestic,1980_1999,unknown,5101,publisher_lineage,normalized_field_present,5101,0,100.000000
majestic,1980_1999,unknown,5101,independent_source_identity,normalized_field_present,5101,0,100.000000
majestic,1980_1999,unknown,5101,country_assignment,derived_field_present,0,5101,0.000000
majestic,1980_1999,unknown,5101,administrative_region,normalized_field_present,0,5101,0.000000
majestic,1980_1999,unknown,5101,boundary_assignment_provenance,derived_field_present,240,4861,4.704960
majestic,1980_1999,unknown,5101,duration_raw,raw_field_present,138,4963,2.705352
majestic,1980_1999,unknown,5101,witness_count_raw,raw_explicit_value,0,5101,0.000000
majestic,1980_1999,unknown,5101,sound_raw,raw_explicit_value,0,5101,0.000000
majestic,1980_1999,unknown,5101,color_raw,raw_explicit_value,0,5101,0.000000
majestic,1980_1999,unknown,5101,light_positive_mention,raw_positive_mention,0,5101,0.000000
majestic,1980_1999,unknown,5101,behavior_raw,raw_explicit_value,0,5101,0.000000
majestic,1980_1999,unknown,5101,evidence_raw,raw_explicit_value,0,5101,0.000000
majestic,2000_2009,asia,1,coordinate_evidence,normalized_field_present,1,0,100.000000
majestic,2000_2009,asia,1,source_coordinates,qualified_value,1,0,100.000000
majestic,2000_2009,asia,1,coordinate_precision,normalized_field_present,1,0,100.000000
majestic,2000_2009,asia,1,coordinate_pile_review_state,normalized_field_present,0,1,0.000000
majestic,2000_2009,asia,1,occurrence_date_role,raw_field_present,1,0,100.000000
majestic,2000_2009,asia,1,exact_date,qualified_value,1,0,100.000000
majestic,2000_2009,asia,1,time_of_day_raw,raw_field_present,1,0,100.000000
majestic,2000_2009,asia,1,time_of_day_normalized,qualified_value,1,0,100.000000
majestic,2000_2009,asia,1,reported_date_role,raw_field_present,0,1,0.000000
majestic,2000_2009,asia,1,reporting_delay_estimable,qualified_value,0,1,0.000000
majestic,2000_2009,asia,1,craft_normalized,normalized_field_present,1,0,100.000000
majestic,2000_2009,asia,1,craft_confidence,qualified_value,1,0,100.000000
majestic,2000_2009,asia,1,craft_classification_source,normalized_field_present,1,0,100.000000
majestic,2000_2009,asia,1,same_day_suitability,qualified_value,1,0,100.000000
majestic,2000_2009,asia,1,duplicate_lineage,normalized_field_present,1,0,100.000000
majestic,2000_2009,asia,1,publisher_lineage,normalized_field_present,1,0,100.000000
majestic,2000_2009,asia,1,independent_source_identity,normalized_field_present,1,0,100.000000
majestic,2000_2009,asia,1,country_assignment,derived_field_present,1,0,100.000000
majestic,2000_2009,asia,1,administrative_region,normalized_field_present,0,1,0.000000
majestic,2000_2009,asia,1,boundary_assignment_provenance,derived_field_present,1,0,100.000000
majestic,2000_2009,asia,1,duration_raw,raw_field_present,1,0,100.000000
majestic,2000_2009,asia,1,witness_count_raw,raw_explicit_value,0,1,0.000000
majestic,2000_2009,asia,1,sound_raw,raw_explicit_value,0,1,0.000000
majestic,2000_2009,asia,1,color_raw,raw_explicit_value,0,1,0.000000
majestic,2000_2009,asia,1,light_positive_mention,raw_positive_mention,0,1,0.000000
majestic,2000_2009,asia,1,behavior_raw,raw_explicit_value,0,1,0.000000
majestic,2000_2009,asia,1,evidence_raw,raw_explicit_value,0,1,0.000000
majestic,2000_2009,europe,9,coordinate_evidence,normalized_field_present,9,0,100.000000
majestic,2000_2009,europe,9,source_coordinates,qualified_value,9,0,100.000000
majestic,2000_2009,europe,9,coordinate_precision,normalized_field_present,9,0,100.000000
majestic,2000_2009,europe,9,coordinate_pile_review_state,normalized_field_present,0,9,0.000000
majestic,2000_2009,europe,9,occurrence_date_role,raw_field_present,9,0,100.000000
majestic,2000_2009,europe,9,exact_date,qualified_value,9,0,100.000000
majestic,2000_2009,europe,9,time_of_day_raw,raw_field_present,9,0,100.000000
majestic,2000_2009,europe,9,time_of_day_normalized,qualified_value,9,0,100.000000
majestic,2000_2009,europe,9,reported_date_role,raw_field_present,0,9,0.000000
majestic,2000_2009,europe,9,reporting_delay_estimable,qualified_value,0,9,0.000000
majestic,2000_2009,europe,9,craft_normalized,normalized_field_present,9,0,100.000000
majestic,2000_2009,europe,9,craft_confidence,qualified_value,9,0,100.000000
majestic,2000_2009,europe,9,craft_classification_source,normalized_field_present,9,0,100.000000
majestic,2000_2009,europe,9,same_day_suitability,qualified_value,9,0,100.000000
majestic,2000_2009,europe,9,duplicate_lineage,normalized_field_present,9,0,100.000000
majestic,2000_2009,europe,9,publisher_lineage,normalized_field_present,9,0,100.000000
majestic,2000_2009,europe,9,independent_source_identity,normalized_field_present,9,0,100.000000
majestic,2000_2009,europe,9,country_assignment,derived_field_present,9,0,100.000000
majestic,2000_2009,europe,9,administrative_region,normalized_field_present,0,9,0.000000
majestic,2000_2009,europe,9,boundary_assignment_provenance,derived_field_present,9,0,100.000000
majestic,2000_2009,europe,9,duration_raw,raw_field_present,9,0,100.000000
majestic,2000_2009,europe,9,witness_count_raw,raw_explicit_value,0,9,0.000000
majestic,2000_2009,europe,9,sound_raw,raw_explicit_value,0,9,0.000000
majestic,2000_2009,europe,9,color_raw,raw_explicit_value,0,9,0.000000
majestic,2000_2009,europe,9,light_positive_mention,raw_positive_mention,0,9,0.000000
majestic,2000_2009,europe,9,behavior_raw,raw_explicit_value,0,9,0.000000
majestic,2000_2009,europe,9,evidence_raw,raw_explicit_value,0,9,0.000000
majestic,2000_2009,latin_america_caribbean,9,coordinate_evidence,normalized_field_present,9,0,100.000000
majestic,2000_2009,latin_america_caribbean,9,source_coordinates,qualified_value,5,4,55.555556
majestic,2000_2009,latin_america_caribbean,9,coordinate_precision,normalized_field_present,9,0,100.000000
majestic,2000_2009,latin_america_caribbean,9,coordinate_pile_review_state,normalized_field_present,0,9,0.000000
majestic,2000_2009,latin_america_caribbean,9,occurrence_date_role,raw_field_present,9,0,100.000000
majestic,2000_2009,latin_america_caribbean,9,exact_date,qualified_value,8,1,88.888889
majestic,2000_2009,latin_america_caribbean,9,time_of_day_raw,raw_field_present,5,4,55.555556
majestic,2000_2009,latin_america_caribbean,9,time_of_day_normalized,qualified_value,5,4,55.555556
majestic,2000_2009,latin_america_caribbean,9,reported_date_role,raw_field_present,0,9,0.000000
majestic,2000_2009,latin_america_caribbean,9,reporting_delay_estimable,qualified_value,0,9,0.000000
majestic,2000_2009,latin_america_caribbean,9,craft_normalized,normalized_field_present,8,1,88.888889
majestic,2000_2009,latin_america_caribbean,9,craft_confidence,qualified_value,6,3,66.666667
majestic,2000_2009,latin_america_caribbean,9,craft_classification_source,normalized_field_present,8,1,88.888889
majestic,2000_2009,latin_america_caribbean,9,same_day_suitability,qualified_value,6,3,66.666667
majestic,2000_2009,latin_america_caribbean,9,duplicate_lineage,normalized_field_present,9,0,100.000000
majestic,2000_2009,latin_america_caribbean,9,publisher_lineage,normalized_field_present,9,0,100.000000
majestic,2000_2009,latin_america_caribbean,9,independent_source_identity,normalized_field_present,9,0,100.000000
majestic,2000_2009,latin_america_caribbean,9,country_assignment,derived_field_present,9,0,100.000000
majestic,2000_2009,latin_america_caribbean,9,administrative_region,normalized_field_present,0,9,0.000000
majestic,2000_2009,latin_america_caribbean,9,boundary_assignment_provenance,derived_field_present,9,0,100.000000
majestic,2000_2009,latin_america_caribbean,9,duration_raw,raw_field_present,5,4,55.555556
majestic,2000_2009,latin_america_caribbean,9,witness_count_raw,raw_explicit_value,0,9,0.000000
majestic,2000_2009,latin_america_caribbean,9,sound_raw,raw_explicit_value,0,9,0.000000
majestic,2000_2009,latin_america_caribbean,9,color_raw,raw_explicit_value,0,9,0.000000
majestic,2000_2009,latin_america_caribbean,9,light_positive_mention,raw_positive_mention,0,9,0.000000
majestic,2000_2009,latin_america_caribbean,9,behavior_raw,raw_explicit_value,0,9,0.000000
majestic,2000_2009,latin_america_caribbean,9,evidence_raw,raw_explicit_value,0,9,0.000000
majestic,2000_2009,northern_america,36,coordinate_evidence,normalized_field_present,36,0,100.000000
majestic,2000_2009,northern_america,36,source_coordinates,qualified_value,12,24,33.333333
majestic,2000_2009,northern_america,36,coordinate_precision,normalized_field_present,36,0,100.000000
majestic,2000_2009,northern_america,36,coordinate_pile_review_state,normalized_field_present,0,36,0.000000
majestic,2000_2009,northern_america,36,occurrence_date_role,raw_field_present,36,0,100.000000
majestic,2000_2009,northern_america,36,exact_date,qualified_value,25,11,69.444444
majestic,2000_2009,northern_america,36,time_of_day_raw,raw_field_present,15,21,41.666667
majestic,2000_2009,northern_america,36,time_of_day_normalized,qualified_value,15,21,41.666667
majestic,2000_2009,northern_america,36,reported_date_role,raw_field_present,0,36,0.000000
majestic,2000_2009,northern_america,36,reporting_delay_estimable,qualified_value,0,36,0.000000
majestic,2000_2009,northern_america,36,craft_normalized,normalized_field_present,17,19,47.222222
majestic,2000_2009,northern_america,36,craft_confidence,qualified_value,16,20,44.444444
majestic,2000_2009,northern_america,36,craft_classification_source,normalized_field_present,17,19,47.222222
majestic,2000_2009,northern_america,36,same_day_suitability,qualified_value,16,20,44.444444
majestic,2000_2009,northern_america,36,duplicate_lineage,normalized_field_present,36,0,100.000000
majestic,2000_2009,northern_america,36,publisher_lineage,normalized_field_present,36,0,100.000000
majestic,2000_2009,northern_america,36,independent_source_identity,normalized_field_present,36,0,100.000000
majestic,2000_2009,northern_america,36,country_assignment,derived_field_present,36,0,100.000000
majestic,2000_2009,northern_america,36,administrative_region,normalized_field_present,0,36,0.000000
majestic,2000_2009,northern_america,36,boundary_assignment_provenance,derived_field_present,36,0,100.000000
majestic,2000_2009,northern_america,36,duration_raw,raw_field_present,15,21,41.666667
majestic,2000_2009,northern_america,36,witness_count_raw,raw_explicit_value,0,36,0.000000
majestic,2000_2009,northern_america,36,sound_raw,raw_explicit_value,0,36,0.000000
majestic,2000_2009,northern_america,36,color_raw,raw_explicit_value,0,36,0.000000
majestic,2000_2009,northern_america,36,light_positive_mention,raw_positive_mention,0,36,0.000000
majestic,2000_2009,northern_america,36,behavior_raw,raw_explicit_value,0,36,0.000000
majestic,2000_2009,northern_america,36,evidence_raw,raw_explicit_value,0,36,0.000000
majestic,2000_2009,oceania,1,coordinate_evidence,normalized_field_present,1,0,100.000000
majestic,2000_2009,oceania,1,source_coordinates,qualified_value,1,0,100.000000
majestic,2000_2009,oceania,1,coordinate_precision,normalized_field_present,1,0,100.000000
majestic,2000_2009,oceania,1,coordinate_pile_review_state,normalized_field_present,0,1,0.000000
majestic,2000_2009,oceania,1,occurrence_date_role,raw_field_present,1,0,100.000000
majestic,2000_2009,oceania,1,exact_date,qualified_value,1,0,100.000000
majestic,2000_2009,oceania,1,time_of_day_raw,raw_field_present,1,0,100.000000
majestic,2000_2009,oceania,1,time_of_day_normalized,qualified_value,1,0,100.000000
majestic,2000_2009,oceania,1,reported_date_role,raw_field_present,0,1,0.000000
majestic,2000_2009,oceania,1,reporting_delay_estimable,qualified_value,0,1,0.000000
majestic,2000_2009,oceania,1,craft_normalized,normalized_field_present,1,0,100.000000
majestic,2000_2009,oceania,1,craft_confidence,qualified_value,1,0,100.000000
majestic,2000_2009,oceania,1,craft_classification_source,normalized_field_present,1,0,100.000000
majestic,2000_2009,oceania,1,same_day_suitability,qualified_value,1,0,100.000000
majestic,2000_2009,oceania,1,duplicate_lineage,normalized_field_present,1,0,100.000000
majestic,2000_2009,oceania,1,publisher_lineage,normalized_field_present,1,0,100.000000
majestic,2000_2009,oceania,1,independent_source_identity,normalized_field_present,1,0,100.000000
majestic,2000_2009,oceania,1,country_assignment,derived_field_present,1,0,100.000000
majestic,2000_2009,oceania,1,administrative_region,normalized_field_present,0,1,0.000000
majestic,2000_2009,oceania,1,boundary_assignment_provenance,derived_field_present,1,0,100.000000
majestic,2000_2009,oceania,1,duration_raw,raw_field_present,1,0,100.000000
majestic,2000_2009,oceania,1,witness_count_raw,raw_explicit_value,0,1,0.000000
majestic,2000_2009,oceania,1,sound_raw,raw_explicit_value,0,1,0.000000
majestic,2000_2009,oceania,1,color_raw,raw_explicit_value,0,1,0.000000
majestic,2000_2009,oceania,1,light_positive_mention,raw_positive_mention,0,1,0.000000
majestic,2000_2009,oceania,1,behavior_raw,raw_explicit_value,0,1,0.000000
majestic,2000_2009,oceania,1,evidence_raw,raw_explicit_value,0,1,0.000000
majestic,2000_2009,unknown,1316,coordinate_evidence,normalized_field_present,1316,0,100.000000
majestic,2000_2009,unknown,1316,source_coordinates,qualified_value,6,1310,0.455927
majestic,2000_2009,unknown,1316,coordinate_precision,normalized_field_present,271,1045,20.592705
majestic,2000_2009,unknown,1316,coordinate_pile_review_state,normalized_field_present,0,1316,0.000000
majestic,2000_2009,unknown,1316,occurrence_date_role,raw_field_present,1316,0,100.000000
majestic,2000_2009,unknown,1316,exact_date,qualified_value,1216,100,92.401216
majestic,2000_2009,unknown,1316,time_of_day_raw,raw_field_present,6,1310,0.455927
majestic,2000_2009,unknown,1316,time_of_day_normalized,qualified_value,6,1310,0.455927
majestic,2000_2009,unknown,1316,reported_date_role,raw_field_present,0,1316,0.000000
majestic,2000_2009,unknown,1316,reporting_delay_estimable,qualified_value,0,1316,0.000000
majestic,2000_2009,unknown,1316,craft_normalized,normalized_field_present,1009,307,76.671733
majestic,2000_2009,unknown,1316,craft_confidence,qualified_value,849,467,64.513678
majestic,2000_2009,unknown,1316,craft_classification_source,normalized_field_present,1009,307,76.671733
majestic,2000_2009,unknown,1316,same_day_suitability,qualified_value,844,472,64.133739
majestic,2000_2009,unknown,1316,duplicate_lineage,normalized_field_present,1316,0,100.000000
majestic,2000_2009,unknown,1316,publisher_lineage,normalized_field_present,1316,0,100.000000
majestic,2000_2009,unknown,1316,independent_source_identity,normalized_field_present,1316,0,100.000000
majestic,2000_2009,unknown,1316,country_assignment,derived_field_present,0,1316,0.000000
majestic,2000_2009,unknown,1316,administrative_region,normalized_field_present,0,1316,0.000000
majestic,2000_2009,unknown,1316,boundary_assignment_provenance,derived_field_present,7,1309,0.531915
majestic,2000_2009,unknown,1316,duration_raw,raw_field_present,6,1310,0.455927
majestic,2000_2009,unknown,1316,witness_count_raw,raw_explicit_value,0,1316,0.000000
majestic,2000_2009,unknown,1316,sound_raw,raw_explicit_value,0,1316,0.000000
majestic,2000_2009,unknown,1316,color_raw,raw_explicit_value,0,1316,0.000000
majestic,2000_2009,unknown,1316,light_positive_mention,raw_positive_mention,0,1316,0.000000
majestic,2000_2009,unknown,1316,behavior_raw,raw_explicit_value,0,1316,0.000000
majestic,2000_2009,unknown,1316,evidence_raw,raw_explicit_value,0,1316,0.000000
majestic,2010_2019,europe,4,coordinate_evidence,normalized_field_present,4,0,100.000000
majestic,2010_2019,europe,4,source_coordinates,qualified_value,0,4,0.000000
majestic,2010_2019,europe,4,coordinate_precision,normalized_field_present,4,0,100.000000
majestic,2010_2019,europe,4,coordinate_pile_review_state,normalized_field_present,0,4,0.000000
majestic,2010_2019,europe,4,occurrence_date_role,raw_field_present,4,0,100.000000
majestic,2010_2019,europe,4,exact_date,qualified_value,4,0,100.000000
majestic,2010_2019,europe,4,time_of_day_raw,raw_field_present,0,4,0.000000
majestic,2010_2019,europe,4,time_of_day_normalized,qualified_value,0,4,0.000000
majestic,2010_2019,europe,4,reported_date_role,raw_field_present,0,4,0.000000
majestic,2010_2019,europe,4,reporting_delay_estimable,qualified_value,0,4,0.000000
majestic,2010_2019,europe,4,craft_normalized,normalized_field_present,1,3,25.000000
majestic,2010_2019,europe,4,craft_confidence,qualified_value,0,4,0.000000
majestic,2010_2019,europe,4,craft_classification_source,normalized_field_present,1,3,25.000000
majestic,2010_2019,europe,4,same_day_suitability,qualified_value,0,4,0.000000
majestic,2010_2019,europe,4,duplicate_lineage,normalized_field_present,4,0,100.000000
majestic,2010_2019,europe,4,publisher_lineage,normalized_field_present,4,0,100.000000
majestic,2010_2019,europe,4,independent_source_identity,normalized_field_present,4,0,100.000000
majestic,2010_2019,europe,4,country_assignment,derived_field_present,4,0,100.000000
majestic,2010_2019,europe,4,administrative_region,normalized_field_present,0,4,0.000000
majestic,2010_2019,europe,4,boundary_assignment_provenance,derived_field_present,4,0,100.000000
majestic,2010_2019,europe,4,duration_raw,raw_field_present,0,4,0.000000
majestic,2010_2019,europe,4,witness_count_raw,raw_explicit_value,0,4,0.000000
majestic,2010_2019,europe,4,sound_raw,raw_explicit_value,0,4,0.000000
majestic,2010_2019,europe,4,color_raw,raw_explicit_value,0,4,0.000000
majestic,2010_2019,europe,4,light_positive_mention,raw_positive_mention,0,4,0.000000
majestic,2010_2019,europe,4,behavior_raw,raw_explicit_value,0,4,0.000000
majestic,2010_2019,europe,4,evidence_raw,raw_explicit_value,0,4,0.000000
majestic,2010_2019,latin_america_caribbean,2,coordinate_evidence,normalized_field_present,2,0,100.000000
majestic,2010_2019,latin_america_caribbean,2,source_coordinates,qualified_value,0,2,0.000000
majestic,2010_2019,latin_america_caribbean,2,coordinate_precision,normalized_field_present,2,0,100.000000
majestic,2010_2019,latin_america_caribbean,2,coordinate_pile_review_state,normalized_field_present,0,2,0.000000
majestic,2010_2019,latin_america_caribbean,2,occurrence_date_role,raw_field_present,2,0,100.000000
majestic,2010_2019,latin_america_caribbean,2,exact_date,qualified_value,2,0,100.000000
majestic,2010_2019,latin_america_caribbean,2,time_of_day_raw,raw_field_present,0,2,0.000000
majestic,2010_2019,latin_america_caribbean,2,time_of_day_normalized,qualified_value,0,2,0.000000
majestic,2010_2019,latin_america_caribbean,2,reported_date_role,raw_field_present,0,2,0.000000
majestic,2010_2019,latin_america_caribbean,2,reporting_delay_estimable,qualified_value,0,2,0.000000
majestic,2010_2019,latin_america_caribbean,2,craft_normalized,normalized_field_present,1,1,50.000000
majestic,2010_2019,latin_america_caribbean,2,craft_confidence,qualified_value,1,1,50.000000
majestic,2010_2019,latin_america_caribbean,2,craft_classification_source,normalized_field_present,1,1,50.000000
majestic,2010_2019,latin_america_caribbean,2,same_day_suitability,qualified_value,1,1,50.000000
majestic,2010_2019,latin_america_caribbean,2,duplicate_lineage,normalized_field_present,2,0,100.000000
majestic,2010_2019,latin_america_caribbean,2,publisher_lineage,normalized_field_present,2,0,100.000000
majestic,2010_2019,latin_america_caribbean,2,independent_source_identity,normalized_field_present,2,0,100.000000
majestic,2010_2019,latin_america_caribbean,2,country_assignment,derived_field_present,2,0,100.000000
majestic,2010_2019,latin_america_caribbean,2,administrative_region,normalized_field_present,0,2,0.000000
majestic,2010_2019,latin_america_caribbean,2,boundary_assignment_provenance,derived_field_present,2,0,100.000000
majestic,2010_2019,latin_america_caribbean,2,duration_raw,raw_field_present,0,2,0.000000
majestic,2010_2019,latin_america_caribbean,2,witness_count_raw,raw_explicit_value,0,2,0.000000
majestic,2010_2019,latin_america_caribbean,2,sound_raw,raw_explicit_value,0,2,0.000000
majestic,2010_2019,latin_america_caribbean,2,color_raw,raw_explicit_value,0,2,0.000000
majestic,2010_2019,latin_america_caribbean,2,light_positive_mention,raw_positive_mention,0,2,0.000000
majestic,2010_2019,latin_america_caribbean,2,behavior_raw,raw_explicit_value,0,2,0.000000
majestic,2010_2019,latin_america_caribbean,2,evidence_raw,raw_explicit_value,0,2,0.000000
majestic,2010_2019,northern_america,17,coordinate_evidence,normalized_field_present,17,0,100.000000
majestic,2010_2019,northern_america,17,source_coordinates,qualified_value,0,17,0.000000
majestic,2010_2019,northern_america,17,coordinate_precision,normalized_field_present,17,0,100.000000
majestic,2010_2019,northern_america,17,coordinate_pile_review_state,normalized_field_present,0,17,0.000000
majestic,2010_2019,northern_america,17,occurrence_date_role,raw_field_present,17,0,100.000000
majestic,2010_2019,northern_america,17,exact_date,qualified_value,13,4,76.470588
majestic,2010_2019,northern_america,17,time_of_day_raw,raw_field_present,1,16,5.882353
majestic,2010_2019,northern_america,17,time_of_day_normalized,qualified_value,0,17,0.000000
majestic,2010_2019,northern_america,17,reported_date_role,raw_field_present,0,17,0.000000
majestic,2010_2019,northern_america,17,reporting_delay_estimable,qualified_value,0,17,0.000000
majestic,2010_2019,northern_america,17,craft_normalized,normalized_field_present,4,13,23.529412
majestic,2010_2019,northern_america,17,craft_confidence,qualified_value,3,14,17.647059
majestic,2010_2019,northern_america,17,craft_classification_source,normalized_field_present,4,13,23.529412
majestic,2010_2019,northern_america,17,same_day_suitability,qualified_value,3,14,17.647059
majestic,2010_2019,northern_america,17,duplicate_lineage,normalized_field_present,17,0,100.000000
majestic,2010_2019,northern_america,17,publisher_lineage,normalized_field_present,17,0,100.000000
majestic,2010_2019,northern_america,17,independent_source_identity,normalized_field_present,17,0,100.000000
majestic,2010_2019,northern_america,17,country_assignment,derived_field_present,17,0,100.000000
majestic,2010_2019,northern_america,17,administrative_region,normalized_field_present,0,17,0.000000
majestic,2010_2019,northern_america,17,boundary_assignment_provenance,derived_field_present,17,0,100.000000
majestic,2010_2019,northern_america,17,duration_raw,raw_field_present,0,17,0.000000
majestic,2010_2019,northern_america,17,witness_count_raw,raw_explicit_value,0,17,0.000000
majestic,2010_2019,northern_america,17,sound_raw,raw_explicit_value,0,17,0.000000
majestic,2010_2019,northern_america,17,color_raw,raw_explicit_value,0,17,0.000000
majestic,2010_2019,northern_america,17,light_positive_mention,raw_positive_mention,0,17,0.000000
majestic,2010_2019,northern_america,17,behavior_raw,raw_explicit_value,0,17,0.000000
majestic,2010_2019,northern_america,17,evidence_raw,raw_explicit_value,0,17,0.000000
majestic,2010_2019,unknown,347,coordinate_evidence,normalized_field_present,347,0,100.000000
majestic,2010_2019,unknown,347,source_coordinates,qualified_value,0,347,0.000000
majestic,2010_2019,unknown,347,coordinate_precision,normalized_field_present,189,158,54.466859
majestic,2010_2019,unknown,347,coordinate_pile_review_state,normalized_field_present,0,347,0.000000
majestic,2010_2019,unknown,347,occurrence_date_role,raw_field_present,347,0,100.000000
majestic,2010_2019,unknown,347,exact_date,qualified_value,276,71,79.538905
majestic,2010_2019,unknown,347,time_of_day_raw,raw_field_present,0,347,0.000000
majestic,2010_2019,unknown,347,time_of_day_normalized,qualified_value,0,347,0.000000
majestic,2010_2019,unknown,347,reported_date_role,raw_field_present,0,347,0.000000
majestic,2010_2019,unknown,347,reporting_delay_estimable,qualified_value,0,347,0.000000
majestic,2010_2019,unknown,347,craft_normalized,normalized_field_present,149,198,42.939481
majestic,2010_2019,unknown,347,craft_confidence,qualified_value,113,234,32.564841
majestic,2010_2019,unknown,347,craft_classification_source,normalized_field_present,149,198,42.939481
majestic,2010_2019,unknown,347,same_day_suitability,qualified_value,112,235,32.276657
majestic,2010_2019,unknown,347,duplicate_lineage,normalized_field_present,347,0,100.000000
majestic,2010_2019,unknown,347,publisher_lineage,normalized_field_present,347,0,100.000000
majestic,2010_2019,unknown,347,independent_source_identity,normalized_field_present,347,0,100.000000
majestic,2010_2019,unknown,347,country_assignment,derived_field_present,0,347,0.000000
majestic,2010_2019,unknown,347,administrative_region,normalized_field_present,0,347,0.000000
majestic,2010_2019,unknown,347,boundary_assignment_provenance,derived_field_present,0,347,0.000000
majestic,2010_2019,unknown,347,duration_raw,raw_field_present,0,347,0.000000
majestic,2010_2019,unknown,347,witness_count_raw,raw_explicit_value,0,347,0.000000
majestic,2010_2019,unknown,347,sound_raw,raw_explicit_value,0,347,0.000000
majestic,2010_2019,unknown,347,color_raw,raw_explicit_value,0,347,0.000000
majestic,2010_2019,unknown,347,light_positive_mention,raw_positive_mention,0,347,0.000000
majestic,2010_2019,unknown,347,behavior_raw,raw_explicit_value,0,347,0.000000
majestic,2010_2019,unknown,347,evidence_raw,raw_explicit_value,0,347,0.000000
majestic,2020_plus,europe,1,coordinate_evidence,normalized_field_present,1,0,100.000000
majestic,2020_plus,europe,1,source_coordinates,qualified_value,0,1,0.000000
majestic,2020_plus,europe,1,coordinate_precision,normalized_field_present,1,0,100.000000
majestic,2020_plus,europe,1,coordinate_pile_review_state,normalized_field_present,0,1,0.000000
majestic,2020_plus,europe,1,occurrence_date_role,raw_field_present,1,0,100.000000
majestic,2020_plus,europe,1,exact_date,qualified_value,0,1,0.000000
majestic,2020_plus,europe,1,time_of_day_raw,raw_field_present,0,1,0.000000
majestic,2020_plus,europe,1,time_of_day_normalized,qualified_value,0,1,0.000000
majestic,2020_plus,europe,1,reported_date_role,raw_field_present,0,1,0.000000
majestic,2020_plus,europe,1,reporting_delay_estimable,qualified_value,0,1,0.000000
majestic,2020_plus,europe,1,craft_normalized,normalized_field_present,0,1,0.000000
majestic,2020_plus,europe,1,craft_confidence,qualified_value,0,1,0.000000
majestic,2020_plus,europe,1,craft_classification_source,normalized_field_present,0,1,0.000000
majestic,2020_plus,europe,1,same_day_suitability,qualified_value,0,1,0.000000
majestic,2020_plus,europe,1,duplicate_lineage,normalized_field_present,1,0,100.000000
majestic,2020_plus,europe,1,publisher_lineage,normalized_field_present,1,0,100.000000
majestic,2020_plus,europe,1,independent_source_identity,normalized_field_present,1,0,100.000000
majestic,2020_plus,europe,1,country_assignment,derived_field_present,1,0,100.000000
majestic,2020_plus,europe,1,administrative_region,normalized_field_present,0,1,0.000000
majestic,2020_plus,europe,1,boundary_assignment_provenance,derived_field_present,1,0,100.000000
majestic,2020_plus,europe,1,duration_raw,raw_field_present,0,1,0.000000
majestic,2020_plus,europe,1,witness_count_raw,raw_explicit_value,0,1,0.000000
majestic,2020_plus,europe,1,sound_raw,raw_explicit_value,0,1,0.000000
majestic,2020_plus,europe,1,color_raw,raw_explicit_value,0,1,0.000000
majestic,2020_plus,europe,1,light_positive_mention,raw_positive_mention,0,1,0.000000
majestic,2020_plus,europe,1,behavior_raw,raw_explicit_value,0,1,0.000000
majestic,2020_plus,europe,1,evidence_raw,raw_explicit_value,0,1,0.000000
majestic,2020_plus,northern_america,11,coordinate_evidence,normalized_field_present,11,0,100.000000
majestic,2020_plus,northern_america,11,source_coordinates,qualified_value,0,11,0.000000
majestic,2020_plus,northern_america,11,coordinate_precision,normalized_field_present,11,0,100.000000
majestic,2020_plus,northern_america,11,coordinate_pile_review_state,normalized_field_present,0,11,0.000000
majestic,2020_plus,northern_america,11,occurrence_date_role,raw_field_present,11,0,100.000000
majestic,2020_plus,northern_america,11,exact_date,qualified_value,9,2,81.818182
majestic,2020_plus,northern_america,11,time_of_day_raw,raw_field_present,0,11,0.000000
majestic,2020_plus,northern_america,11,time_of_day_normalized,qualified_value,0,11,0.000000
majestic,2020_plus,northern_america,11,reported_date_role,raw_field_present,0,11,0.000000
majestic,2020_plus,northern_america,11,reporting_delay_estimable,qualified_value,0,11,0.000000
majestic,2020_plus,northern_america,11,craft_normalized,normalized_field_present,2,9,18.181818
majestic,2020_plus,northern_america,11,craft_confidence,qualified_value,2,9,18.181818
majestic,2020_plus,northern_america,11,craft_classification_source,normalized_field_present,2,9,18.181818
majestic,2020_plus,northern_america,11,same_day_suitability,qualified_value,2,9,18.181818
majestic,2020_plus,northern_america,11,duplicate_lineage,normalized_field_present,11,0,100.000000
majestic,2020_plus,northern_america,11,publisher_lineage,normalized_field_present,11,0,100.000000
majestic,2020_plus,northern_america,11,independent_source_identity,normalized_field_present,11,0,100.000000
majestic,2020_plus,northern_america,11,country_assignment,derived_field_present,11,0,100.000000
majestic,2020_plus,northern_america,11,administrative_region,normalized_field_present,0,11,0.000000
majestic,2020_plus,northern_america,11,boundary_assignment_provenance,derived_field_present,11,0,100.000000
majestic,2020_plus,northern_america,11,duration_raw,raw_field_present,0,11,0.000000
majestic,2020_plus,northern_america,11,witness_count_raw,raw_explicit_value,0,11,0.000000
majestic,2020_plus,northern_america,11,sound_raw,raw_explicit_value,0,11,0.000000
majestic,2020_plus,northern_america,11,color_raw,raw_explicit_value,0,11,0.000000
majestic,2020_plus,northern_america,11,light_positive_mention,raw_positive_mention,0,11,0.000000
majestic,2020_plus,northern_america,11,behavior_raw,raw_explicit_value,0,11,0.000000
majestic,2020_plus,northern_america,11,evidence_raw,raw_explicit_value,0,11,0.000000
majestic,2020_plus,unknown,223,coordinate_evidence,normalized_field_present,223,0,100.000000
majestic,2020_plus,unknown,223,source_coordinates,qualified_value,0,223,0.000000
majestic,2020_plus,unknown,223,coordinate_precision,normalized_field_present,112,111,50.224215
majestic,2020_plus,unknown,223,coordinate_pile_review_state,normalized_field_present,0,223,0.000000
majestic,2020_plus,unknown,223,occurrence_date_role,raw_field_present,223,0,100.000000
majestic,2020_plus,unknown,223,exact_date,qualified_value,195,28,87.443946
majestic,2020_plus,unknown,223,time_of_day_raw,raw_field_present,0,223,0.000000
majestic,2020_plus,unknown,223,time_of_day_normalized,qualified_value,0,223,0.000000
majestic,2020_plus,unknown,223,reported_date_role,raw_field_present,0,223,0.000000
majestic,2020_plus,unknown,223,reporting_delay_estimable,qualified_value,0,223,0.000000
majestic,2020_plus,unknown,223,craft_normalized,normalized_field_present,54,169,24.215247
majestic,2020_plus,unknown,223,craft_confidence,qualified_value,47,176,21.076233
majestic,2020_plus,unknown,223,craft_classification_source,normalized_field_present,54,169,24.215247
majestic,2020_plus,unknown,223,same_day_suitability,qualified_value,46,177,20.627803
majestic,2020_plus,unknown,223,duplicate_lineage,normalized_field_present,223,0,100.000000
majestic,2020_plus,unknown,223,publisher_lineage,normalized_field_present,223,0,100.000000
majestic,2020_plus,unknown,223,independent_source_identity,normalized_field_present,223,0,100.000000
majestic,2020_plus,unknown,223,country_assignment,derived_field_present,0,223,0.000000
majestic,2020_plus,unknown,223,administrative_region,normalized_field_present,0,223,0.000000
majestic,2020_plus,unknown,223,boundary_assignment_provenance,derived_field_present,0,223,0.000000
majestic,2020_plus,unknown,223,duration_raw,raw_field_present,0,223,0.000000
majestic,2020_plus,unknown,223,witness_count_raw,raw_explicit_value,0,223,0.000000
majestic,2020_plus,unknown,223,sound_raw,raw_explicit_value,0,223,0.000000
majestic,2020_plus,unknown,223,color_raw,raw_explicit_value,0,223,0.000000
majestic,2020_plus,unknown,223,light_positive_mention,raw_positive_mention,0,223,0.000000
majestic,2020_plus,unknown,223,behavior_raw,raw_explicit_value,0,223,0.000000
majestic,2020_plus,unknown,223,evidence_raw,raw_explicit_value,0,223,0.000000
majestic,pre_1945,africa,4,coordinate_evidence,normalized_field_present,4,0,100.000000
majestic,pre_1945,africa,4,source_coordinates,qualified_value,4,0,100.000000
majestic,pre_1945,africa,4,coordinate_precision,normalized_field_present,4,0,100.000000
majestic,pre_1945,africa,4,coordinate_pile_review_state,normalized_field_present,0,4,0.000000
majestic,pre_1945,africa,4,occurrence_date_role,raw_field_present,4,0,100.000000
majestic,pre_1945,africa,4,exact_date,qualified_value,1,3,25.000000
majestic,pre_1945,africa,4,time_of_day_raw,raw_field_present,3,1,75.000000
majestic,pre_1945,africa,4,time_of_day_normalized,qualified_value,0,4,0.000000
majestic,pre_1945,africa,4,reported_date_role,raw_field_present,0,4,0.000000
majestic,pre_1945,africa,4,reporting_delay_estimable,qualified_value,0,4,0.000000
majestic,pre_1945,africa,4,craft_normalized,normalized_field_present,4,0,100.000000
majestic,pre_1945,africa,4,craft_confidence,qualified_value,4,0,100.000000
majestic,pre_1945,africa,4,craft_classification_source,normalized_field_present,4,0,100.000000
majestic,pre_1945,africa,4,same_day_suitability,qualified_value,4,0,100.000000
majestic,pre_1945,africa,4,duplicate_lineage,normalized_field_present,4,0,100.000000
majestic,pre_1945,africa,4,publisher_lineage,normalized_field_present,4,0,100.000000
majestic,pre_1945,africa,4,independent_source_identity,normalized_field_present,4,0,100.000000
majestic,pre_1945,africa,4,country_assignment,derived_field_present,4,0,100.000000
majestic,pre_1945,africa,4,administrative_region,normalized_field_present,0,4,0.000000
majestic,pre_1945,africa,4,boundary_assignment_provenance,derived_field_present,4,0,100.000000
majestic,pre_1945,africa,4,duration_raw,raw_field_present,4,0,100.000000
majestic,pre_1945,africa,4,witness_count_raw,raw_explicit_value,0,4,0.000000
majestic,pre_1945,africa,4,sound_raw,raw_explicit_value,0,4,0.000000
majestic,pre_1945,africa,4,color_raw,raw_explicit_value,0,4,0.000000
majestic,pre_1945,africa,4,light_positive_mention,raw_positive_mention,0,4,0.000000
majestic,pre_1945,africa,4,behavior_raw,raw_explicit_value,0,4,0.000000
majestic,pre_1945,africa,4,evidence_raw,raw_explicit_value,0,4,0.000000
majestic,pre_1945,asia,21,coordinate_evidence,normalized_field_present,21,0,100.000000
majestic,pre_1945,asia,21,source_coordinates,qualified_value,16,5,76.190476
majestic,pre_1945,asia,21,coordinate_precision,normalized_field_present,21,0,100.000000
majestic,pre_1945,asia,21,coordinate_pile_review_state,normalized_field_present,0,21,0.000000
majestic,pre_1945,asia,21,occurrence_date_role,raw_field_present,21,0,100.000000
majestic,pre_1945,asia,21,exact_date,qualified_value,16,5,76.190476
majestic,pre_1945,asia,21,time_of_day_raw,raw_field_present,11,10,52.380952
majestic,pre_1945,asia,21,time_of_day_normalized,qualified_value,5,16,23.809524
majestic,pre_1945,asia,21,reported_date_role,raw_field_present,0,21,0.000000
majestic,pre_1945,asia,21,reporting_delay_estimable,qualified_value,0,21,0.000000
majestic,pre_1945,asia,21,craft_normalized,normalized_field_present,17,4,80.952381
majestic,pre_1945,asia,21,craft_confidence,qualified_value,14,7,66.666667
majestic,pre_1945,asia,21,craft_classification_source,normalized_field_present,17,4,80.952381
majestic,pre_1945,asia,21,same_day_suitability,qualified_value,14,7,66.666667
majestic,pre_1945,asia,21,duplicate_lineage,normalized_field_present,21,0,100.000000
majestic,pre_1945,asia,21,publisher_lineage,normalized_field_present,21,0,100.000000
majestic,pre_1945,asia,21,independent_source_identity,normalized_field_present,21,0,100.000000
majestic,pre_1945,asia,21,country_assignment,derived_field_present,21,0,100.000000
majestic,pre_1945,asia,21,administrative_region,normalized_field_present,0,21,0.000000
majestic,pre_1945,asia,21,boundary_assignment_provenance,derived_field_present,21,0,100.000000
majestic,pre_1945,asia,21,duration_raw,raw_field_present,16,5,76.190476
majestic,pre_1945,asia,21,witness_count_raw,raw_explicit_value,0,21,0.000000
majestic,pre_1945,asia,21,sound_raw,raw_explicit_value,0,21,0.000000
majestic,pre_1945,asia,21,color_raw,raw_explicit_value,0,21,0.000000
majestic,pre_1945,asia,21,light_positive_mention,raw_positive_mention,0,21,0.000000
majestic,pre_1945,asia,21,behavior_raw,raw_explicit_value,0,21,0.000000
majestic,pre_1945,asia,21,evidence_raw,raw_explicit_value,0,21,0.000000
majestic,pre_1945,europe,360,coordinate_evidence,normalized_field_present,360,0,100.000000
majestic,pre_1945,europe,360,source_coordinates,qualified_value,188,172,52.222222
majestic,pre_1945,europe,360,coordinate_precision,normalized_field_present,360,0,100.000000
majestic,pre_1945,europe,360,coordinate_pile_review_state,normalized_field_present,0,360,0.000000
majestic,pre_1945,europe,360,occurrence_date_role,raw_field_present,360,0,100.000000
majestic,pre_1945,europe,360,exact_date,qualified_value,254,106,70.555556
majestic,pre_1945,europe,360,time_of_day_raw,raw_field_present,151,209,41.944444
majestic,pre_1945,europe,360,time_of_day_normalized,qualified_value,109,251,30.277778
majestic,pre_1945,europe,360,reported_date_role,raw_field_present,0,360,0.000000
majestic,pre_1945,europe,360,reporting_delay_estimable,qualified_value,0,360,0.000000
majestic,pre_1945,europe,360,craft_normalized,normalized_field_present,279,81,77.500000
majestic,pre_1945,europe,360,craft_confidence,qualified_value,220,140,61.111111
majestic,pre_1945,europe,360,craft_classification_source,normalized_field_present,279,81,77.500000
majestic,pre_1945,europe,360,same_day_suitability,qualified_value,212,148,58.888889
majestic,pre_1945,europe,360,duplicate_lineage,normalized_field_present,360,0,100.000000
majestic,pre_1945,europe,360,publisher_lineage,normalized_field_present,360,0,100.000000
majestic,pre_1945,europe,360,independent_source_identity,normalized_field_present,360,0,100.000000
majestic,pre_1945,europe,360,country_assignment,derived_field_present,360,0,100.000000
majestic,pre_1945,europe,360,administrative_region,normalized_field_present,0,360,0.000000
majestic,pre_1945,europe,360,boundary_assignment_provenance,derived_field_present,360,0,100.000000
majestic,pre_1945,europe,360,duration_raw,raw_field_present,191,169,53.055556
majestic,pre_1945,europe,360,witness_count_raw,raw_explicit_value,0,360,0.000000
majestic,pre_1945,europe,360,sound_raw,raw_explicit_value,0,360,0.000000
majestic,pre_1945,europe,360,color_raw,raw_explicit_value,0,360,0.000000
majestic,pre_1945,europe,360,light_positive_mention,raw_positive_mention,0,360,0.000000
majestic,pre_1945,europe,360,behavior_raw,raw_explicit_value,0,360,0.000000
majestic,pre_1945,europe,360,evidence_raw,raw_explicit_value,0,360,0.000000
majestic,pre_1945,latin_america_caribbean,8,coordinate_evidence,normalized_field_present,8,0,100.000000
majestic,pre_1945,latin_america_caribbean,8,source_coordinates,qualified_value,5,3,62.500000
majestic,pre_1945,latin_america_caribbean,8,coordinate_precision,normalized_field_present,8,0,100.000000
majestic,pre_1945,latin_america_caribbean,8,coordinate_pile_review_state,normalized_field_present,0,8,0.000000
majestic,pre_1945,latin_america_caribbean,8,occurrence_date_role,raw_field_present,8,0,100.000000
majestic,pre_1945,latin_america_caribbean,8,exact_date,qualified_value,4,4,50.000000
majestic,pre_1945,latin_america_caribbean,8,time_of_day_raw,raw_field_present,5,3,62.500000
majestic,pre_1945,latin_america_caribbean,8,time_of_day_normalized,qualified_value,1,7,12.500000
majestic,pre_1945,latin_america_caribbean,8,reported_date_role,raw_field_present,0,8,0.000000
majestic,pre_1945,latin_america_caribbean,8,reporting_delay_estimable,qualified_value,0,8,0.000000
majestic,pre_1945,latin_america_caribbean,8,craft_normalized,normalized_field_present,7,1,87.500000
majestic,pre_1945,latin_america_caribbean,8,craft_confidence,qualified_value,7,1,87.500000
majestic,pre_1945,latin_america_caribbean,8,craft_classification_source,normalized_field_present,7,1,87.500000
majestic,pre_1945,latin_america_caribbean,8,same_day_suitability,qualified_value,7,1,87.500000
majestic,pre_1945,latin_america_caribbean,8,duplicate_lineage,normalized_field_present,8,0,100.000000
majestic,pre_1945,latin_america_caribbean,8,publisher_lineage,normalized_field_present,8,0,100.000000
majestic,pre_1945,latin_america_caribbean,8,independent_source_identity,normalized_field_present,8,0,100.000000
majestic,pre_1945,latin_america_caribbean,8,country_assignment,derived_field_present,8,0,100.000000
majestic,pre_1945,latin_america_caribbean,8,administrative_region,normalized_field_present,0,8,0.000000
majestic,pre_1945,latin_america_caribbean,8,boundary_assignment_provenance,derived_field_present,8,0,100.000000
majestic,pre_1945,latin_america_caribbean,8,duration_raw,raw_field_present,5,3,62.500000
majestic,pre_1945,latin_america_caribbean,8,witness_count_raw,raw_explicit_value,0,8,0.000000
majestic,pre_1945,latin_america_caribbean,8,sound_raw,raw_explicit_value,0,8,0.000000
majestic,pre_1945,latin_america_caribbean,8,color_raw,raw_explicit_value,0,8,0.000000
majestic,pre_1945,latin_america_caribbean,8,light_positive_mention,raw_positive_mention,0,8,0.000000
majestic,pre_1945,latin_america_caribbean,8,behavior_raw,raw_explicit_value,0,8,0.000000
majestic,pre_1945,latin_america_caribbean,8,evidence_raw,raw_explicit_value,0,8,0.000000
majestic,pre_1945,northern_america,160,coordinate_evidence,normalized_field_present,160,0,100.000000
majestic,pre_1945,northern_america,160,source_coordinates,qualified_value,67,93,41.875000
majestic,pre_1945,northern_america,160,coordinate_precision,normalized_field_present,160,0,100.000000
majestic,pre_1945,northern_america,160,coordinate_pile_review_state,normalized_field_present,0,160,0.000000
majestic,pre_1945,northern_america,160,occurrence_date_role,raw_field_present,160,0,100.000000
majestic,pre_1945,northern_america,160,exact_date,qualified_value,115,45,71.875000
majestic,pre_1945,northern_america,160,time_of_day_raw,raw_field_present,70,90,43.750000
majestic,pre_1945,northern_america,160,time_of_day_normalized,qualified_value,48,112,30.000000
majestic,pre_1945,northern_america,160,reported_date_role,raw_field_present,0,160,0.000000
majestic,pre_1945,northern_america,160,reporting_delay_estimable,qualified_value,0,160,0.000000
majestic,pre_1945,northern_america,160,craft_normalized,normalized_field_present,123,37,76.875000
majestic,pre_1945,northern_america,160,craft_confidence,qualified_value,101,59,63.125000
majestic,pre_1945,northern_america,160,craft_classification_source,normalized_field_present,123,37,76.875000
majestic,pre_1945,northern_america,160,same_day_suitability,qualified_value,100,60,62.500000
majestic,pre_1945,northern_america,160,duplicate_lineage,normalized_field_present,160,0,100.000000
majestic,pre_1945,northern_america,160,publisher_lineage,normalized_field_present,160,0,100.000000
majestic,pre_1945,northern_america,160,independent_source_identity,normalized_field_present,160,0,100.000000
majestic,pre_1945,northern_america,160,country_assignment,derived_field_present,160,0,100.000000
majestic,pre_1945,northern_america,160,administrative_region,normalized_field_present,0,160,0.000000
majestic,pre_1945,northern_america,160,boundary_assignment_provenance,derived_field_present,160,0,100.000000
majestic,pre_1945,northern_america,160,duration_raw,raw_field_present,75,85,46.875000
majestic,pre_1945,northern_america,160,witness_count_raw,raw_explicit_value,0,160,0.000000
majestic,pre_1945,northern_america,160,sound_raw,raw_explicit_value,0,160,0.000000
majestic,pre_1945,northern_america,160,color_raw,raw_explicit_value,0,160,0.000000
majestic,pre_1945,northern_america,160,light_positive_mention,raw_positive_mention,0,160,0.000000
majestic,pre_1945,northern_america,160,behavior_raw,raw_explicit_value,0,160,0.000000
majestic,pre_1945,northern_america,160,evidence_raw,raw_explicit_value,0,160,0.000000
majestic,pre_1945,oceania,23,coordinate_evidence,normalized_field_present,23,0,100.000000
majestic,pre_1945,oceania,23,source_coordinates,qualified_value,18,5,78.260870
majestic,pre_1945,oceania,23,coordinate_precision,normalized_field_present,23,0,100.000000
majestic,pre_1945,oceania,23,coordinate_pile_review_state,normalized_field_present,0,23,0.000000
majestic,pre_1945,oceania,23,occurrence_date_role,raw_field_present,23,0,100.000000
majestic,pre_1945,oceania,23,exact_date,qualified_value,16,7,69.565217
majestic,pre_1945,oceania,23,time_of_day_raw,raw_field_present,15,8,65.217391
majestic,pre_1945,oceania,23,time_of_day_normalized,qualified_value,9,14,39.130435
majestic,pre_1945,oceania,23,reported_date_role,raw_field_present,0,23,0.000000
majestic,pre_1945,oceania,23,reporting_delay_estimable,qualified_value,0,23,0.000000
majestic,pre_1945,oceania,23,craft_normalized,normalized_field_present,20,3,86.956522
majestic,pre_1945,oceania,23,craft_confidence,qualified_value,19,4,82.608696
majestic,pre_1945,oceania,23,craft_classification_source,normalized_field_present,20,3,86.956522
majestic,pre_1945,oceania,23,same_day_suitability,qualified_value,19,4,82.608696
majestic,pre_1945,oceania,23,duplicate_lineage,normalized_field_present,23,0,100.000000
majestic,pre_1945,oceania,23,publisher_lineage,normalized_field_present,23,0,100.000000
majestic,pre_1945,oceania,23,independent_source_identity,normalized_field_present,23,0,100.000000
majestic,pre_1945,oceania,23,country_assignment,derived_field_present,23,0,100.000000
majestic,pre_1945,oceania,23,administrative_region,normalized_field_present,0,23,0.000000
majestic,pre_1945,oceania,23,boundary_assignment_provenance,derived_field_present,23,0,100.000000
majestic,pre_1945,oceania,23,duration_raw,raw_field_present,18,5,78.260870
majestic,pre_1945,oceania,23,witness_count_raw,raw_explicit_value,0,23,0.000000
majestic,pre_1945,oceania,23,sound_raw,raw_explicit_value,0,23,0.000000
majestic,pre_1945,oceania,23,color_raw,raw_explicit_value,0,23,0.000000
majestic,pre_1945,oceania,23,light_positive_mention,raw_positive_mention,0,23,0.000000
majestic,pre_1945,oceania,23,behavior_raw,raw_explicit_value,0,23,0.000000
majestic,pre_1945,oceania,23,evidence_raw,raw_explicit_value,0,23,0.000000
majestic,pre_1945,unknown,3175,coordinate_evidence,normalized_field_present,3175,0,100.000000
majestic,pre_1945,unknown,3175,source_coordinates,qualified_value,29,3146,0.913386
majestic,pre_1945,unknown,3175,coordinate_precision,normalized_field_present,2372,803,74.708661
majestic,pre_1945,unknown,3175,coordinate_pile_review_state,normalized_field_present,0,3175,0.000000
majestic,pre_1945,unknown,3175,occurrence_date_role,raw_field_present,3175,0,100.000000
majestic,pre_1945,unknown,3175,exact_date,qualified_value,1794,1381,56.503937
majestic,pre_1945,unknown,3175,time_of_day_raw,raw_field_present,84,3091,2.645669
majestic,pre_1945,unknown,3175,time_of_day_normalized,qualified_value,53,3122,1.669291
majestic,pre_1945,unknown,3175,reported_date_role,raw_field_present,0,3175,0.000000
majestic,pre_1945,unknown,3175,reporting_delay_estimable,qualified_value,0,3175,0.000000
majestic,pre_1945,unknown,3175,craft_normalized,normalized_field_present,1879,1296,59.181102
majestic,pre_1945,unknown,3175,craft_confidence,qualified_value,1376,1799,43.338583
majestic,pre_1945,unknown,3175,craft_classification_source,normalized_field_present,1879,1296,59.181102
majestic,pre_1945,unknown,3175,same_day_suitability,qualified_value,1339,1836,42.173228
majestic,pre_1945,unknown,3175,duplicate_lineage,normalized_field_present,3175,0,100.000000
majestic,pre_1945,unknown,3175,publisher_lineage,normalized_field_present,3175,0,100.000000
majestic,pre_1945,unknown,3175,independent_source_identity,normalized_field_present,3175,0,100.000000
majestic,pre_1945,unknown,3175,country_assignment,derived_field_present,0,3175,0.000000
majestic,pre_1945,unknown,3175,administrative_region,normalized_field_present,0,3175,0.000000
majestic,pre_1945,unknown,3175,boundary_assignment_provenance,derived_field_present,37,3138,1.165354
majestic,pre_1945,unknown,3175,duration_raw,raw_field_present,44,3131,1.385827
majestic,pre_1945,unknown,3175,witness_count_raw,raw_explicit_value,0,3175,0.000000
majestic,pre_1945,unknown,3175,sound_raw,raw_explicit_value,0,3175,0.000000
majestic,pre_1945,unknown,3175,color_raw,raw_explicit_value,0,3175,0.000000
majestic,pre_1945,unknown,3175,light_positive_mention,raw_positive_mention,0,3175,0.000000
majestic,pre_1945,unknown,3175,behavior_raw,raw_explicit_value,0,3175,0.000000
majestic,pre_1945,unknown,3175,evidence_raw,raw_explicit_value,0,3175,0.000000
majestic,unknown,africa,33,coordinate_evidence,normalized_field_present,33,0,100.000000
majestic,unknown,africa,33,source_coordinates,qualified_value,33,0,100.000000
majestic,unknown,africa,33,coordinate_precision,normalized_field_present,33,0,100.000000
majestic,unknown,africa,33,coordinate_pile_review_state,normalized_field_present,0,33,0.000000
majestic,unknown,africa,33,occurrence_date_role,raw_field_present,33,0,100.000000
majestic,unknown,africa,33,exact_date,qualified_value,0,33,0.000000
majestic,unknown,africa,33,time_of_day_raw,raw_field_present,24,9,72.727273
majestic,unknown,africa,33,time_of_day_normalized,qualified_value,0,33,0.000000
majestic,unknown,africa,33,reported_date_role,raw_field_present,0,33,0.000000
majestic,unknown,africa,33,reporting_delay_estimable,qualified_value,0,33,0.000000
majestic,unknown,africa,33,craft_normalized,normalized_field_present,33,0,100.000000
majestic,unknown,africa,33,craft_confidence,qualified_value,30,3,90.909091
majestic,unknown,africa,33,craft_classification_source,normalized_field_present,33,0,100.000000
majestic,unknown,africa,33,same_day_suitability,qualified_value,29,4,87.878788
majestic,unknown,africa,33,duplicate_lineage,normalized_field_present,33,0,100.000000
majestic,unknown,africa,33,publisher_lineage,normalized_field_present,33,0,100.000000
majestic,unknown,africa,33,independent_source_identity,normalized_field_present,33,0,100.000000
majestic,unknown,africa,33,country_assignment,derived_field_present,33,0,100.000000
majestic,unknown,africa,33,administrative_region,normalized_field_present,0,33,0.000000
majestic,unknown,africa,33,boundary_assignment_provenance,derived_field_present,33,0,100.000000
majestic,unknown,africa,33,duration_raw,raw_field_present,33,0,100.000000
majestic,unknown,africa,33,witness_count_raw,raw_explicit_value,0,33,0.000000
majestic,unknown,africa,33,sound_raw,raw_explicit_value,0,33,0.000000
majestic,unknown,africa,33,color_raw,raw_explicit_value,0,33,0.000000
majestic,unknown,africa,33,light_positive_mention,raw_positive_mention,0,33,0.000000
majestic,unknown,africa,33,behavior_raw,raw_explicit_value,0,33,0.000000
majestic,unknown,africa,33,evidence_raw,raw_explicit_value,0,33,0.000000
majestic,unknown,asia,57,coordinate_evidence,normalized_field_present,57,0,100.000000
majestic,unknown,asia,57,source_coordinates,qualified_value,57,0,100.000000
majestic,unknown,asia,57,coordinate_precision,normalized_field_present,57,0,100.000000
majestic,unknown,asia,57,coordinate_pile_review_state,normalized_field_present,0,57,0.000000
majestic,unknown,asia,57,occurrence_date_role,raw_field_present,57,0,100.000000
majestic,unknown,asia,57,exact_date,qualified_value,0,57,0.000000
majestic,unknown,asia,57,time_of_day_raw,raw_field_present,37,20,64.912281
majestic,unknown,asia,57,time_of_day_normalized,qualified_value,0,57,0.000000
majestic,unknown,asia,57,reported_date_role,raw_field_present,0,57,0.000000
majestic,unknown,asia,57,reporting_delay_estimable,qualified_value,0,57,0.000000
majestic,unknown,asia,57,craft_normalized,normalized_field_present,57,0,100.000000
majestic,unknown,asia,57,craft_confidence,qualified_value,54,3,94.736842
majestic,unknown,asia,57,craft_classification_source,normalized_field_present,57,0,100.000000
majestic,unknown,asia,57,same_day_suitability,qualified_value,54,3,94.736842
majestic,unknown,asia,57,duplicate_lineage,normalized_field_present,57,0,100.000000
majestic,unknown,asia,57,publisher_lineage,normalized_field_present,57,0,100.000000
majestic,unknown,asia,57,independent_source_identity,normalized_field_present,57,0,100.000000
majestic,unknown,asia,57,country_assignment,derived_field_present,57,0,100.000000
majestic,unknown,asia,57,administrative_region,normalized_field_present,0,57,0.000000
majestic,unknown,asia,57,boundary_assignment_provenance,derived_field_present,57,0,100.000000
majestic,unknown,asia,57,duration_raw,raw_field_present,57,0,100.000000
majestic,unknown,asia,57,witness_count_raw,raw_explicit_value,0,57,0.000000
majestic,unknown,asia,57,sound_raw,raw_explicit_value,0,57,0.000000
majestic,unknown,asia,57,color_raw,raw_explicit_value,0,57,0.000000
majestic,unknown,asia,57,light_positive_mention,raw_positive_mention,0,57,0.000000
majestic,unknown,asia,57,behavior_raw,raw_explicit_value,0,57,0.000000
majestic,unknown,asia,57,evidence_raw,raw_explicit_value,0,57,0.000000
majestic,unknown,europe,336,coordinate_evidence,normalized_field_present,336,0,100.000000
majestic,unknown,europe,336,source_coordinates,qualified_value,333,3,99.107143
majestic,unknown,europe,336,coordinate_precision,normalized_field_present,336,0,100.000000
majestic,unknown,europe,336,coordinate_pile_review_state,normalized_field_present,0,336,0.000000
majestic,unknown,europe,336,occurrence_date_role,raw_field_present,336,0,100.000000
majestic,unknown,europe,336,exact_date,qualified_value,0,336,0.000000
majestic,unknown,europe,336,time_of_day_raw,raw_field_present,265,71,78.869048
majestic,unknown,europe,336,time_of_day_normalized,qualified_value,0,336,0.000000
majestic,unknown,europe,336,reported_date_role,raw_field_present,0,336,0.000000
majestic,unknown,europe,336,reporting_delay_estimable,qualified_value,0,336,0.000000
majestic,unknown,europe,336,craft_normalized,normalized_field_present,330,6,98.214286
majestic,unknown,europe,336,craft_confidence,qualified_value,287,49,85.416667
majestic,unknown,europe,336,craft_classification_source,normalized_field_present,330,6,98.214286
majestic,unknown,europe,336,same_day_suitability,qualified_value,282,54,83.928571
majestic,unknown,europe,336,duplicate_lineage,normalized_field_present,336,0,100.000000
majestic,unknown,europe,336,publisher_lineage,normalized_field_present,336,0,100.000000
majestic,unknown,europe,336,independent_source_identity,normalized_field_present,336,0,100.000000
majestic,unknown,europe,336,country_assignment,derived_field_present,336,0,100.000000
majestic,unknown,europe,336,administrative_region,normalized_field_present,0,336,0.000000
majestic,unknown,europe,336,boundary_assignment_provenance,derived_field_present,336,0,100.000000
majestic,unknown,europe,336,duration_raw,raw_field_present,333,3,99.107143
majestic,unknown,europe,336,witness_count_raw,raw_explicit_value,0,336,0.000000
majestic,unknown,europe,336,sound_raw,raw_explicit_value,0,336,0.000000
majestic,unknown,europe,336,color_raw,raw_explicit_value,0,336,0.000000
majestic,unknown,europe,336,light_positive_mention,raw_positive_mention,0,336,0.000000
majestic,unknown,europe,336,behavior_raw,raw_explicit_value,0,336,0.000000
majestic,unknown,europe,336,evidence_raw,raw_explicit_value,0,336,0.000000
majestic,unknown,latin_america_caribbean,83,coordinate_evidence,normalized_field_present,83,0,100.000000
majestic,unknown,latin_america_caribbean,83,source_coordinates,qualified_value,83,0,100.000000
majestic,unknown,latin_america_caribbean,83,coordinate_precision,normalized_field_present,83,0,100.000000
majestic,unknown,latin_america_caribbean,83,coordinate_pile_review_state,normalized_field_present,0,83,0.000000
majestic,unknown,latin_america_caribbean,83,occurrence_date_role,raw_field_present,83,0,100.000000
majestic,unknown,latin_america_caribbean,83,exact_date,qualified_value,0,83,0.000000
majestic,unknown,latin_america_caribbean,83,time_of_day_raw,raw_field_present,43,40,51.807229
majestic,unknown,latin_america_caribbean,83,time_of_day_normalized,qualified_value,0,83,0.000000
majestic,unknown,latin_america_caribbean,83,reported_date_role,raw_field_present,0,83,0.000000
majestic,unknown,latin_america_caribbean,83,reporting_delay_estimable,qualified_value,0,83,0.000000
majestic,unknown,latin_america_caribbean,83,craft_normalized,normalized_field_present,80,3,96.385542
majestic,unknown,latin_america_caribbean,83,craft_confidence,qualified_value,72,11,86.746988
majestic,unknown,latin_america_caribbean,83,craft_classification_source,normalized_field_present,80,3,96.385542
majestic,unknown,latin_america_caribbean,83,same_day_suitability,qualified_value,72,11,86.746988
majestic,unknown,latin_america_caribbean,83,duplicate_lineage,normalized_field_present,83,0,100.000000
majestic,unknown,latin_america_caribbean,83,publisher_lineage,normalized_field_present,83,0,100.000000
majestic,unknown,latin_america_caribbean,83,independent_source_identity,normalized_field_present,83,0,100.000000
majestic,unknown,latin_america_caribbean,83,country_assignment,derived_field_present,83,0,100.000000
majestic,unknown,latin_america_caribbean,83,administrative_region,normalized_field_present,0,83,0.000000
majestic,unknown,latin_america_caribbean,83,boundary_assignment_provenance,derived_field_present,83,0,100.000000
majestic,unknown,latin_america_caribbean,83,duration_raw,raw_field_present,83,0,100.000000
majestic,unknown,latin_america_caribbean,83,witness_count_raw,raw_explicit_value,0,83,0.000000
majestic,unknown,latin_america_caribbean,83,sound_raw,raw_explicit_value,0,83,0.000000
majestic,unknown,latin_america_caribbean,83,color_raw,raw_explicit_value,0,83,0.000000
majestic,unknown,latin_america_caribbean,83,light_positive_mention,raw_positive_mention,0,83,0.000000
majestic,unknown,latin_america_caribbean,83,behavior_raw,raw_explicit_value,0,83,0.000000
majestic,unknown,latin_america_caribbean,83,evidence_raw,raw_explicit_value,0,83,0.000000
majestic,unknown,northern_america,340,coordinate_evidence,normalized_field_present,340,0,100.000000
majestic,unknown,northern_america,340,source_coordinates,qualified_value,335,5,98.529412
majestic,unknown,northern_america,340,coordinate_precision,normalized_field_present,340,0,100.000000
majestic,unknown,northern_america,340,coordinate_pile_review_state,normalized_field_present,0,340,0.000000
majestic,unknown,northern_america,340,occurrence_date_role,raw_field_present,340,0,100.000000
majestic,unknown,northern_america,340,exact_date,qualified_value,0,340,0.000000
majestic,unknown,northern_america,340,time_of_day_raw,raw_field_present,268,72,78.823529
majestic,unknown,northern_america,340,time_of_day_normalized,qualified_value,0,340,0.000000
majestic,unknown,northern_america,340,reported_date_role,raw_field_present,0,340,0.000000
majestic,unknown,northern_america,340,reporting_delay_estimable,qualified_value,0,340,0.000000
majestic,unknown,northern_america,340,craft_normalized,normalized_field_present,328,12,96.470588
majestic,unknown,northern_america,340,craft_confidence,qualified_value,297,43,87.352941
majestic,unknown,northern_america,340,craft_classification_source,normalized_field_present,328,12,96.470588
majestic,unknown,northern_america,340,same_day_suitability,qualified_value,295,45,86.764706
majestic,unknown,northern_america,340,duplicate_lineage,normalized_field_present,340,0,100.000000
majestic,unknown,northern_america,340,publisher_lineage,normalized_field_present,340,0,100.000000
majestic,unknown,northern_america,340,independent_source_identity,normalized_field_present,340,0,100.000000
majestic,unknown,northern_america,340,country_assignment,derived_field_present,340,0,100.000000
majestic,unknown,northern_america,340,administrative_region,normalized_field_present,0,340,0.000000
majestic,unknown,northern_america,340,boundary_assignment_provenance,derived_field_present,340,0,100.000000
majestic,unknown,northern_america,340,duration_raw,raw_field_present,335,5,98.529412
majestic,unknown,northern_america,340,witness_count_raw,raw_explicit_value,0,340,0.000000
majestic,unknown,northern_america,340,sound_raw,raw_explicit_value,0,340,0.000000
majestic,unknown,northern_america,340,color_raw,raw_explicit_value,0,340,0.000000
majestic,unknown,northern_america,340,light_positive_mention,raw_positive_mention,0,340,0.000000
majestic,unknown,northern_america,340,behavior_raw,raw_explicit_value,0,340,0.000000
majestic,unknown,northern_america,340,evidence_raw,raw_explicit_value,0,340,0.000000
majestic,unknown,oceania,28,coordinate_evidence,normalized_field_present,28,0,100.000000
majestic,unknown,oceania,28,source_coordinates,qualified_value,28,0,100.000000
majestic,unknown,oceania,28,coordinate_precision,normalized_field_present,28,0,100.000000
majestic,unknown,oceania,28,coordinate_pile_review_state,normalized_field_present,0,28,0.000000
majestic,unknown,oceania,28,occurrence_date_role,raw_field_present,28,0,100.000000
majestic,unknown,oceania,28,exact_date,qualified_value,0,28,0.000000
majestic,unknown,oceania,28,time_of_day_raw,raw_field_present,20,8,71.428571
majestic,unknown,oceania,28,time_of_day_normalized,qualified_value,0,28,0.000000
majestic,unknown,oceania,28,reported_date_role,raw_field_present,0,28,0.000000
majestic,unknown,oceania,28,reporting_delay_estimable,qualified_value,0,28,0.000000
majestic,unknown,oceania,28,craft_normalized,normalized_field_present,27,1,96.428571
majestic,unknown,oceania,28,craft_confidence,qualified_value,19,9,67.857143
majestic,unknown,oceania,28,craft_classification_source,normalized_field_present,27,1,96.428571
majestic,unknown,oceania,28,same_day_suitability,qualified_value,19,9,67.857143
majestic,unknown,oceania,28,duplicate_lineage,normalized_field_present,28,0,100.000000
majestic,unknown,oceania,28,publisher_lineage,normalized_field_present,28,0,100.000000
majestic,unknown,oceania,28,independent_source_identity,normalized_field_present,28,0,100.000000
majestic,unknown,oceania,28,country_assignment,derived_field_present,28,0,100.000000
majestic,unknown,oceania,28,administrative_region,normalized_field_present,0,28,0.000000
majestic,unknown,oceania,28,boundary_assignment_provenance,derived_field_present,28,0,100.000000
majestic,unknown,oceania,28,duration_raw,raw_field_present,28,0,100.000000
majestic,unknown,oceania,28,witness_count_raw,raw_explicit_value,0,28,0.000000
majestic,unknown,oceania,28,sound_raw,raw_explicit_value,0,28,0.000000
majestic,unknown,oceania,28,color_raw,raw_explicit_value,0,28,0.000000
majestic,unknown,oceania,28,light_positive_mention,raw_positive_mention,0,28,0.000000
majestic,unknown,oceania,28,behavior_raw,raw_explicit_value,0,28,0.000000
majestic,unknown,oceania,28,evidence_raw,raw_explicit_value,0,28,0.000000
majestic,unknown,unknown,190,coordinate_evidence,normalized_field_present,190,0,100.000000
majestic,unknown,unknown,190,source_coordinates,qualified_value,62,128,32.631579
majestic,unknown,unknown,190,coordinate_precision,normalized_field_present,185,5,97.368421
majestic,unknown,unknown,190,coordinate_pile_review_state,normalized_field_present,0,190,0.000000
majestic,unknown,unknown,190,occurrence_date_role,raw_field_present,190,0,100.000000
majestic,unknown,unknown,190,exact_date,qualified_value,0,190,0.000000
majestic,unknown,unknown,190,time_of_day_raw,raw_field_present,44,146,23.157895
majestic,unknown,unknown,190,time_of_day_normalized,qualified_value,0,190,0.000000
majestic,unknown,unknown,190,reported_date_role,raw_field_present,0,190,0.000000
majestic,unknown,unknown,190,reporting_delay_estimable,qualified_value,0,190,0.000000
majestic,unknown,unknown,190,craft_normalized,normalized_field_present,150,40,78.947368
majestic,unknown,unknown,190,craft_confidence,qualified_value,121,69,63.684211
majestic,unknown,unknown,190,craft_classification_source,normalized_field_present,150,40,78.947368
majestic,unknown,unknown,190,same_day_suitability,qualified_value,121,69,63.684211
majestic,unknown,unknown,190,duplicate_lineage,normalized_field_present,190,0,100.000000
majestic,unknown,unknown,190,publisher_lineage,normalized_field_present,190,0,100.000000
majestic,unknown,unknown,190,independent_source_identity,normalized_field_present,190,0,100.000000
majestic,unknown,unknown,190,country_assignment,derived_field_present,0,190,0.000000
majestic,unknown,unknown,190,administrative_region,normalized_field_present,0,190,0.000000
majestic,unknown,unknown,190,boundary_assignment_provenance,derived_field_present,62,128,32.631579
majestic,unknown,unknown,190,duration_raw,raw_field_present,66,124,34.736842
majestic,unknown,unknown,190,witness_count_raw,raw_explicit_value,0,190,0.000000
majestic,unknown,unknown,190,sound_raw,raw_explicit_value,0,190,0.000000
majestic,unknown,unknown,190,color_raw,raw_explicit_value,0,190,0.000000
majestic,unknown,unknown,190,light_positive_mention,raw_positive_mention,0,190,0.000000
majestic,unknown,unknown,190,behavior_raw,raw_explicit_value,0,190,0.000000
majestic,unknown,unknown,190,evidence_raw,raw_explicit_value,0,190,0.000000
mufon,1945_1959,europe,4,coordinate_evidence,normalized_field_present,4,0,100.000000
mufon,1945_1959,europe,4,source_coordinates,qualified_value,0,4,0.000000
mufon,1945_1959,europe,4,coordinate_precision,normalized_field_present,4,0,100.000000
mufon,1945_1959,europe,4,coordinate_pile_review_state,normalized_field_present,0,4,0.000000
mufon,1945_1959,europe,4,occurrence_date_role,raw_field_present,4,0,100.000000
mufon,1945_1959,europe,4,exact_date,qualified_value,4,0,100.000000
mufon,1945_1959,europe,4,time_of_day_raw,raw_field_present,4,0,100.000000
mufon,1945_1959,europe,4,time_of_day_normalized,qualified_value,4,0,100.000000
mufon,1945_1959,europe,4,reported_date_role,raw_field_present,4,0,100.000000
mufon,1945_1959,europe,4,reporting_delay_estimable,qualified_value,4,0,100.000000
mufon,1945_1959,europe,4,craft_normalized,normalized_field_present,2,2,50.000000
mufon,1945_1959,europe,4,craft_confidence,qualified_value,2,2,50.000000
mufon,1945_1959,europe,4,craft_classification_source,normalized_field_present,2,2,50.000000
mufon,1945_1959,europe,4,same_day_suitability,qualified_value,2,2,50.000000
mufon,1945_1959,europe,4,duplicate_lineage,normalized_field_present,4,0,100.000000
mufon,1945_1959,europe,4,publisher_lineage,normalized_field_present,4,0,100.000000
mufon,1945_1959,europe,4,independent_source_identity,normalized_field_present,4,0,100.000000
mufon,1945_1959,europe,4,country_assignment,derived_field_present,4,0,100.000000
mufon,1945_1959,europe,4,administrative_region,normalized_field_present,0,4,0.000000
mufon,1945_1959,europe,4,boundary_assignment_provenance,derived_field_present,4,0,100.000000
mufon,1945_1959,europe,4,duration_raw,raw_field_present,0,4,0.000000
mufon,1945_1959,europe,4,witness_count_raw,raw_explicit_value,0,4,0.000000
mufon,1945_1959,europe,4,sound_raw,raw_explicit_value,0,4,0.000000
mufon,1945_1959,europe,4,color_raw,raw_explicit_value,0,4,0.000000
mufon,1945_1959,europe,4,light_positive_mention,raw_positive_mention,0,4,0.000000
mufon,1945_1959,europe,4,behavior_raw,raw_explicit_value,0,4,0.000000
mufon,1945_1959,europe,4,evidence_raw,raw_explicit_value,0,4,0.000000
mufon,1945_1959,latin_america_caribbean,1,coordinate_evidence,normalized_field_present,1,0,100.000000
mufon,1945_1959,latin_america_caribbean,1,source_coordinates,qualified_value,0,1,0.000000
mufon,1945_1959,latin_america_caribbean,1,coordinate_precision,normalized_field_present,1,0,100.000000
mufon,1945_1959,latin_america_caribbean,1,coordinate_pile_review_state,normalized_field_present,0,1,0.000000
mufon,1945_1959,latin_america_caribbean,1,occurrence_date_role,raw_field_present,1,0,100.000000
mufon,1945_1959,latin_america_caribbean,1,exact_date,qualified_value,1,0,100.000000
mufon,1945_1959,latin_america_caribbean,1,time_of_day_raw,raw_field_present,1,0,100.000000
mufon,1945_1959,latin_america_caribbean,1,time_of_day_normalized,qualified_value,1,0,100.000000
mufon,1945_1959,latin_america_caribbean,1,reported_date_role,raw_field_present,1,0,100.000000
mufon,1945_1959,latin_america_caribbean,1,reporting_delay_estimable,qualified_value,1,0,100.000000
mufon,1945_1959,latin_america_caribbean,1,craft_normalized,normalized_field_present,1,0,100.000000
mufon,1945_1959,latin_america_caribbean,1,craft_confidence,qualified_value,1,0,100.000000
mufon,1945_1959,latin_america_caribbean,1,craft_classification_source,normalized_field_present,1,0,100.000000
mufon,1945_1959,latin_america_caribbean,1,same_day_suitability,qualified_value,1,0,100.000000
mufon,1945_1959,latin_america_caribbean,1,duplicate_lineage,normalized_field_present,1,0,100.000000
mufon,1945_1959,latin_america_caribbean,1,publisher_lineage,normalized_field_present,1,0,100.000000
mufon,1945_1959,latin_america_caribbean,1,independent_source_identity,normalized_field_present,1,0,100.000000
mufon,1945_1959,latin_america_caribbean,1,country_assignment,derived_field_present,1,0,100.000000
mufon,1945_1959,latin_america_caribbean,1,administrative_region,normalized_field_present,0,1,0.000000
mufon,1945_1959,latin_america_caribbean,1,boundary_assignment_provenance,derived_field_present,1,0,100.000000
mufon,1945_1959,latin_america_caribbean,1,duration_raw,raw_field_present,0,1,0.000000
mufon,1945_1959,latin_america_caribbean,1,witness_count_raw,raw_explicit_value,0,1,0.000000
mufon,1945_1959,latin_america_caribbean,1,sound_raw,raw_explicit_value,0,1,0.000000
mufon,1945_1959,latin_america_caribbean,1,color_raw,raw_explicit_value,0,1,0.000000
mufon,1945_1959,latin_america_caribbean,1,light_positive_mention,raw_positive_mention,0,1,0.000000
mufon,1945_1959,latin_america_caribbean,1,behavior_raw,raw_explicit_value,0,1,0.000000
mufon,1945_1959,latin_america_caribbean,1,evidence_raw,raw_explicit_value,0,1,0.000000
mufon,1945_1959,northern_america,381,coordinate_evidence,normalized_field_present,381,0,100.000000
mufon,1945_1959,northern_america,381,source_coordinates,qualified_value,0,381,0.000000
mufon,1945_1959,northern_america,381,coordinate_precision,normalized_field_present,381,0,100.000000
mufon,1945_1959,northern_america,381,coordinate_pile_review_state,normalized_field_present,0,381,0.000000
mufon,1945_1959,northern_america,381,occurrence_date_role,raw_field_present,381,0,100.000000
mufon,1945_1959,northern_america,381,exact_date,qualified_value,381,0,100.000000
mufon,1945_1959,northern_america,381,time_of_day_raw,raw_field_present,381,0,100.000000
mufon,1945_1959,northern_america,381,time_of_day_normalized,qualified_value,381,0,100.000000
mufon,1945_1959,northern_america,381,reported_date_role,raw_field_present,381,0,100.000000
mufon,1945_1959,northern_america,381,reporting_delay_estimable,qualified_value,381,0,100.000000
mufon,1945_1959,northern_america,381,craft_normalized,normalized_field_present,295,86,77.427822
mufon,1945_1959,northern_america,381,craft_confidence,qualified_value,219,162,57.480315
mufon,1945_1959,northern_america,381,craft_classification_source,normalized_field_present,295,86,77.427822
mufon,1945_1959,northern_america,381,same_day_suitability,qualified_value,216,165,56.692913
mufon,1945_1959,northern_america,381,duplicate_lineage,normalized_field_present,381,0,100.000000
mufon,1945_1959,northern_america,381,publisher_lineage,normalized_field_present,381,0,100.000000
mufon,1945_1959,northern_america,381,independent_source_identity,normalized_field_present,381,0,100.000000
mufon,1945_1959,northern_america,381,country_assignment,derived_field_present,381,0,100.000000
mufon,1945_1959,northern_america,381,administrative_region,normalized_field_present,0,381,0.000000
mufon,1945_1959,northern_america,381,boundary_assignment_provenance,derived_field_present,381,0,100.000000
mufon,1945_1959,northern_america,381,duration_raw,raw_field_present,0,381,0.000000
mufon,1945_1959,northern_america,381,witness_count_raw,raw_explicit_value,0,381,0.000000
mufon,1945_1959,northern_america,381,sound_raw,raw_explicit_value,0,381,0.000000
mufon,1945_1959,northern_america,381,color_raw,raw_explicit_value,0,381,0.000000
mufon,1945_1959,northern_america,381,light_positive_mention,raw_positive_mention,0,381,0.000000
mufon,1945_1959,northern_america,381,behavior_raw,raw_explicit_value,0,381,0.000000
mufon,1945_1959,northern_america,381,evidence_raw,raw_explicit_value,0,381,0.000000
mufon,1945_1959,unknown,62,coordinate_evidence,normalized_field_present,62,0,100.000000
mufon,1945_1959,unknown,62,source_coordinates,qualified_value,0,62,0.000000
mufon,1945_1959,unknown,62,coordinate_precision,normalized_field_present,62,0,100.000000
mufon,1945_1959,unknown,62,coordinate_pile_review_state,normalized_field_present,0,62,0.000000
mufon,1945_1959,unknown,62,occurrence_date_role,raw_field_present,62,0,100.000000
mufon,1945_1959,unknown,62,exact_date,qualified_value,62,0,100.000000
mufon,1945_1959,unknown,62,time_of_day_raw,raw_field_present,62,0,100.000000
mufon,1945_1959,unknown,62,time_of_day_normalized,qualified_value,62,0,100.000000
mufon,1945_1959,unknown,62,reported_date_role,raw_field_present,62,0,100.000000
mufon,1945_1959,unknown,62,reporting_delay_estimable,qualified_value,62,0,100.000000
mufon,1945_1959,unknown,62,craft_normalized,normalized_field_present,47,15,75.806452
mufon,1945_1959,unknown,62,craft_confidence,qualified_value,38,24,61.290323
mufon,1945_1959,unknown,62,craft_classification_source,normalized_field_present,47,15,75.806452
mufon,1945_1959,unknown,62,same_day_suitability,qualified_value,38,24,61.290323
mufon,1945_1959,unknown,62,duplicate_lineage,normalized_field_present,62,0,100.000000
mufon,1945_1959,unknown,62,publisher_lineage,normalized_field_present,62,0,100.000000
mufon,1945_1959,unknown,62,independent_source_identity,normalized_field_present,62,0,100.000000
mufon,1945_1959,unknown,62,country_assignment,derived_field_present,0,62,0.000000
mufon,1945_1959,unknown,62,administrative_region,normalized_field_present,0,62,0.000000
mufon,1945_1959,unknown,62,boundary_assignment_provenance,derived_field_present,7,55,11.290323
mufon,1945_1959,unknown,62,duration_raw,raw_field_present,0,62,0.000000
mufon,1945_1959,unknown,62,witness_count_raw,raw_explicit_value,0,62,0.000000
mufon,1945_1959,unknown,62,sound_raw,raw_explicit_value,0,62,0.000000
mufon,1945_1959,unknown,62,color_raw,raw_explicit_value,0,62,0.000000
mufon,1945_1959,unknown,62,light_positive_mention,raw_positive_mention,0,62,0.000000
mufon,1945_1959,unknown,62,behavior_raw,raw_explicit_value,0,62,0.000000
mufon,1945_1959,unknown,62,evidence_raw,raw_explicit_value,0,62,0.000000
mufon,1960_1979,africa,1,coordinate_evidence,normalized_field_present,1,0,100.000000
mufon,1960_1979,africa,1,source_coordinates,qualified_value,0,1,0.000000
mufon,1960_1979,africa,1,coordinate_precision,normalized_field_present,1,0,100.000000
mufon,1960_1979,africa,1,coordinate_pile_review_state,normalized_field_present,0,1,0.000000
mufon,1960_1979,africa,1,occurrence_date_role,raw_field_present,1,0,100.000000
mufon,1960_1979,africa,1,exact_date,qualified_value,1,0,100.000000
mufon,1960_1979,africa,1,time_of_day_raw,raw_field_present,1,0,100.000000
mufon,1960_1979,africa,1,time_of_day_normalized,qualified_value,1,0,100.000000
mufon,1960_1979,africa,1,reported_date_role,raw_field_present,1,0,100.000000
mufon,1960_1979,africa,1,reporting_delay_estimable,qualified_value,1,0,100.000000
mufon,1960_1979,africa,1,craft_normalized,normalized_field_present,1,0,100.000000
mufon,1960_1979,africa,1,craft_confidence,qualified_value,1,0,100.000000
mufon,1960_1979,africa,1,craft_classification_source,normalized_field_present,1,0,100.000000
mufon,1960_1979,africa,1,same_day_suitability,qualified_value,1,0,100.000000
mufon,1960_1979,africa,1,duplicate_lineage,normalized_field_present,1,0,100.000000
mufon,1960_1979,africa,1,publisher_lineage,normalized_field_present,1,0,100.000000
mufon,1960_1979,africa,1,independent_source_identity,normalized_field_present,1,0,100.000000
mufon,1960_1979,africa,1,country_assignment,derived_field_present,1,0,100.000000
mufon,1960_1979,africa,1,administrative_region,normalized_field_present,0,1,0.000000
mufon,1960_1979,africa,1,boundary_assignment_provenance,derived_field_present,1,0,100.000000
mufon,1960_1979,africa,1,duration_raw,raw_field_present,0,1,0.000000
mufon,1960_1979,africa,1,witness_count_raw,raw_explicit_value,0,1,0.000000
mufon,1960_1979,africa,1,sound_raw,raw_explicit_value,0,1,0.000000
mufon,1960_1979,africa,1,color_raw,raw_explicit_value,0,1,0.000000
mufon,1960_1979,africa,1,light_positive_mention,raw_positive_mention,0,1,0.000000
mufon,1960_1979,africa,1,behavior_raw,raw_explicit_value,0,1,0.000000
mufon,1960_1979,africa,1,evidence_raw,raw_explicit_value,0,1,0.000000
mufon,1960_1979,asia,4,coordinate_evidence,normalized_field_present,4,0,100.000000
mufon,1960_1979,asia,4,source_coordinates,qualified_value,0,4,0.000000
mufon,1960_1979,asia,4,coordinate_precision,normalized_field_present,4,0,100.000000
mufon,1960_1979,asia,4,coordinate_pile_review_state,normalized_field_present,0,4,0.000000
mufon,1960_1979,asia,4,occurrence_date_role,raw_field_present,4,0,100.000000
mufon,1960_1979,asia,4,exact_date,qualified_value,4,0,100.000000
mufon,1960_1979,asia,4,time_of_day_raw,raw_field_present,4,0,100.000000
mufon,1960_1979,asia,4,time_of_day_normalized,qualified_value,4,0,100.000000
mufon,1960_1979,asia,4,reported_date_role,raw_field_present,4,0,100.000000
mufon,1960_1979,asia,4,reporting_delay_estimable,qualified_value,4,0,100.000000
mufon,1960_1979,asia,4,craft_normalized,normalized_field_present,4,0,100.000000
mufon,1960_1979,asia,4,craft_confidence,qualified_value,2,2,50.000000
mufon,1960_1979,asia,4,craft_classification_source,normalized_field_present,4,0,100.000000
mufon,1960_1979,asia,4,same_day_suitability,qualified_value,2,2,50.000000
mufon,1960_1979,asia,4,duplicate_lineage,normalized_field_present,4,0,100.000000
mufon,1960_1979,asia,4,publisher_lineage,normalized_field_present,4,0,100.000000
mufon,1960_1979,asia,4,independent_source_identity,normalized_field_present,4,0,100.000000
mufon,1960_1979,asia,4,country_assignment,derived_field_present,4,0,100.000000
mufon,1960_1979,asia,4,administrative_region,normalized_field_present,0,4,0.000000
mufon,1960_1979,asia,4,boundary_assignment_provenance,derived_field_present,4,0,100.000000
mufon,1960_1979,asia,4,duration_raw,raw_field_present,0,4,0.000000
mufon,1960_1979,asia,4,witness_count_raw,raw_explicit_value,0,4,0.000000
mufon,1960_1979,asia,4,sound_raw,raw_explicit_value,0,4,0.000000
mufon,1960_1979,asia,4,color_raw,raw_explicit_value,0,4,0.000000
mufon,1960_1979,asia,4,light_positive_mention,raw_positive_mention,0,4,0.000000
mufon,1960_1979,asia,4,behavior_raw,raw_explicit_value,0,4,0.000000
mufon,1960_1979,asia,4,evidence_raw,raw_explicit_value,0,4,0.000000
mufon,1960_1979,europe,25,coordinate_evidence,normalized_field_present,25,0,100.000000
mufon,1960_1979,europe,25,source_coordinates,qualified_value,0,25,0.000000
mufon,1960_1979,europe,25,coordinate_precision,normalized_field_present,25,0,100.000000
mufon,1960_1979,europe,25,coordinate_pile_review_state,normalized_field_present,0,25,0.000000
mufon,1960_1979,europe,25,occurrence_date_role,raw_field_present,25,0,100.000000
mufon,1960_1979,europe,25,exact_date,qualified_value,25,0,100.000000
mufon,1960_1979,europe,25,time_of_day_raw,raw_field_present,25,0,100.000000
mufon,1960_1979,europe,25,time_of_day_normalized,qualified_value,25,0,100.000000
mufon,1960_1979,europe,25,reported_date_role,raw_field_present,25,0,100.000000
mufon,1960_1979,europe,25,reporting_delay_estimable,qualified_value,25,0,100.000000
mufon,1960_1979,europe,25,craft_normalized,normalized_field_present,22,3,88.000000
mufon,1960_1979,europe,25,craft_confidence,qualified_value,14,11,56.000000
mufon,1960_1979,europe,25,craft_classification_source,normalized_field_present,22,3,88.000000
mufon,1960_1979,europe,25,same_day_suitability,qualified_value,13,12,52.000000
mufon,1960_1979,europe,25,duplicate_lineage,normalized_field_present,25,0,100.000000
mufon,1960_1979,europe,25,publisher_lineage,normalized_field_present,25,0,100.000000
mufon,1960_1979,europe,25,independent_source_identity,normalized_field_present,25,0,100.000000
mufon,1960_1979,europe,25,country_assignment,derived_field_present,25,0,100.000000
mufon,1960_1979,europe,25,administrative_region,normalized_field_present,0,25,0.000000
mufon,1960_1979,europe,25,boundary_assignment_provenance,derived_field_present,25,0,100.000000
mufon,1960_1979,europe,25,duration_raw,raw_field_present,0,25,0.000000
mufon,1960_1979,europe,25,witness_count_raw,raw_explicit_value,0,25,0.000000
mufon,1960_1979,europe,25,sound_raw,raw_explicit_value,0,25,0.000000
mufon,1960_1979,europe,25,color_raw,raw_explicit_value,0,25,0.000000
mufon,1960_1979,europe,25,light_positive_mention,raw_positive_mention,0,25,0.000000
mufon,1960_1979,europe,25,behavior_raw,raw_explicit_value,0,25,0.000000
mufon,1960_1979,europe,25,evidence_raw,raw_explicit_value,0,25,0.000000
mufon,1960_1979,latin_america_caribbean,9,coordinate_evidence,normalized_field_present,9,0,100.000000
mufon,1960_1979,latin_america_caribbean,9,source_coordinates,qualified_value,0,9,0.000000
mufon,1960_1979,latin_america_caribbean,9,coordinate_precision,normalized_field_present,9,0,100.000000
mufon,1960_1979,latin_america_caribbean,9,coordinate_pile_review_state,normalized_field_present,0,9,0.000000
mufon,1960_1979,latin_america_caribbean,9,occurrence_date_role,raw_field_present,9,0,100.000000
mufon,1960_1979,latin_america_caribbean,9,exact_date,qualified_value,9,0,100.000000
mufon,1960_1979,latin_america_caribbean,9,time_of_day_raw,raw_field_present,9,0,100.000000
mufon,1960_1979,latin_america_caribbean,9,time_of_day_normalized,qualified_value,9,0,100.000000
mufon,1960_1979,latin_america_caribbean,9,reported_date_role,raw_field_present,9,0,100.000000
mufon,1960_1979,latin_america_caribbean,9,reporting_delay_estimable,qualified_value,9,0,100.000000
mufon,1960_1979,latin_america_caribbean,9,craft_normalized,normalized_field_present,5,4,55.555556
mufon,1960_1979,latin_america_caribbean,9,craft_confidence,qualified_value,3,6,33.333333
mufon,1960_1979,latin_america_caribbean,9,craft_classification_source,normalized_field_present,5,4,55.555556
mufon,1960_1979,latin_america_caribbean,9,same_day_suitability,qualified_value,3,6,33.333333
mufon,1960_1979,latin_america_caribbean,9,duplicate_lineage,normalized_field_present,9,0,100.000000
mufon,1960_1979,latin_america_caribbean,9,publisher_lineage,normalized_field_present,9,0,100.000000
mufon,1960_1979,latin_america_caribbean,9,independent_source_identity,normalized_field_present,9,0,100.000000
mufon,1960_1979,latin_america_caribbean,9,country_assignment,derived_field_present,9,0,100.000000
mufon,1960_1979,latin_america_caribbean,9,administrative_region,normalized_field_present,0,9,0.000000
mufon,1960_1979,latin_america_caribbean,9,boundary_assignment_provenance,derived_field_present,9,0,100.000000
mufon,1960_1979,latin_america_caribbean,9,duration_raw,raw_field_present,0,9,0.000000
mufon,1960_1979,latin_america_caribbean,9,witness_count_raw,raw_explicit_value,0,9,0.000000
mufon,1960_1979,latin_america_caribbean,9,sound_raw,raw_explicit_value,0,9,0.000000
mufon,1960_1979,latin_america_caribbean,9,color_raw,raw_explicit_value,0,9,0.000000
mufon,1960_1979,latin_america_caribbean,9,light_positive_mention,raw_positive_mention,0,9,0.000000
mufon,1960_1979,latin_america_caribbean,9,behavior_raw,raw_explicit_value,0,9,0.000000
mufon,1960_1979,latin_america_caribbean,9,evidence_raw,raw_explicit_value,0,9,0.000000
mufon,1960_1979,northern_america,3143,coordinate_evidence,normalized_field_present,3143,0,100.000000
mufon,1960_1979,northern_america,3143,source_coordinates,qualified_value,0,3143,0.000000
mufon,1960_1979,northern_america,3143,coordinate_precision,normalized_field_present,3143,0,100.000000
mufon,1960_1979,northern_america,3143,coordinate_pile_review_state,normalized_field_present,0,3143,0.000000
mufon,1960_1979,northern_america,3143,occurrence_date_role,raw_field_present,3143,0,100.000000
mufon,1960_1979,northern_america,3143,exact_date,qualified_value,3143,0,100.000000
mufon,1960_1979,northern_america,3143,time_of_day_raw,raw_field_present,3143,0,100.000000
mufon,1960_1979,northern_america,3143,time_of_day_normalized,qualified_value,3143,0,100.000000
mufon,1960_1979,northern_america,3143,reported_date_role,raw_field_present,3129,14,99.554566
mufon,1960_1979,northern_america,3143,reporting_delay_estimable,qualified_value,3129,14,99.554566
mufon,1960_1979,northern_america,3143,craft_normalized,normalized_field_present,2686,457,85.459752
mufon,1960_1979,northern_america,3143,craft_confidence,qualified_value,1819,1324,57.874642
mufon,1960_1979,northern_america,3143,craft_classification_source,normalized_field_present,2686,457,85.459752
mufon,1960_1979,northern_america,3143,same_day_suitability,qualified_value,1784,1359,56.761056
mufon,1960_1979,northern_america,3143,duplicate_lineage,normalized_field_present,3143,0,100.000000
mufon,1960_1979,northern_america,3143,publisher_lineage,normalized_field_present,3143,0,100.000000
mufon,1960_1979,northern_america,3143,independent_source_identity,normalized_field_present,3143,0,100.000000
mufon,1960_1979,northern_america,3143,country_assignment,derived_field_present,3143,0,100.000000
mufon,1960_1979,northern_america,3143,administrative_region,normalized_field_present,0,3143,0.000000
mufon,1960_1979,northern_america,3143,boundary_assignment_provenance,derived_field_present,3143,0,100.000000
mufon,1960_1979,northern_america,3143,duration_raw,raw_field_present,0,3143,0.000000
mufon,1960_1979,northern_america,3143,witness_count_raw,raw_explicit_value,0,3143,0.000000
mufon,1960_1979,northern_america,3143,sound_raw,raw_explicit_value,0,3143,0.000000
mufon,1960_1979,northern_america,3143,color_raw,raw_explicit_value,0,3143,0.000000
mufon,1960_1979,northern_america,3143,light_positive_mention,raw_positive_mention,0,3143,0.000000
mufon,1960_1979,northern_america,3143,behavior_raw,raw_explicit_value,0,3143,0.000000
mufon,1960_1979,northern_america,3143,evidence_raw,raw_explicit_value,0,3143,0.000000
mufon,1960_1979,oceania,7,coordinate_evidence,normalized_field_present,7,0,100.000000
mufon,1960_1979,oceania,7,source_coordinates,qualified_value,0,7,0.000000
mufon,1960_1979,oceania,7,coordinate_precision,normalized_field_present,7,0,100.000000
mufon,1960_1979,oceania,7,coordinate_pile_review_state,normalized_field_present,0,7,0.000000
mufon,1960_1979,oceania,7,occurrence_date_role,raw_field_present,7,0,100.000000
mufon,1960_1979,oceania,7,exact_date,qualified_value,7,0,100.000000
mufon,1960_1979,oceania,7,time_of_day_raw,raw_field_present,7,0,100.000000
mufon,1960_1979,oceania,7,time_of_day_normalized,qualified_value,7,0,100.000000
mufon,1960_1979,oceania,7,reported_date_role,raw_field_present,7,0,100.000000
mufon,1960_1979,oceania,7,reporting_delay_estimable,qualified_value,7,0,100.000000
mufon,1960_1979,oceania,7,craft_normalized,normalized_field_present,5,2,71.428571
mufon,1960_1979,oceania,7,craft_confidence,qualified_value,4,3,57.142857
mufon,1960_1979,oceania,7,craft_classification_source,normalized_field_present,5,2,71.428571
mufon,1960_1979,oceania,7,same_day_suitability,qualified_value,4,3,57.142857
mufon,1960_1979,oceania,7,duplicate_lineage,normalized_field_present,7,0,100.000000
mufon,1960_1979,oceania,7,publisher_lineage,normalized_field_present,7,0,100.000000
mufon,1960_1979,oceania,7,independent_source_identity,normalized_field_present,7,0,100.000000
mufon,1960_1979,oceania,7,country_assignment,derived_field_present,7,0,100.000000
mufon,1960_1979,oceania,7,administrative_region,normalized_field_present,0,7,0.000000
mufon,1960_1979,oceania,7,boundary_assignment_provenance,derived_field_present,7,0,100.000000
mufon,1960_1979,oceania,7,duration_raw,raw_field_present,0,7,0.000000
mufon,1960_1979,oceania,7,witness_count_raw,raw_explicit_value,0,7,0.000000
mufon,1960_1979,oceania,7,sound_raw,raw_explicit_value,0,7,0.000000
mufon,1960_1979,oceania,7,color_raw,raw_explicit_value,0,7,0.000000
mufon,1960_1979,oceania,7,light_positive_mention,raw_positive_mention,0,7,0.000000
mufon,1960_1979,oceania,7,behavior_raw,raw_explicit_value,0,7,0.000000
mufon,1960_1979,oceania,7,evidence_raw,raw_explicit_value,0,7,0.000000
mufon,1960_1979,unknown,592,coordinate_evidence,normalized_field_present,592,0,100.000000
mufon,1960_1979,unknown,592,source_coordinates,qualified_value,0,592,0.000000
mufon,1960_1979,unknown,592,coordinate_precision,normalized_field_present,592,0,100.000000
mufon,1960_1979,unknown,592,coordinate_pile_review_state,normalized_field_present,0,592,0.000000
mufon,1960_1979,unknown,592,occurrence_date_role,raw_field_present,592,0,100.000000
mufon,1960_1979,unknown,592,exact_date,qualified_value,592,0,100.000000
mufon,1960_1979,unknown,592,time_of_day_raw,raw_field_present,592,0,100.000000
mufon,1960_1979,unknown,592,time_of_day_normalized,qualified_value,592,0,100.000000
mufon,1960_1979,unknown,592,reported_date_role,raw_field_present,590,2,99.662162
mufon,1960_1979,unknown,592,reporting_delay_estimable,qualified_value,590,2,99.662162
mufon,1960_1979,unknown,592,craft_normalized,normalized_field_present,468,124,79.054054
mufon,1960_1979,unknown,592,craft_confidence,qualified_value,323,269,54.560811
mufon,1960_1979,unknown,592,craft_classification_source,normalized_field_present,468,124,79.054054
mufon,1960_1979,unknown,592,same_day_suitability,qualified_value,311,281,52.533784
mufon,1960_1979,unknown,592,duplicate_lineage,normalized_field_present,592,0,100.000000
mufon,1960_1979,unknown,592,publisher_lineage,normalized_field_present,592,0,100.000000
mufon,1960_1979,unknown,592,independent_source_identity,normalized_field_present,592,0,100.000000
mufon,1960_1979,unknown,592,country_assignment,derived_field_present,0,592,0.000000
mufon,1960_1979,unknown,592,administrative_region,normalized_field_present,0,592,0.000000
mufon,1960_1979,unknown,592,boundary_assignment_provenance,derived_field_present,70,522,11.824324
mufon,1960_1979,unknown,592,duration_raw,raw_field_present,0,592,0.000000
mufon,1960_1979,unknown,592,witness_count_raw,raw_explicit_value,0,592,0.000000
mufon,1960_1979,unknown,592,sound_raw,raw_explicit_value,0,592,0.000000
mufon,1960_1979,unknown,592,color_raw,raw_explicit_value,0,592,0.000000
mufon,1960_1979,unknown,592,light_positive_mention,raw_positive_mention,0,592,0.000000
mufon,1960_1979,unknown,592,behavior_raw,raw_explicit_value,0,592,0.000000
mufon,1960_1979,unknown,592,evidence_raw,raw_explicit_value,0,592,0.000000
mufon,1980_1999,africa,2,coordinate_evidence,normalized_field_present,2,0,100.000000
mufon,1980_1999,africa,2,source_coordinates,qualified_value,0,2,0.000000
mufon,1980_1999,africa,2,coordinate_precision,normalized_field_present,2,0,100.000000
mufon,1980_1999,africa,2,coordinate_pile_review_state,normalized_field_present,0,2,0.000000
mufon,1980_1999,africa,2,occurrence_date_role,raw_field_present,2,0,100.000000
mufon,1980_1999,africa,2,exact_date,qualified_value,2,0,100.000000
mufon,1980_1999,africa,2,time_of_day_raw,raw_field_present,2,0,100.000000
mufon,1980_1999,africa,2,time_of_day_normalized,qualified_value,2,0,100.000000
mufon,1980_1999,africa,2,reported_date_role,raw_field_present,2,0,100.000000
mufon,1980_1999,africa,2,reporting_delay_estimable,qualified_value,2,0,100.000000
mufon,1980_1999,africa,2,craft_normalized,normalized_field_present,1,1,50.000000
mufon,1980_1999,africa,2,craft_confidence,qualified_value,0,2,0.000000
mufon,1980_1999,africa,2,craft_classification_source,normalized_field_present,1,1,50.000000
mufon,1980_1999,africa,2,same_day_suitability,qualified_value,0,2,0.000000
mufon,1980_1999,africa,2,duplicate_lineage,normalized_field_present,2,0,100.000000
mufon,1980_1999,africa,2,publisher_lineage,normalized_field_present,2,0,100.000000
mufon,1980_1999,africa,2,independent_source_identity,normalized_field_present,2,0,100.000000
mufon,1980_1999,africa,2,country_assignment,derived_field_present,2,0,100.000000
mufon,1980_1999,africa,2,administrative_region,normalized_field_present,0,2,0.000000
mufon,1980_1999,africa,2,boundary_assignment_provenance,derived_field_present,2,0,100.000000
mufon,1980_1999,africa,2,duration_raw,raw_field_present,0,2,0.000000
mufon,1980_1999,africa,2,witness_count_raw,raw_explicit_value,0,2,0.000000
mufon,1980_1999,africa,2,sound_raw,raw_explicit_value,0,2,0.000000
mufon,1980_1999,africa,2,color_raw,raw_explicit_value,0,2,0.000000
mufon,1980_1999,africa,2,light_positive_mention,raw_positive_mention,0,2,0.000000
mufon,1980_1999,africa,2,behavior_raw,raw_explicit_value,0,2,0.000000
mufon,1980_1999,africa,2,evidence_raw,raw_explicit_value,0,2,0.000000
mufon,1980_1999,asia,14,coordinate_evidence,normalized_field_present,14,0,100.000000
mufon,1980_1999,asia,14,source_coordinates,qualified_value,0,14,0.000000
mufon,1980_1999,asia,14,coordinate_precision,normalized_field_present,14,0,100.000000
mufon,1980_1999,asia,14,coordinate_pile_review_state,normalized_field_present,0,14,0.000000
mufon,1980_1999,asia,14,occurrence_date_role,raw_field_present,14,0,100.000000
mufon,1980_1999,asia,14,exact_date,qualified_value,14,0,100.000000
mufon,1980_1999,asia,14,time_of_day_raw,raw_field_present,14,0,100.000000
mufon,1980_1999,asia,14,time_of_day_normalized,qualified_value,14,0,100.000000
mufon,1980_1999,asia,14,reported_date_role,raw_field_present,13,1,92.857143
mufon,1980_1999,asia,14,reporting_delay_estimable,qualified_value,13,1,92.857143
mufon,1980_1999,asia,14,craft_normalized,normalized_field_present,12,2,85.714286
mufon,1980_1999,asia,14,craft_confidence,qualified_value,9,5,64.285714
mufon,1980_1999,asia,14,craft_classification_source,normalized_field_present,12,2,85.714286
mufon,1980_1999,asia,14,same_day_suitability,qualified_value,9,5,64.285714
mufon,1980_1999,asia,14,duplicate_lineage,normalized_field_present,14,0,100.000000
mufon,1980_1999,asia,14,publisher_lineage,normalized_field_present,14,0,100.000000
mufon,1980_1999,asia,14,independent_source_identity,normalized_field_present,14,0,100.000000
mufon,1980_1999,asia,14,country_assignment,derived_field_present,14,0,100.000000
mufon,1980_1999,asia,14,administrative_region,normalized_field_present,0,14,0.000000
mufon,1980_1999,asia,14,boundary_assignment_provenance,derived_field_present,14,0,100.000000
mufon,1980_1999,asia,14,duration_raw,raw_field_present,0,14,0.000000
mufon,1980_1999,asia,14,witness_count_raw,raw_explicit_value,0,14,0.000000
mufon,1980_1999,asia,14,sound_raw,raw_explicit_value,0,14,0.000000
mufon,1980_1999,asia,14,color_raw,raw_explicit_value,0,14,0.000000
mufon,1980_1999,asia,14,light_positive_mention,raw_positive_mention,0,14,0.000000
mufon,1980_1999,asia,14,behavior_raw,raw_explicit_value,0,14,0.000000
mufon,1980_1999,asia,14,evidence_raw,raw_explicit_value,0,14,0.000000
mufon,1980_1999,europe,73,coordinate_evidence,normalized_field_present,73,0,100.000000
mufon,1980_1999,europe,73,source_coordinates,qualified_value,0,73,0.000000
mufon,1980_1999,europe,73,coordinate_precision,normalized_field_present,73,0,100.000000
mufon,1980_1999,europe,73,coordinate_pile_review_state,normalized_field_present,0,73,0.000000
mufon,1980_1999,europe,73,occurrence_date_role,raw_field_present,73,0,100.000000
mufon,1980_1999,europe,73,exact_date,qualified_value,73,0,100.000000
mufon,1980_1999,europe,73,time_of_day_raw,raw_field_present,73,0,100.000000
mufon,1980_1999,europe,73,time_of_day_normalized,qualified_value,73,0,100.000000
mufon,1980_1999,europe,73,reported_date_role,raw_field_present,73,0,100.000000
mufon,1980_1999,europe,73,reporting_delay_estimable,qualified_value,73,0,100.000000
mufon,1980_1999,europe,73,craft_normalized,normalized_field_present,59,14,80.821918
mufon,1980_1999,europe,73,craft_confidence,qualified_value,42,31,57.534247
mufon,1980_1999,europe,73,craft_classification_source,normalized_field_present,59,14,80.821918
mufon,1980_1999,europe,73,same_day_suitability,qualified_value,42,31,57.534247
mufon,1980_1999,europe,73,duplicate_lineage,normalized_field_present,73,0,100.000000
mufon,1980_1999,europe,73,publisher_lineage,normalized_field_present,73,0,100.000000
mufon,1980_1999,europe,73,independent_source_identity,normalized_field_present,73,0,100.000000
mufon,1980_1999,europe,73,country_assignment,derived_field_present,73,0,100.000000
mufon,1980_1999,europe,73,administrative_region,normalized_field_present,0,73,0.000000
mufon,1980_1999,europe,73,boundary_assignment_provenance,derived_field_present,73,0,100.000000
mufon,1980_1999,europe,73,duration_raw,raw_field_present,0,73,0.000000
mufon,1980_1999,europe,73,witness_count_raw,raw_explicit_value,0,73,0.000000
mufon,1980_1999,europe,73,sound_raw,raw_explicit_value,0,73,0.000000
mufon,1980_1999,europe,73,color_raw,raw_explicit_value,0,73,0.000000
mufon,1980_1999,europe,73,light_positive_mention,raw_positive_mention,0,73,0.000000
mufon,1980_1999,europe,73,behavior_raw,raw_explicit_value,0,73,0.000000
mufon,1980_1999,europe,73,evidence_raw,raw_explicit_value,0,73,0.000000
mufon,1980_1999,latin_america_caribbean,20,coordinate_evidence,normalized_field_present,20,0,100.000000
mufon,1980_1999,latin_america_caribbean,20,source_coordinates,qualified_value,0,20,0.000000
mufon,1980_1999,latin_america_caribbean,20,coordinate_precision,normalized_field_present,20,0,100.000000
mufon,1980_1999,latin_america_caribbean,20,coordinate_pile_review_state,normalized_field_present,0,20,0.000000
mufon,1980_1999,latin_america_caribbean,20,occurrence_date_role,raw_field_present,20,0,100.000000
mufon,1980_1999,latin_america_caribbean,20,exact_date,qualified_value,20,0,100.000000
mufon,1980_1999,latin_america_caribbean,20,time_of_day_raw,raw_field_present,20,0,100.000000
mufon,1980_1999,latin_america_caribbean,20,time_of_day_normalized,qualified_value,20,0,100.000000
mufon,1980_1999,latin_america_caribbean,20,reported_date_role,raw_field_present,19,1,95.000000
mufon,1980_1999,latin_america_caribbean,20,reporting_delay_estimable,qualified_value,19,1,95.000000
mufon,1980_1999,latin_america_caribbean,20,craft_normalized,normalized_field_present,15,5,75.000000
mufon,1980_1999,latin_america_caribbean,20,craft_confidence,qualified_value,9,11,45.000000
mufon,1980_1999,latin_america_caribbean,20,craft_classification_source,normalized_field_present,15,5,75.000000
mufon,1980_1999,latin_america_caribbean,20,same_day_suitability,qualified_value,9,11,45.000000
mufon,1980_1999,latin_america_caribbean,20,duplicate_lineage,normalized_field_present,20,0,100.000000
mufon,1980_1999,latin_america_caribbean,20,publisher_lineage,normalized_field_present,20,0,100.000000
mufon,1980_1999,latin_america_caribbean,20,independent_source_identity,normalized_field_present,20,0,100.000000
mufon,1980_1999,latin_america_caribbean,20,country_assignment,derived_field_present,20,0,100.000000
mufon,1980_1999,latin_america_caribbean,20,administrative_region,normalized_field_present,0,20,0.000000
mufon,1980_1999,latin_america_caribbean,20,boundary_assignment_provenance,derived_field_present,20,0,100.000000
mufon,1980_1999,latin_america_caribbean,20,duration_raw,raw_field_present,0,20,0.000000
mufon,1980_1999,latin_america_caribbean,20,witness_count_raw,raw_explicit_value,0,20,0.000000
mufon,1980_1999,latin_america_caribbean,20,sound_raw,raw_explicit_value,0,20,0.000000
mufon,1980_1999,latin_america_caribbean,20,color_raw,raw_explicit_value,0,20,0.000000
mufon,1980_1999,latin_america_caribbean,20,light_positive_mention,raw_positive_mention,0,20,0.000000
mufon,1980_1999,latin_america_caribbean,20,behavior_raw,raw_explicit_value,0,20,0.000000
mufon,1980_1999,latin_america_caribbean,20,evidence_raw,raw_explicit_value,0,20,0.000000
mufon,1980_1999,northern_america,4744,coordinate_evidence,normalized_field_present,4744,0,100.000000
mufon,1980_1999,northern_america,4744,source_coordinates,qualified_value,0,4744,0.000000
mufon,1980_1999,northern_america,4744,coordinate_precision,normalized_field_present,4744,0,100.000000
mufon,1980_1999,northern_america,4744,coordinate_pile_review_state,normalized_field_present,0,4744,0.000000
mufon,1980_1999,northern_america,4744,occurrence_date_role,raw_field_present,4744,0,100.000000
mufon,1980_1999,northern_america,4744,exact_date,qualified_value,4744,0,100.000000
mufon,1980_1999,northern_america,4744,time_of_day_raw,raw_field_present,4744,0,100.000000
mufon,1980_1999,northern_america,4744,time_of_day_normalized,qualified_value,4744,0,100.000000
mufon,1980_1999,northern_america,4744,reported_date_role,raw_field_present,4431,313,93.402192
mufon,1980_1999,northern_america,4744,reporting_delay_estimable,qualified_value,4431,313,93.402192
mufon,1980_1999,northern_america,4744,craft_normalized,normalized_field_present,3986,758,84.021922
mufon,1980_1999,northern_america,4744,craft_confidence,qualified_value,2616,2128,55.143339
mufon,1980_1999,northern_america,4744,craft_classification_source,normalized_field_present,3986,758,84.021922
mufon,1980_1999,northern_america,4744,same_day_suitability,qualified_value,2570,2174,54.173693
mufon,1980_1999,northern_america,4744,duplicate_lineage,normalized_field_present,4744,0,100.000000
mufon,1980_1999,northern_america,4744,publisher_lineage,normalized_field_present,4744,0,100.000000
mufon,1980_1999,northern_america,4744,independent_source_identity,normalized_field_present,4744,0,100.000000
mufon,1980_1999,northern_america,4744,country_assignment,derived_field_present,4744,0,100.000000
mufon,1980_1999,northern_america,4744,administrative_region,normalized_field_present,0,4744,0.000000
mufon,1980_1999,northern_america,4744,boundary_assignment_provenance,derived_field_present,4744,0,100.000000
mufon,1980_1999,northern_america,4744,duration_raw,raw_field_present,0,4744,0.000000
mufon,1980_1999,northern_america,4744,witness_count_raw,raw_explicit_value,0,4744,0.000000
mufon,1980_1999,northern_america,4744,sound_raw,raw_explicit_value,0,4744,0.000000
mufon,1980_1999,northern_america,4744,color_raw,raw_explicit_value,0,4744,0.000000
mufon,1980_1999,northern_america,4744,light_positive_mention,raw_positive_mention,0,4744,0.000000
mufon,1980_1999,northern_america,4744,behavior_raw,raw_explicit_value,0,4744,0.000000
mufon,1980_1999,northern_america,4744,evidence_raw,raw_explicit_value,0,4744,0.000000
mufon,1980_1999,oceania,17,coordinate_evidence,normalized_field_present,17,0,100.000000
mufon,1980_1999,oceania,17,source_coordinates,qualified_value,0,17,0.000000
mufon,1980_1999,oceania,17,coordinate_precision,normalized_field_present,17,0,100.000000
mufon,1980_1999,oceania,17,coordinate_pile_review_state,normalized_field_present,0,17,0.000000
mufon,1980_1999,oceania,17,occurrence_date_role,raw_field_present,17,0,100.000000
mufon,1980_1999,oceania,17,exact_date,qualified_value,17,0,100.000000
mufon,1980_1999,oceania,17,time_of_day_raw,raw_field_present,17,0,100.000000
mufon,1980_1999,oceania,17,time_of_day_normalized,qualified_value,17,0,100.000000
mufon,1980_1999,oceania,17,reported_date_role,raw_field_present,17,0,100.000000
mufon,1980_1999,oceania,17,reporting_delay_estimable,qualified_value,17,0,100.000000
mufon,1980_1999,oceania,17,craft_normalized,normalized_field_present,11,6,64.705882
mufon,1980_1999,oceania,17,craft_confidence,qualified_value,9,8,52.941176
mufon,1980_1999,oceania,17,craft_classification_source,normalized_field_present,11,6,64.705882
mufon,1980_1999,oceania,17,same_day_suitability,qualified_value,9,8,52.941176
mufon,1980_1999,oceania,17,duplicate_lineage,normalized_field_present,17,0,100.000000
mufon,1980_1999,oceania,17,publisher_lineage,normalized_field_present,17,0,100.000000
mufon,1980_1999,oceania,17,independent_source_identity,normalized_field_present,17,0,100.000000
mufon,1980_1999,oceania,17,country_assignment,derived_field_present,17,0,100.000000
mufon,1980_1999,oceania,17,administrative_region,normalized_field_present,0,17,0.000000
mufon,1980_1999,oceania,17,boundary_assignment_provenance,derived_field_present,17,0,100.000000
mufon,1980_1999,oceania,17,duration_raw,raw_field_present,0,17,0.000000
mufon,1980_1999,oceania,17,witness_count_raw,raw_explicit_value,0,17,0.000000
mufon,1980_1999,oceania,17,sound_raw,raw_explicit_value,0,17,0.000000
mufon,1980_1999,oceania,17,color_raw,raw_explicit_value,0,17,0.000000
mufon,1980_1999,oceania,17,light_positive_mention,raw_positive_mention,0,17,0.000000
mufon,1980_1999,oceania,17,behavior_raw,raw_explicit_value,0,17,0.000000
mufon,1980_1999,oceania,17,evidence_raw,raw_explicit_value,0,17,0.000000
mufon,1980_1999,unknown,958,coordinate_evidence,normalized_field_present,958,0,100.000000
mufon,1980_1999,unknown,958,source_coordinates,qualified_value,0,958,0.000000
mufon,1980_1999,unknown,958,coordinate_precision,normalized_field_present,958,0,100.000000
mufon,1980_1999,unknown,958,coordinate_pile_review_state,normalized_field_present,0,958,0.000000
mufon,1980_1999,unknown,958,occurrence_date_role,raw_field_present,958,0,100.000000
mufon,1980_1999,unknown,958,exact_date,qualified_value,958,0,100.000000
mufon,1980_1999,unknown,958,time_of_day_raw,raw_field_present,958,0,100.000000
mufon,1980_1999,unknown,958,time_of_day_normalized,qualified_value,958,0,100.000000
mufon,1980_1999,unknown,958,reported_date_role,raw_field_present,933,25,97.390397
mufon,1980_1999,unknown,958,reporting_delay_estimable,qualified_value,933,25,97.390397
mufon,1980_1999,unknown,958,craft_normalized,normalized_field_present,779,179,81.315240
mufon,1980_1999,unknown,958,craft_confidence,qualified_value,527,431,55.010438
mufon,1980_1999,unknown,958,craft_classification_source,normalized_field_present,779,179,81.315240
mufon,1980_1999,unknown,958,same_day_suitability,qualified_value,514,444,53.653445
mufon,1980_1999,unknown,958,duplicate_lineage,normalized_field_present,958,0,100.000000
mufon,1980_1999,unknown,958,publisher_lineage,normalized_field_present,958,0,100.000000
mufon,1980_1999,unknown,958,independent_source_identity,normalized_field_present,958,0,100.000000
mufon,1980_1999,unknown,958,country_assignment,derived_field_present,0,958,0.000000
mufon,1980_1999,unknown,958,administrative_region,normalized_field_present,0,958,0.000000
mufon,1980_1999,unknown,958,boundary_assignment_provenance,derived_field_present,101,857,10.542797
mufon,1980_1999,unknown,958,duration_raw,raw_field_present,0,958,0.000000
mufon,1980_1999,unknown,958,witness_count_raw,raw_explicit_value,0,958,0.000000
mufon,1980_1999,unknown,958,sound_raw,raw_explicit_value,0,958,0.000000
mufon,1980_1999,unknown,958,color_raw,raw_explicit_value,0,958,0.000000
mufon,1980_1999,unknown,958,light_positive_mention,raw_positive_mention,0,958,0.000000
mufon,1980_1999,unknown,958,behavior_raw,raw_explicit_value,0,958,0.000000
mufon,1980_1999,unknown,958,evidence_raw,raw_explicit_value,0,958,0.000000
mufon,2000_2009,africa,16,coordinate_evidence,normalized_field_present,16,0,100.000000
mufon,2000_2009,africa,16,source_coordinates,qualified_value,0,16,0.000000
mufon,2000_2009,africa,16,coordinate_precision,normalized_field_present,16,0,100.000000
mufon,2000_2009,africa,16,coordinate_pile_review_state,normalized_field_present,0,16,0.000000
mufon,2000_2009,africa,16,occurrence_date_role,raw_field_present,16,0,100.000000
mufon,2000_2009,africa,16,exact_date,qualified_value,16,0,100.000000
mufon,2000_2009,africa,16,time_of_day_raw,raw_field_present,16,0,100.000000
mufon,2000_2009,africa,16,time_of_day_normalized,qualified_value,16,0,100.000000
mufon,2000_2009,africa,16,reported_date_role,raw_field_present,16,0,100.000000
mufon,2000_2009,africa,16,reporting_delay_estimable,qualified_value,15,1,93.750000
mufon,2000_2009,africa,16,craft_normalized,normalized_field_present,12,4,75.000000
mufon,2000_2009,africa,16,craft_confidence,qualified_value,10,6,62.500000
mufon,2000_2009,africa,16,craft_classification_source,normalized_field_present,12,4,75.000000
mufon,2000_2009,africa,16,same_day_suitability,qualified_value,9,7,56.250000
mufon,2000_2009,africa,16,duplicate_lineage,normalized_field_present,16,0,100.000000
mufon,2000_2009,africa,16,publisher_lineage,normalized_field_present,16,0,100.000000
mufon,2000_2009,africa,16,independent_source_identity,normalized_field_present,16,0,100.000000
mufon,2000_2009,africa,16,country_assignment,derived_field_present,16,0,100.000000
mufon,2000_2009,africa,16,administrative_region,normalized_field_present,0,16,0.000000
mufon,2000_2009,africa,16,boundary_assignment_provenance,derived_field_present,16,0,100.000000
mufon,2000_2009,africa,16,duration_raw,raw_field_present,0,16,0.000000
mufon,2000_2009,africa,16,witness_count_raw,raw_explicit_value,0,16,0.000000
mufon,2000_2009,africa,16,sound_raw,raw_explicit_value,0,16,0.000000
mufon,2000_2009,africa,16,color_raw,raw_explicit_value,0,16,0.000000
mufon,2000_2009,africa,16,light_positive_mention,raw_positive_mention,0,16,0.000000
mufon,2000_2009,africa,16,behavior_raw,raw_explicit_value,0,16,0.000000
mufon,2000_2009,africa,16,evidence_raw,raw_explicit_value,0,16,0.000000
mufon,2000_2009,asia,44,coordinate_evidence,normalized_field_present,44,0,100.000000
mufon,2000_2009,asia,44,source_coordinates,qualified_value,0,44,0.000000
mufon,2000_2009,asia,44,coordinate_precision,normalized_field_present,44,0,100.000000
mufon,2000_2009,asia,44,coordinate_pile_review_state,normalized_field_present,0,44,0.000000
mufon,2000_2009,asia,44,occurrence_date_role,raw_field_present,44,0,100.000000
mufon,2000_2009,asia,44,exact_date,qualified_value,44,0,100.000000
mufon,2000_2009,asia,44,time_of_day_raw,raw_field_present,44,0,100.000000
mufon,2000_2009,asia,44,time_of_day_normalized,qualified_value,44,0,100.000000
mufon,2000_2009,asia,44,reported_date_role,raw_field_present,44,0,100.000000
mufon,2000_2009,asia,44,reporting_delay_estimable,qualified_value,43,1,97.727273
mufon,2000_2009,asia,44,craft_normalized,normalized_field_present,34,10,77.272727
mufon,2000_2009,asia,44,craft_confidence,qualified_value,21,23,47.727273
mufon,2000_2009,asia,44,craft_classification_source,normalized_field_present,34,10,77.272727
mufon,2000_2009,asia,44,same_day_suitability,qualified_value,20,24,45.454545
mufon,2000_2009,asia,44,duplicate_lineage,normalized_field_present,44,0,100.000000
mufon,2000_2009,asia,44,publisher_lineage,normalized_field_present,44,0,100.000000
mufon,2000_2009,asia,44,independent_source_identity,normalized_field_present,44,0,100.000000
mufon,2000_2009,asia,44,country_assignment,derived_field_present,44,0,100.000000
mufon,2000_2009,asia,44,administrative_region,normalized_field_present,0,44,0.000000
mufon,2000_2009,asia,44,boundary_assignment_provenance,derived_field_present,44,0,100.000000
mufon,2000_2009,asia,44,duration_raw,raw_field_present,0,44,0.000000
mufon,2000_2009,asia,44,witness_count_raw,raw_explicit_value,0,44,0.000000
mufon,2000_2009,asia,44,sound_raw,raw_explicit_value,0,44,0.000000
mufon,2000_2009,asia,44,color_raw,raw_explicit_value,0,44,0.000000
mufon,2000_2009,asia,44,light_positive_mention,raw_positive_mention,0,44,0.000000
mufon,2000_2009,asia,44,behavior_raw,raw_explicit_value,0,44,0.000000
mufon,2000_2009,asia,44,evidence_raw,raw_explicit_value,0,44,0.000000
mufon,2000_2009,europe,363,coordinate_evidence,normalized_field_present,363,0,100.000000
mufon,2000_2009,europe,363,source_coordinates,qualified_value,0,363,0.000000
mufon,2000_2009,europe,363,coordinate_precision,normalized_field_present,363,0,100.000000
mufon,2000_2009,europe,363,coordinate_pile_review_state,normalized_field_present,0,363,0.000000
mufon,2000_2009,europe,363,occurrence_date_role,raw_field_present,363,0,100.000000
mufon,2000_2009,europe,363,exact_date,qualified_value,363,0,100.000000
mufon,2000_2009,europe,363,time_of_day_raw,raw_field_present,363,0,100.000000
mufon,2000_2009,europe,363,time_of_day_normalized,qualified_value,363,0,100.000000
mufon,2000_2009,europe,363,reported_date_role,raw_field_present,363,0,100.000000
mufon,2000_2009,europe,363,reporting_delay_estimable,qualified_value,360,3,99.173554
mufon,2000_2009,europe,363,craft_normalized,normalized_field_present,304,59,83.746556
mufon,2000_2009,europe,363,craft_confidence,qualified_value,191,172,52.617080
mufon,2000_2009,europe,363,craft_classification_source,normalized_field_present,304,59,83.746556
mufon,2000_2009,europe,363,same_day_suitability,qualified_value,186,177,51.239669
mufon,2000_2009,europe,363,duplicate_lineage,normalized_field_present,363,0,100.000000
mufon,2000_2009,europe,363,publisher_lineage,normalized_field_present,363,0,100.000000
mufon,2000_2009,europe,363,independent_source_identity,normalized_field_present,363,0,100.000000
mufon,2000_2009,europe,363,country_assignment,derived_field_present,363,0,100.000000
mufon,2000_2009,europe,363,administrative_region,normalized_field_present,0,363,0.000000
mufon,2000_2009,europe,363,boundary_assignment_provenance,derived_field_present,363,0,100.000000
mufon,2000_2009,europe,363,duration_raw,raw_field_present,0,363,0.000000
mufon,2000_2009,europe,363,witness_count_raw,raw_explicit_value,0,363,0.000000
mufon,2000_2009,europe,363,sound_raw,raw_explicit_value,0,363,0.000000
mufon,2000_2009,europe,363,color_raw,raw_explicit_value,0,363,0.000000
mufon,2000_2009,europe,363,light_positive_mention,raw_positive_mention,0,363,0.000000
mufon,2000_2009,europe,363,behavior_raw,raw_explicit_value,0,363,0.000000
mufon,2000_2009,europe,363,evidence_raw,raw_explicit_value,0,363,0.000000
mufon,2000_2009,latin_america_caribbean,126,coordinate_evidence,normalized_field_present,126,0,100.000000
mufon,2000_2009,latin_america_caribbean,126,source_coordinates,qualified_value,0,126,0.000000
mufon,2000_2009,latin_america_caribbean,126,coordinate_precision,normalized_field_present,126,0,100.000000
mufon,2000_2009,latin_america_caribbean,126,coordinate_pile_review_state,normalized_field_present,0,126,0.000000
mufon,2000_2009,latin_america_caribbean,126,occurrence_date_role,raw_field_present,126,0,100.000000
mufon,2000_2009,latin_america_caribbean,126,exact_date,qualified_value,126,0,100.000000
mufon,2000_2009,latin_america_caribbean,126,time_of_day_raw,raw_field_present,126,0,100.000000
mufon,2000_2009,latin_america_caribbean,126,time_of_day_normalized,qualified_value,126,0,100.000000
mufon,2000_2009,latin_america_caribbean,126,reported_date_role,raw_field_present,126,0,100.000000
mufon,2000_2009,latin_america_caribbean,126,reporting_delay_estimable,qualified_value,125,1,99.206349
mufon,2000_2009,latin_america_caribbean,126,craft_normalized,normalized_field_present,91,35,72.222222
mufon,2000_2009,latin_america_caribbean,126,craft_confidence,qualified_value,52,74,41.269841
mufon,2000_2009,latin_america_caribbean,126,craft_classification_source,normalized_field_present,91,35,72.222222
mufon,2000_2009,latin_america_caribbean,126,same_day_suitability,qualified_value,50,76,39.682540
mufon,2000_2009,latin_america_caribbean,126,duplicate_lineage,normalized_field_present,126,0,100.000000
mufon,2000_2009,latin_america_caribbean,126,publisher_lineage,normalized_field_present,126,0,100.000000
mufon,2000_2009,latin_america_caribbean,126,independent_source_identity,normalized_field_present,126,0,100.000000
mufon,2000_2009,latin_america_caribbean,126,country_assignment,derived_field_present,126,0,100.000000
mufon,2000_2009,latin_america_caribbean,126,administrative_region,normalized_field_present,0,126,0.000000
mufon,2000_2009,latin_america_caribbean,126,boundary_assignment_provenance,derived_field_present,126,0,100.000000
mufon,2000_2009,latin_america_caribbean,126,duration_raw,raw_field_present,0,126,0.000000
mufon,2000_2009,latin_america_caribbean,126,witness_count_raw,raw_explicit_value,0,126,0.000000
mufon,2000_2009,latin_america_caribbean,126,sound_raw,raw_explicit_value,0,126,0.000000
mufon,2000_2009,latin_america_caribbean,126,color_raw,raw_explicit_value,0,126,0.000000
mufon,2000_2009,latin_america_caribbean,126,light_positive_mention,raw_positive_mention,0,126,0.000000
mufon,2000_2009,latin_america_caribbean,126,behavior_raw,raw_explicit_value,0,126,0.000000
mufon,2000_2009,latin_america_caribbean,126,evidence_raw,raw_explicit_value,0,126,0.000000
mufon,2000_2009,northern_america,14275,coordinate_evidence,normalized_field_present,14275,0,100.000000
mufon,2000_2009,northern_america,14275,source_coordinates,qualified_value,0,14275,0.000000
mufon,2000_2009,northern_america,14275,coordinate_precision,normalized_field_present,14275,0,100.000000
mufon,2000_2009,northern_america,14275,coordinate_pile_review_state,normalized_field_present,0,14275,0.000000
mufon,2000_2009,northern_america,14275,occurrence_date_role,raw_field_present,14275,0,100.000000
mufon,2000_2009,northern_america,14275,exact_date,qualified_value,14275,0,100.000000
mufon,2000_2009,northern_america,14275,time_of_day_raw,raw_field_present,14275,0,100.000000
mufon,2000_2009,northern_america,14275,time_of_day_normalized,qualified_value,14275,0,100.000000
mufon,2000_2009,northern_america,14275,reported_date_role,raw_field_present,14275,0,100.000000
mufon,2000_2009,northern_america,14275,reporting_delay_estimable,qualified_value,14186,89,99.376532
mufon,2000_2009,northern_america,14275,craft_normalized,normalized_field_present,12524,1751,87.733800
mufon,2000_2009,northern_america,14275,craft_confidence,qualified_value,7114,7161,49.835377
mufon,2000_2009,northern_america,14275,craft_classification_source,normalized_field_present,12524,1751,87.733800
mufon,2000_2009,northern_america,14275,same_day_suitability,qualified_value,6896,7379,48.308231
mufon,2000_2009,northern_america,14275,duplicate_lineage,normalized_field_present,14275,0,100.000000
mufon,2000_2009,northern_america,14275,publisher_lineage,normalized_field_present,14275,0,100.000000
mufon,2000_2009,northern_america,14275,independent_source_identity,normalized_field_present,14275,0,100.000000
mufon,2000_2009,northern_america,14275,country_assignment,derived_field_present,14275,0,100.000000
mufon,2000_2009,northern_america,14275,administrative_region,normalized_field_present,0,14275,0.000000
mufon,2000_2009,northern_america,14275,boundary_assignment_provenance,derived_field_present,14275,0,100.000000
mufon,2000_2009,northern_america,14275,duration_raw,raw_field_present,0,14275,0.000000
mufon,2000_2009,northern_america,14275,witness_count_raw,raw_explicit_value,0,14275,0.000000
mufon,2000_2009,northern_america,14275,sound_raw,raw_explicit_value,0,14275,0.000000
mufon,2000_2009,northern_america,14275,color_raw,raw_explicit_value,0,14275,0.000000
mufon,2000_2009,northern_america,14275,light_positive_mention,raw_positive_mention,0,14275,0.000000
mufon,2000_2009,northern_america,14275,behavior_raw,raw_explicit_value,0,14275,0.000000
mufon,2000_2009,northern_america,14275,evidence_raw,raw_explicit_value,0,14275,0.000000
mufon,2000_2009,oceania,71,coordinate_evidence,normalized_field_present,71,0,100.000000
mufon,2000_2009,oceania,71,source_coordinates,qualified_value,0,71,0.000000
mufon,2000_2009,oceania,71,coordinate_precision,normalized_field_present,71,0,100.000000
mufon,2000_2009,oceania,71,coordinate_pile_review_state,normalized_field_present,0,71,0.000000
mufon,2000_2009,oceania,71,occurrence_date_role,raw_field_present,71,0,100.000000
mufon,2000_2009,oceania,71,exact_date,qualified_value,71,0,100.000000
mufon,2000_2009,oceania,71,time_of_day_raw,raw_field_present,71,0,100.000000
mufon,2000_2009,oceania,71,time_of_day_normalized,qualified_value,71,0,100.000000
mufon,2000_2009,oceania,71,reported_date_role,raw_field_present,71,0,100.000000
mufon,2000_2009,oceania,71,reporting_delay_estimable,qualified_value,66,5,92.957746
mufon,2000_2009,oceania,71,craft_normalized,normalized_field_present,62,9,87.323944
mufon,2000_2009,oceania,71,craft_confidence,qualified_value,32,39,45.070423
mufon,2000_2009,oceania,71,craft_classification_source,normalized_field_present,62,9,87.323944
mufon,2000_2009,oceania,71,same_day_suitability,qualified_value,32,39,45.070423
mufon,2000_2009,oceania,71,duplicate_lineage,normalized_field_present,71,0,100.000000
mufon,2000_2009,oceania,71,publisher_lineage,normalized_field_present,71,0,100.000000
mufon,2000_2009,oceania,71,independent_source_identity,normalized_field_present,71,0,100.000000
mufon,2000_2009,oceania,71,country_assignment,derived_field_present,71,0,100.000000
mufon,2000_2009,oceania,71,administrative_region,normalized_field_present,0,71,0.000000
mufon,2000_2009,oceania,71,boundary_assignment_provenance,derived_field_present,71,0,100.000000
mufon,2000_2009,oceania,71,duration_raw,raw_field_present,0,71,0.000000
mufon,2000_2009,oceania,71,witness_count_raw,raw_explicit_value,0,71,0.000000
mufon,2000_2009,oceania,71,sound_raw,raw_explicit_value,0,71,0.000000
mufon,2000_2009,oceania,71,color_raw,raw_explicit_value,0,71,0.000000
mufon,2000_2009,oceania,71,light_positive_mention,raw_positive_mention,0,71,0.000000
mufon,2000_2009,oceania,71,behavior_raw,raw_explicit_value,0,71,0.000000
mufon,2000_2009,oceania,71,evidence_raw,raw_explicit_value,0,71,0.000000
mufon,2000_2009,unknown,2744,coordinate_evidence,normalized_field_present,2744,0,100.000000
mufon,2000_2009,unknown,2744,source_coordinates,qualified_value,0,2744,0.000000
mufon,2000_2009,unknown,2744,coordinate_precision,normalized_field_present,2744,0,100.000000
mufon,2000_2009,unknown,2744,coordinate_pile_review_state,normalized_field_present,0,2744,0.000000
mufon,2000_2009,unknown,2744,occurrence_date_role,raw_field_present,2744,0,100.000000
mufon,2000_2009,unknown,2744,exact_date,qualified_value,2744,0,100.000000
mufon,2000_2009,unknown,2744,time_of_day_raw,raw_field_present,2744,0,100.000000
mufon,2000_2009,unknown,2744,time_of_day_normalized,qualified_value,2744,0,100.000000
mufon,2000_2009,unknown,2744,reported_date_role,raw_field_present,2744,0,100.000000
mufon,2000_2009,unknown,2744,reporting_delay_estimable,qualified_value,2693,51,98.141399
mufon,2000_2009,unknown,2744,craft_normalized,normalized_field_present,2210,534,80.539359
mufon,2000_2009,unknown,2744,craft_confidence,qualified_value,1288,1456,46.938776
mufon,2000_2009,unknown,2744,craft_classification_source,normalized_field_present,2210,534,80.539359
mufon,2000_2009,unknown,2744,same_day_suitability,qualified_value,1254,1490,45.699708
mufon,2000_2009,unknown,2744,duplicate_lineage,normalized_field_present,2744,0,100.000000
mufon,2000_2009,unknown,2744,publisher_lineage,normalized_field_present,2744,0,100.000000
mufon,2000_2009,unknown,2744,independent_source_identity,normalized_field_present,2744,0,100.000000
mufon,2000_2009,unknown,2744,country_assignment,derived_field_present,0,2744,0.000000
mufon,2000_2009,unknown,2744,administrative_region,normalized_field_present,0,2744,0.000000
mufon,2000_2009,unknown,2744,boundary_assignment_provenance,derived_field_present,276,2468,10.058309
mufon,2000_2009,unknown,2744,duration_raw,raw_field_present,0,2744,0.000000
mufon,2000_2009,unknown,2744,witness_count_raw,raw_explicit_value,0,2744,0.000000
mufon,2000_2009,unknown,2744,sound_raw,raw_explicit_value,0,2744,0.000000
mufon,2000_2009,unknown,2744,color_raw,raw_explicit_value,0,2744,0.000000
mufon,2000_2009,unknown,2744,light_positive_mention,raw_positive_mention,0,2744,0.000000
mufon,2000_2009,unknown,2744,behavior_raw,raw_explicit_value,0,2744,0.000000
mufon,2000_2009,unknown,2744,evidence_raw,raw_explicit_value,0,2744,0.000000
mufon,2010_2019,africa,3,coordinate_evidence,normalized_field_present,3,0,100.000000
mufon,2010_2019,africa,3,source_coordinates,qualified_value,0,3,0.000000
mufon,2010_2019,africa,3,coordinate_precision,normalized_field_present,3,0,100.000000
mufon,2010_2019,africa,3,coordinate_pile_review_state,normalized_field_present,0,3,0.000000
mufon,2010_2019,africa,3,occurrence_date_role,raw_field_present,3,0,100.000000
mufon,2010_2019,africa,3,exact_date,qualified_value,3,0,100.000000
mufon,2010_2019,africa,3,time_of_day_raw,raw_field_present,3,0,100.000000
mufon,2010_2019,africa,3,time_of_day_normalized,qualified_value,3,0,100.000000
mufon,2010_2019,africa,3,reported_date_role,raw_field_present,3,0,100.000000
mufon,2010_2019,africa,3,reporting_delay_estimable,qualified_value,3,0,100.000000
mufon,2010_2019,africa,3,craft_normalized,normalized_field_present,2,1,66.666667
mufon,2010_2019,africa,3,craft_confidence,qualified_value,2,1,66.666667
mufon,2010_2019,africa,3,craft_classification_source,normalized_field_present,2,1,66.666667
mufon,2010_2019,africa,3,same_day_suitability,qualified_value,2,1,66.666667
mufon,2010_2019,africa,3,duplicate_lineage,normalized_field_present,3,0,100.000000
mufon,2010_2019,africa,3,publisher_lineage,normalized_field_present,3,0,100.000000
mufon,2010_2019,africa,3,independent_source_identity,normalized_field_present,3,0,100.000000
mufon,2010_2019,africa,3,country_assignment,derived_field_present,3,0,100.000000
mufon,2010_2019,africa,3,administrative_region,normalized_field_present,0,3,0.000000
mufon,2010_2019,africa,3,boundary_assignment_provenance,derived_field_present,3,0,100.000000
mufon,2010_2019,africa,3,duration_raw,raw_field_present,0,3,0.000000
mufon,2010_2019,africa,3,witness_count_raw,raw_explicit_value,0,3,0.000000
mufon,2010_2019,africa,3,sound_raw,raw_explicit_value,0,3,0.000000
mufon,2010_2019,africa,3,color_raw,raw_explicit_value,0,3,0.000000
mufon,2010_2019,africa,3,light_positive_mention,raw_positive_mention,0,3,0.000000
mufon,2010_2019,africa,3,behavior_raw,raw_explicit_value,0,3,0.000000
mufon,2010_2019,africa,3,evidence_raw,raw_explicit_value,0,3,0.000000
mufon,2010_2019,asia,17,coordinate_evidence,normalized_field_present,17,0,100.000000
mufon,2010_2019,asia,17,source_coordinates,qualified_value,0,17,0.000000
mufon,2010_2019,asia,17,coordinate_precision,normalized_field_present,17,0,100.000000
mufon,2010_2019,asia,17,coordinate_pile_review_state,normalized_field_present,0,17,0.000000
mufon,2010_2019,asia,17,occurrence_date_role,raw_field_present,17,0,100.000000
mufon,2010_2019,asia,17,exact_date,qualified_value,17,0,100.000000
mufon,2010_2019,asia,17,time_of_day_raw,raw_field_present,17,0,100.000000
mufon,2010_2019,asia,17,time_of_day_normalized,qualified_value,17,0,100.000000
mufon,2010_2019,asia,17,reported_date_role,raw_field_present,17,0,100.000000
mufon,2010_2019,asia,17,reporting_delay_estimable,qualified_value,17,0,100.000000
mufon,2010_2019,asia,17,craft_normalized,normalized_field_present,12,5,70.588235
mufon,2010_2019,asia,17,craft_confidence,qualified_value,9,8,52.941176
mufon,2010_2019,asia,17,craft_classification_source,normalized_field_present,12,5,70.588235
mufon,2010_2019,asia,17,same_day_suitability,qualified_value,7,10,41.176471
mufon,2010_2019,asia,17,duplicate_lineage,normalized_field_present,17,0,100.000000
mufon,2010_2019,asia,17,publisher_lineage,normalized_field_present,17,0,100.000000
mufon,2010_2019,asia,17,independent_source_identity,normalized_field_present,17,0,100.000000
mufon,2010_2019,asia,17,country_assignment,derived_field_present,17,0,100.000000
mufon,2010_2019,asia,17,administrative_region,normalized_field_present,0,17,0.000000
mufon,2010_2019,asia,17,boundary_assignment_provenance,derived_field_present,17,0,100.000000
mufon,2010_2019,asia,17,duration_raw,raw_field_present,0,17,0.000000
mufon,2010_2019,asia,17,witness_count_raw,raw_explicit_value,0,17,0.000000
mufon,2010_2019,asia,17,sound_raw,raw_explicit_value,0,17,0.000000
mufon,2010_2019,asia,17,color_raw,raw_explicit_value,0,17,0.000000
mufon,2010_2019,asia,17,light_positive_mention,raw_positive_mention,0,17,0.000000
mufon,2010_2019,asia,17,behavior_raw,raw_explicit_value,0,17,0.000000
mufon,2010_2019,asia,17,evidence_raw,raw_explicit_value,0,17,0.000000
mufon,2010_2019,europe,136,coordinate_evidence,normalized_field_present,136,0,100.000000
mufon,2010_2019,europe,136,source_coordinates,qualified_value,0,136,0.000000
mufon,2010_2019,europe,136,coordinate_precision,normalized_field_present,136,0,100.000000
mufon,2010_2019,europe,136,coordinate_pile_review_state,normalized_field_present,0,136,0.000000
mufon,2010_2019,europe,136,occurrence_date_role,raw_field_present,136,0,100.000000
mufon,2010_2019,europe,136,exact_date,qualified_value,136,0,100.000000
mufon,2010_2019,europe,136,time_of_day_raw,raw_field_present,136,0,100.000000
mufon,2010_2019,europe,136,time_of_day_normalized,qualified_value,136,0,100.000000
mufon,2010_2019,europe,136,reported_date_role,raw_field_present,136,0,100.000000
mufon,2010_2019,europe,136,reporting_delay_estimable,qualified_value,130,6,95.588235
mufon,2010_2019,europe,136,craft_normalized,normalized_field_present,106,30,77.941176
mufon,2010_2019,europe,136,craft_confidence,qualified_value,61,75,44.852941
mufon,2010_2019,europe,136,craft_classification_source,normalized_field_present,106,30,77.941176
mufon,2010_2019,europe,136,same_day_suitability,qualified_value,60,76,44.117647
mufon,2010_2019,europe,136,duplicate_lineage,normalized_field_present,136,0,100.000000
mufon,2010_2019,europe,136,publisher_lineage,normalized_field_present,136,0,100.000000
mufon,2010_2019,europe,136,independent_source_identity,normalized_field_present,136,0,100.000000
mufon,2010_2019,europe,136,country_assignment,derived_field_present,136,0,100.000000
mufon,2010_2019,europe,136,administrative_region,normalized_field_present,0,136,0.000000
mufon,2010_2019,europe,136,boundary_assignment_provenance,derived_field_present,136,0,100.000000
mufon,2010_2019,europe,136,duration_raw,raw_field_present,0,136,0.000000
mufon,2010_2019,europe,136,witness_count_raw,raw_explicit_value,0,136,0.000000
mufon,2010_2019,europe,136,sound_raw,raw_explicit_value,0,136,0.000000
mufon,2010_2019,europe,136,color_raw,raw_explicit_value,0,136,0.000000
mufon,2010_2019,europe,136,light_positive_mention,raw_positive_mention,0,136,0.000000
mufon,2010_2019,europe,136,behavior_raw,raw_explicit_value,0,136,0.000000
mufon,2010_2019,europe,136,evidence_raw,raw_explicit_value,0,136,0.000000
mufon,2010_2019,latin_america_caribbean,26,coordinate_evidence,normalized_field_present,26,0,100.000000
mufon,2010_2019,latin_america_caribbean,26,source_coordinates,qualified_value,0,26,0.000000
mufon,2010_2019,latin_america_caribbean,26,coordinate_precision,normalized_field_present,26,0,100.000000
mufon,2010_2019,latin_america_caribbean,26,coordinate_pile_review_state,normalized_field_present,0,26,0.000000
mufon,2010_2019,latin_america_caribbean,26,occurrence_date_role,raw_field_present,26,0,100.000000
mufon,2010_2019,latin_america_caribbean,26,exact_date,qualified_value,26,0,100.000000
mufon,2010_2019,latin_america_caribbean,26,time_of_day_raw,raw_field_present,26,0,100.000000
mufon,2010_2019,latin_america_caribbean,26,time_of_day_normalized,qualified_value,26,0,100.000000
mufon,2010_2019,latin_america_caribbean,26,reported_date_role,raw_field_present,26,0,100.000000
mufon,2010_2019,latin_america_caribbean,26,reporting_delay_estimable,qualified_value,26,0,100.000000
mufon,2010_2019,latin_america_caribbean,26,craft_normalized,normalized_field_present,20,6,76.923077
mufon,2010_2019,latin_america_caribbean,26,craft_confidence,qualified_value,12,14,46.153846
mufon,2010_2019,latin_america_caribbean,26,craft_classification_source,normalized_field_present,20,6,76.923077
mufon,2010_2019,latin_america_caribbean,26,same_day_suitability,qualified_value,12,14,46.153846
mufon,2010_2019,latin_america_caribbean,26,duplicate_lineage,normalized_field_present,26,0,100.000000
mufon,2010_2019,latin_america_caribbean,26,publisher_lineage,normalized_field_present,26,0,100.000000
mufon,2010_2019,latin_america_caribbean,26,independent_source_identity,normalized_field_present,26,0,100.000000
mufon,2010_2019,latin_america_caribbean,26,country_assignment,derived_field_present,26,0,100.000000
mufon,2010_2019,latin_america_caribbean,26,administrative_region,normalized_field_present,0,26,0.000000
mufon,2010_2019,latin_america_caribbean,26,boundary_assignment_provenance,derived_field_present,26,0,100.000000
mufon,2010_2019,latin_america_caribbean,26,duration_raw,raw_field_present,0,26,0.000000
mufon,2010_2019,latin_america_caribbean,26,witness_count_raw,raw_explicit_value,0,26,0.000000
mufon,2010_2019,latin_america_caribbean,26,sound_raw,raw_explicit_value,0,26,0.000000
mufon,2010_2019,latin_america_caribbean,26,color_raw,raw_explicit_value,0,26,0.000000
mufon,2010_2019,latin_america_caribbean,26,light_positive_mention,raw_positive_mention,0,26,0.000000
mufon,2010_2019,latin_america_caribbean,26,behavior_raw,raw_explicit_value,0,26,0.000000
mufon,2010_2019,latin_america_caribbean,26,evidence_raw,raw_explicit_value,0,26,0.000000
mufon,2010_2019,northern_america,50479,coordinate_evidence,normalized_field_present,50479,0,100.000000
mufon,2010_2019,northern_america,50479,source_coordinates,qualified_value,0,50479,0.000000
mufon,2010_2019,northern_america,50479,coordinate_precision,normalized_field_present,50479,0,100.000000
mufon,2010_2019,northern_america,50479,coordinate_pile_review_state,normalized_field_present,0,50479,0.000000
mufon,2010_2019,northern_america,50479,occurrence_date_role,raw_field_present,50479,0,100.000000
mufon,2010_2019,northern_america,50479,exact_date,qualified_value,50479,0,100.000000
mufon,2010_2019,northern_america,50479,time_of_day_raw,raw_field_present,50479,0,100.000000
mufon,2010_2019,northern_america,50479,time_of_day_normalized,qualified_value,50479,0,100.000000
mufon,2010_2019,northern_america,50479,reported_date_role,raw_field_present,50478,1,99.998019
mufon,2010_2019,northern_america,50479,reporting_delay_estimable,qualified_value,50416,63,99.875196
mufon,2010_2019,northern_america,50479,craft_normalized,normalized_field_present,44136,6343,87.434379
mufon,2010_2019,northern_america,50479,craft_confidence,qualified_value,24054,26425,47.651499
mufon,2010_2019,northern_america,50479,craft_classification_source,normalized_field_present,44136,6343,87.434379
mufon,2010_2019,northern_america,50479,same_day_suitability,qualified_value,23295,27184,46.147903
mufon,2010_2019,northern_america,50479,duplicate_lineage,normalized_field_present,50479,0,100.000000
mufon,2010_2019,northern_america,50479,publisher_lineage,normalized_field_present,50479,0,100.000000
mufon,2010_2019,northern_america,50479,independent_source_identity,normalized_field_present,50479,0,100.000000
mufon,2010_2019,northern_america,50479,country_assignment,derived_field_present,50479,0,100.000000
mufon,2010_2019,northern_america,50479,administrative_region,normalized_field_present,0,50479,0.000000
mufon,2010_2019,northern_america,50479,boundary_assignment_provenance,derived_field_present,50479,0,100.000000
mufon,2010_2019,northern_america,50479,duration_raw,raw_field_present,0,50479,0.000000
mufon,2010_2019,northern_america,50479,witness_count_raw,raw_explicit_value,0,50479,0.000000
mufon,2010_2019,northern_america,50479,sound_raw,raw_explicit_value,0,50479,0.000000
mufon,2010_2019,northern_america,50479,color_raw,raw_explicit_value,0,50479,0.000000
mufon,2010_2019,northern_america,50479,light_positive_mention,raw_positive_mention,0,50479,0.000000
mufon,2010_2019,northern_america,50479,behavior_raw,raw_explicit_value,0,50479,0.000000
mufon,2010_2019,northern_america,50479,evidence_raw,raw_explicit_value,0,50479,0.000000
mufon,2010_2019,oceania,43,coordinate_evidence,normalized_field_present,43,0,100.000000
mufon,2010_2019,oceania,43,source_coordinates,qualified_value,0,43,0.000000
mufon,2010_2019,oceania,43,coordinate_precision,normalized_field_present,43,0,100.000000
mufon,2010_2019,oceania,43,coordinate_pile_review_state,normalized_field_present,0,43,0.000000
mufon,2010_2019,oceania,43,occurrence_date_role,raw_field_present,43,0,100.000000
mufon,2010_2019,oceania,43,exact_date,qualified_value,43,0,100.000000
mufon,2010_2019,oceania,43,time_of_day_raw,raw_field_present,43,0,100.000000
mufon,2010_2019,oceania,43,time_of_day_normalized,qualified_value,43,0,100.000000
mufon,2010_2019,oceania,43,reported_date_role,raw_field_present,43,0,100.000000
mufon,2010_2019,oceania,43,reporting_delay_estimable,qualified_value,39,4,90.697674
mufon,2010_2019,oceania,43,craft_normalized,normalized_field_present,35,8,81.395349
mufon,2010_2019,oceania,43,craft_confidence,qualified_value,21,22,48.837209
mufon,2010_2019,oceania,43,craft_classification_source,normalized_field_present,35,8,81.395349
mufon,2010_2019,oceania,43,same_day_suitability,qualified_value,21,22,48.837209
mufon,2010_2019,oceania,43,duplicate_lineage,normalized_field_present,43,0,100.000000
mufon,2010_2019,oceania,43,publisher_lineage,normalized_field_present,43,0,100.000000
mufon,2010_2019,oceania,43,independent_source_identity,normalized_field_present,43,0,100.000000
mufon,2010_2019,oceania,43,country_assignment,derived_field_present,43,0,100.000000
mufon,2010_2019,oceania,43,administrative_region,normalized_field_present,0,43,0.000000
mufon,2010_2019,oceania,43,boundary_assignment_provenance,derived_field_present,43,0,100.000000
mufon,2010_2019,oceania,43,duration_raw,raw_field_present,0,43,0.000000
mufon,2010_2019,oceania,43,witness_count_raw,raw_explicit_value,0,43,0.000000
mufon,2010_2019,oceania,43,sound_raw,raw_explicit_value,0,43,0.000000
mufon,2010_2019,oceania,43,color_raw,raw_explicit_value,0,43,0.000000
mufon,2010_2019,oceania,43,light_positive_mention,raw_positive_mention,0,43,0.000000
mufon,2010_2019,oceania,43,behavior_raw,raw_explicit_value,0,43,0.000000
mufon,2010_2019,oceania,43,evidence_raw,raw_explicit_value,0,43,0.000000
mufon,2010_2019,unknown,5948,coordinate_evidence,normalized_field_present,5948,0,100.000000
mufon,2010_2019,unknown,5948,source_coordinates,qualified_value,0,5948,0.000000
mufon,2010_2019,unknown,5948,coordinate_precision,normalized_field_present,5948,0,100.000000
mufon,2010_2019,unknown,5948,coordinate_pile_review_state,normalized_field_present,0,5948,0.000000
mufon,2010_2019,unknown,5948,occurrence_date_role,raw_field_present,5948,0,100.000000
mufon,2010_2019,unknown,5948,exact_date,qualified_value,5948,0,100.000000
mufon,2010_2019,unknown,5948,time_of_day_raw,raw_field_present,5948,0,100.000000
mufon,2010_2019,unknown,5948,time_of_day_normalized,qualified_value,5948,0,100.000000
mufon,2010_2019,unknown,5948,reported_date_role,raw_field_present,5948,0,100.000000
mufon,2010_2019,unknown,5948,reporting_delay_estimable,qualified_value,5916,32,99.462004
mufon,2010_2019,unknown,5948,craft_normalized,normalized_field_present,4879,1069,82.027572
mufon,2010_2019,unknown,5948,craft_confidence,qualified_value,2689,3259,45.208473
mufon,2010_2019,unknown,5948,craft_classification_source,normalized_field_present,4879,1069,82.027572
mufon,2010_2019,unknown,5948,same_day_suitability,qualified_value,2614,3334,43.947545
mufon,2010_2019,unknown,5948,duplicate_lineage,normalized_field_present,5948,0,100.000000
mufon,2010_2019,unknown,5948,publisher_lineage,normalized_field_present,5948,0,100.000000
mufon,2010_2019,unknown,5948,independent_source_identity,normalized_field_present,5948,0,100.000000
mufon,2010_2019,unknown,5948,country_assignment,derived_field_present,0,5948,0.000000
mufon,2010_2019,unknown,5948,administrative_region,normalized_field_present,0,5948,0.000000
mufon,2010_2019,unknown,5948,boundary_assignment_provenance,derived_field_present,957,4991,16.089442
mufon,2010_2019,unknown,5948,duration_raw,raw_field_present,0,5948,0.000000
mufon,2010_2019,unknown,5948,witness_count_raw,raw_explicit_value,0,5948,0.000000
mufon,2010_2019,unknown,5948,sound_raw,raw_explicit_value,0,5948,0.000000
mufon,2010_2019,unknown,5948,color_raw,raw_explicit_value,0,5948,0.000000
mufon,2010_2019,unknown,5948,light_positive_mention,raw_positive_mention,0,5948,0.000000
mufon,2010_2019,unknown,5948,behavior_raw,raw_explicit_value,0,5948,0.000000
mufon,2010_2019,unknown,5948,evidence_raw,raw_explicit_value,0,5948,0.000000
mufon,2020_plus,africa,42,coordinate_evidence,normalized_field_present,42,0,100.000000
mufon,2020_plus,africa,42,source_coordinates,qualified_value,0,42,0.000000
mufon,2020_plus,africa,42,coordinate_precision,normalized_field_present,42,0,100.000000
mufon,2020_plus,africa,42,coordinate_pile_review_state,normalized_field_present,0,42,0.000000
mufon,2020_plus,africa,42,occurrence_date_role,raw_field_present,42,0,100.000000
mufon,2020_plus,africa,42,exact_date,qualified_value,42,0,100.000000
mufon,2020_plus,africa,42,time_of_day_raw,raw_field_present,42,0,100.000000
mufon,2020_plus,africa,42,time_of_day_normalized,qualified_value,42,0,100.000000
mufon,2020_plus,africa,42,reported_date_role,raw_field_present,42,0,100.000000
mufon,2020_plus,africa,42,reporting_delay_estimable,qualified_value,40,2,95.238095
mufon,2020_plus,africa,42,craft_normalized,normalized_field_present,31,11,73.809524
mufon,2020_plus,africa,42,craft_confidence,qualified_value,13,29,30.952381
mufon,2020_plus,africa,42,craft_classification_source,normalized_field_present,31,11,73.809524
mufon,2020_plus,africa,42,same_day_suitability,qualified_value,13,29,30.952381
mufon,2020_plus,africa,42,duplicate_lineage,normalized_field_present,42,0,100.000000
mufon,2020_plus,africa,42,publisher_lineage,normalized_field_present,42,0,100.000000
mufon,2020_plus,africa,42,independent_source_identity,normalized_field_present,42,0,100.000000
mufon,2020_plus,africa,42,country_assignment,derived_field_present,42,0,100.000000
mufon,2020_plus,africa,42,administrative_region,normalized_field_present,0,42,0.000000
mufon,2020_plus,africa,42,boundary_assignment_provenance,derived_field_present,42,0,100.000000
mufon,2020_plus,africa,42,duration_raw,raw_field_present,0,42,0.000000
mufon,2020_plus,africa,42,witness_count_raw,raw_explicit_value,0,42,0.000000
mufon,2020_plus,africa,42,sound_raw,raw_explicit_value,0,42,0.000000
mufon,2020_plus,africa,42,color_raw,raw_explicit_value,0,42,0.000000
mufon,2020_plus,africa,42,light_positive_mention,raw_positive_mention,0,42,0.000000
mufon,2020_plus,africa,42,behavior_raw,raw_explicit_value,0,42,0.000000
mufon,2020_plus,africa,42,evidence_raw,raw_explicit_value,0,42,0.000000
mufon,2020_plus,asia,69,coordinate_evidence,normalized_field_present,69,0,100.000000
mufon,2020_plus,asia,69,source_coordinates,qualified_value,0,69,0.000000
mufon,2020_plus,asia,69,coordinate_precision,normalized_field_present,69,0,100.000000
mufon,2020_plus,asia,69,coordinate_pile_review_state,normalized_field_present,0,69,0.000000
mufon,2020_plus,asia,69,occurrence_date_role,raw_field_present,69,0,100.000000
mufon,2020_plus,asia,69,exact_date,qualified_value,69,0,100.000000
mufon,2020_plus,asia,69,time_of_day_raw,raw_field_present,69,0,100.000000
mufon,2020_plus,asia,69,time_of_day_normalized,qualified_value,69,0,100.000000
mufon,2020_plus,asia,69,reported_date_role,raw_field_present,69,0,100.000000
mufon,2020_plus,asia,69,reporting_delay_estimable,qualified_value,64,5,92.753623
mufon,2020_plus,asia,69,craft_normalized,normalized_field_present,49,20,71.014493
mufon,2020_plus,asia,69,craft_confidence,qualified_value,28,41,40.579710
mufon,2020_plus,asia,69,craft_classification_source,normalized_field_present,49,20,71.014493
mufon,2020_plus,asia,69,same_day_suitability,qualified_value,28,41,40.579710
mufon,2020_plus,asia,69,duplicate_lineage,normalized_field_present,69,0,100.000000
mufon,2020_plus,asia,69,publisher_lineage,normalized_field_present,69,0,100.000000
mufon,2020_plus,asia,69,independent_source_identity,normalized_field_present,69,0,100.000000
mufon,2020_plus,asia,69,country_assignment,derived_field_present,69,0,100.000000
mufon,2020_plus,asia,69,administrative_region,normalized_field_present,0,69,0.000000
mufon,2020_plus,asia,69,boundary_assignment_provenance,derived_field_present,69,0,100.000000
mufon,2020_plus,asia,69,duration_raw,raw_field_present,0,69,0.000000
mufon,2020_plus,asia,69,witness_count_raw,raw_explicit_value,0,69,0.000000
mufon,2020_plus,asia,69,sound_raw,raw_explicit_value,0,69,0.000000
mufon,2020_plus,asia,69,color_raw,raw_explicit_value,0,69,0.000000
mufon,2020_plus,asia,69,light_positive_mention,raw_positive_mention,0,69,0.000000
mufon,2020_plus,asia,69,behavior_raw,raw_explicit_value,0,69,0.000000
mufon,2020_plus,asia,69,evidence_raw,raw_explicit_value,0,69,0.000000
mufon,2020_plus,europe,664,coordinate_evidence,normalized_field_present,664,0,100.000000
mufon,2020_plus,europe,664,source_coordinates,qualified_value,0,664,0.000000
mufon,2020_plus,europe,664,coordinate_precision,normalized_field_present,664,0,100.000000
mufon,2020_plus,europe,664,coordinate_pile_review_state,normalized_field_present,0,664,0.000000
mufon,2020_plus,europe,664,occurrence_date_role,raw_field_present,664,0,100.000000
mufon,2020_plus,europe,664,exact_date,qualified_value,664,0,100.000000
mufon,2020_plus,europe,664,time_of_day_raw,raw_field_present,664,0,100.000000
mufon,2020_plus,europe,664,time_of_day_normalized,qualified_value,664,0,100.000000
mufon,2020_plus,europe,664,reported_date_role,raw_field_present,664,0,100.000000
mufon,2020_plus,europe,664,reporting_delay_estimable,qualified_value,651,13,98.042169
mufon,2020_plus,europe,664,craft_normalized,normalized_field_present,504,160,75.903614
mufon,2020_plus,europe,664,craft_confidence,qualified_value,305,359,45.933735
mufon,2020_plus,europe,664,craft_classification_source,normalized_field_present,504,160,75.903614
mufon,2020_plus,europe,664,same_day_suitability,qualified_value,304,360,45.783133
mufon,2020_plus,europe,664,duplicate_lineage,normalized_field_present,664,0,100.000000
mufon,2020_plus,europe,664,publisher_lineage,normalized_field_present,664,0,100.000000
mufon,2020_plus,europe,664,independent_source_identity,normalized_field_present,664,0,100.000000
mufon,2020_plus,europe,664,country_assignment,derived_field_present,664,0,100.000000
mufon,2020_plus,europe,664,administrative_region,normalized_field_present,0,664,0.000000
mufon,2020_plus,europe,664,boundary_assignment_provenance,derived_field_present,664,0,100.000000
mufon,2020_plus,europe,664,duration_raw,raw_field_present,0,664,0.000000
mufon,2020_plus,europe,664,witness_count_raw,raw_explicit_value,0,664,0.000000
mufon,2020_plus,europe,664,sound_raw,raw_explicit_value,0,664,0.000000
mufon,2020_plus,europe,664,color_raw,raw_explicit_value,0,664,0.000000
mufon,2020_plus,europe,664,light_positive_mention,raw_positive_mention,0,664,0.000000
mufon,2020_plus,europe,664,behavior_raw,raw_explicit_value,0,664,0.000000
mufon,2020_plus,europe,664,evidence_raw,raw_explicit_value,0,664,0.000000
mufon,2020_plus,latin_america_caribbean,96,coordinate_evidence,normalized_field_present,96,0,100.000000
mufon,2020_plus,latin_america_caribbean,96,source_coordinates,qualified_value,0,96,0.000000
mufon,2020_plus,latin_america_caribbean,96,coordinate_precision,normalized_field_present,96,0,100.000000
mufon,2020_plus,latin_america_caribbean,96,coordinate_pile_review_state,normalized_field_present,0,96,0.000000
mufon,2020_plus,latin_america_caribbean,96,occurrence_date_role,raw_field_present,96,0,100.000000
mufon,2020_plus,latin_america_caribbean,96,exact_date,qualified_value,96,0,100.000000
mufon,2020_plus,latin_america_caribbean,96,time_of_day_raw,raw_field_present,96,0,100.000000
mufon,2020_plus,latin_america_caribbean,96,time_of_day_normalized,qualified_value,96,0,100.000000
mufon,2020_plus,latin_america_caribbean,96,reported_date_role,raw_field_present,96,0,100.000000
mufon,2020_plus,latin_america_caribbean,96,reporting_delay_estimable,qualified_value,96,0,100.000000
mufon,2020_plus,latin_america_caribbean,96,craft_normalized,normalized_field_present,59,37,61.458333
mufon,2020_plus,latin_america_caribbean,96,craft_confidence,qualified_value,32,64,33.333333
mufon,2020_plus,latin_america_caribbean,96,craft_classification_source,normalized_field_present,59,37,61.458333
mufon,2020_plus,latin_america_caribbean,96,same_day_suitability,qualified_value,32,64,33.333333
mufon,2020_plus,latin_america_caribbean,96,duplicate_lineage,normalized_field_present,96,0,100.000000
mufon,2020_plus,latin_america_caribbean,96,publisher_lineage,normalized_field_present,96,0,100.000000
mufon,2020_plus,latin_america_caribbean,96,independent_source_identity,normalized_field_present,96,0,100.000000
mufon,2020_plus,latin_america_caribbean,96,country_assignment,derived_field_present,96,0,100.000000
mufon,2020_plus,latin_america_caribbean,96,administrative_region,normalized_field_present,0,96,0.000000
mufon,2020_plus,latin_america_caribbean,96,boundary_assignment_provenance,derived_field_present,96,0,100.000000
mufon,2020_plus,latin_america_caribbean,96,duration_raw,raw_field_present,0,96,0.000000
mufon,2020_plus,latin_america_caribbean,96,witness_count_raw,raw_explicit_value,0,96,0.000000
mufon,2020_plus,latin_america_caribbean,96,sound_raw,raw_explicit_value,0,96,0.000000
mufon,2020_plus,latin_america_caribbean,96,color_raw,raw_explicit_value,0,96,0.000000
mufon,2020_plus,latin_america_caribbean,96,light_positive_mention,raw_positive_mention,0,96,0.000000
mufon,2020_plus,latin_america_caribbean,96,behavior_raw,raw_explicit_value,0,96,0.000000
mufon,2020_plus,latin_america_caribbean,96,evidence_raw,raw_explicit_value,0,96,0.000000
mufon,2020_plus,northern_america,24579,coordinate_evidence,normalized_field_present,24579,0,100.000000
mufon,2020_plus,northern_america,24579,source_coordinates,qualified_value,0,24579,0.000000
mufon,2020_plus,northern_america,24579,coordinate_precision,normalized_field_present,24579,0,100.000000
mufon,2020_plus,northern_america,24579,coordinate_pile_review_state,normalized_field_present,0,24579,0.000000
mufon,2020_plus,northern_america,24579,occurrence_date_role,raw_field_present,24579,0,100.000000
mufon,2020_plus,northern_america,24579,exact_date,qualified_value,24579,0,100.000000
mufon,2020_plus,northern_america,24579,time_of_day_raw,raw_field_present,24579,0,100.000000
mufon,2020_plus,northern_america,24579,time_of_day_normalized,qualified_value,24579,0,100.000000
mufon,2020_plus,northern_america,24579,reported_date_role,raw_field_present,24579,0,100.000000
mufon,2020_plus,northern_america,24579,reporting_delay_estimable,qualified_value,24543,36,99.853534
mufon,2020_plus,northern_america,24579,craft_normalized,normalized_field_present,19793,4786,80.528093
mufon,2020_plus,northern_america,24579,craft_confidence,qualified_value,11070,13509,45.038447
mufon,2020_plus,northern_america,24579,craft_classification_source,normalized_field_present,19793,4786,80.528093
mufon,2020_plus,northern_america,24579,same_day_suitability,qualified_value,10894,13685,44.322389
mufon,2020_plus,northern_america,24579,duplicate_lineage,normalized_field_present,24579,0,100.000000
mufon,2020_plus,northern_america,24579,publisher_lineage,normalized_field_present,24579,0,100.000000
mufon,2020_plus,northern_america,24579,independent_source_identity,normalized_field_present,24579,0,100.000000
mufon,2020_plus,northern_america,24579,country_assignment,derived_field_present,24579,0,100.000000
mufon,2020_plus,northern_america,24579,administrative_region,normalized_field_present,0,24579,0.000000
mufon,2020_plus,northern_america,24579,boundary_assignment_provenance,derived_field_present,24579,0,100.000000
mufon,2020_plus,northern_america,24579,duration_raw,raw_field_present,0,24579,0.000000
mufon,2020_plus,northern_america,24579,witness_count_raw,raw_explicit_value,0,24579,0.000000
mufon,2020_plus,northern_america,24579,sound_raw,raw_explicit_value,0,24579,0.000000
mufon,2020_plus,northern_america,24579,color_raw,raw_explicit_value,0,24579,0.000000
mufon,2020_plus,northern_america,24579,light_positive_mention,raw_positive_mention,0,24579,0.000000
mufon,2020_plus,northern_america,24579,behavior_raw,raw_explicit_value,0,24579,0.000000
mufon,2020_plus,northern_america,24579,evidence_raw,raw_explicit_value,0,24579,0.000000
mufon,2020_plus,oceania,170,coordinate_evidence,normalized_field_present,170,0,100.000000
mufon,2020_plus,oceania,170,source_coordinates,qualified_value,0,170,0.000000
mufon,2020_plus,oceania,170,coordinate_precision,normalized_field_present,170,0,100.000000
mufon,2020_plus,oceania,170,coordinate_pile_review_state,normalized_field_present,0,170,0.000000
mufon,2020_plus,oceania,170,occurrence_date_role,raw_field_present,170,0,100.000000
mufon,2020_plus,oceania,170,exact_date,qualified_value,170,0,100.000000
mufon,2020_plus,oceania,170,time_of_day_raw,raw_field_present,170,0,100.000000
mufon,2020_plus,oceania,170,time_of_day_normalized,qualified_value,170,0,100.000000
mufon,2020_plus,oceania,170,reported_date_role,raw_field_present,170,0,100.000000
mufon,2020_plus,oceania,170,reporting_delay_estimable,qualified_value,161,9,94.705882
mufon,2020_plus,oceania,170,craft_normalized,normalized_field_present,146,24,85.882353
mufon,2020_plus,oceania,170,craft_confidence,qualified_value,71,99,41.764706
mufon,2020_plus,oceania,170,craft_classification_source,normalized_field_present,146,24,85.882353
mufon,2020_plus,oceania,170,same_day_suitability,qualified_value,71,99,41.764706
mufon,2020_plus,oceania,170,duplicate_lineage,normalized_field_present,170,0,100.000000
mufon,2020_plus,oceania,170,publisher_lineage,normalized_field_present,170,0,100.000000
mufon,2020_plus,oceania,170,independent_source_identity,normalized_field_present,170,0,100.000000
mufon,2020_plus,oceania,170,country_assignment,derived_field_present,170,0,100.000000
mufon,2020_plus,oceania,170,administrative_region,normalized_field_present,0,170,0.000000
mufon,2020_plus,oceania,170,boundary_assignment_provenance,derived_field_present,170,0,100.000000
mufon,2020_plus,oceania,170,duration_raw,raw_field_present,0,170,0.000000
mufon,2020_plus,oceania,170,witness_count_raw,raw_explicit_value,0,170,0.000000
mufon,2020_plus,oceania,170,sound_raw,raw_explicit_value,0,170,0.000000
mufon,2020_plus,oceania,170,color_raw,raw_explicit_value,0,170,0.000000
mufon,2020_plus,oceania,170,light_positive_mention,raw_positive_mention,0,170,0.000000
mufon,2020_plus,oceania,170,behavior_raw,raw_explicit_value,0,170,0.000000
mufon,2020_plus,oceania,170,evidence_raw,raw_explicit_value,0,170,0.000000
mufon,2020_plus,unknown,3720,coordinate_evidence,normalized_field_present,3720,0,100.000000
mufon,2020_plus,unknown,3720,source_coordinates,qualified_value,0,3720,0.000000
mufon,2020_plus,unknown,3720,coordinate_precision,normalized_field_present,3720,0,100.000000
mufon,2020_plus,unknown,3720,coordinate_pile_review_state,normalized_field_present,0,3720,0.000000
mufon,2020_plus,unknown,3720,occurrence_date_role,raw_field_present,3720,0,100.000000
mufon,2020_plus,unknown,3720,exact_date,qualified_value,3720,0,100.000000
mufon,2020_plus,unknown,3720,time_of_day_raw,raw_field_present,3720,0,100.000000
mufon,2020_plus,unknown,3720,time_of_day_normalized,qualified_value,3720,0,100.000000
mufon,2020_plus,unknown,3720,reported_date_role,raw_field_present,3720,0,100.000000
mufon,2020_plus,unknown,3720,reporting_delay_estimable,qualified_value,3666,54,98.548387
mufon,2020_plus,unknown,3720,craft_normalized,normalized_field_present,2660,1060,71.505376
mufon,2020_plus,unknown,3720,craft_confidence,qualified_value,1521,2199,40.887097
mufon,2020_plus,unknown,3720,craft_classification_source,normalized_field_present,2660,1060,71.505376
mufon,2020_plus,unknown,3720,same_day_suitability,qualified_value,1497,2223,40.241935
mufon,2020_plus,unknown,3720,duplicate_lineage,normalized_field_present,3720,0,100.000000
mufon,2020_plus,unknown,3720,publisher_lineage,normalized_field_present,3720,0,100.000000
mufon,2020_plus,unknown,3720,independent_source_identity,normalized_field_present,3720,0,100.000000
mufon,2020_plus,unknown,3720,country_assignment,derived_field_present,0,3720,0.000000
mufon,2020_plus,unknown,3720,administrative_region,normalized_field_present,0,3720,0.000000
mufon,2020_plus,unknown,3720,boundary_assignment_provenance,derived_field_present,544,3176,14.623656
mufon,2020_plus,unknown,3720,duration_raw,raw_field_present,0,3720,0.000000
mufon,2020_plus,unknown,3720,witness_count_raw,raw_explicit_value,0,3720,0.000000
mufon,2020_plus,unknown,3720,sound_raw,raw_explicit_value,0,3720,0.000000
mufon,2020_plus,unknown,3720,color_raw,raw_explicit_value,0,3720,0.000000
mufon,2020_plus,unknown,3720,light_positive_mention,raw_positive_mention,0,3720,0.000000
mufon,2020_plus,unknown,3720,behavior_raw,raw_explicit_value,0,3720,0.000000
mufon,2020_plus,unknown,3720,evidence_raw,raw_explicit_value,0,3720,0.000000
mufon,pre_1945,northern_america,41,coordinate_evidence,normalized_field_present,41,0,100.000000
mufon,pre_1945,northern_america,41,source_coordinates,qualified_value,0,41,0.000000
mufon,pre_1945,northern_america,41,coordinate_precision,normalized_field_present,41,0,100.000000
mufon,pre_1945,northern_america,41,coordinate_pile_review_state,normalized_field_present,0,41,0.000000
mufon,pre_1945,northern_america,41,occurrence_date_role,raw_field_present,41,0,100.000000
mufon,pre_1945,northern_america,41,exact_date,qualified_value,41,0,100.000000
mufon,pre_1945,northern_america,41,time_of_day_raw,raw_field_present,41,0,100.000000
mufon,pre_1945,northern_america,41,time_of_day_normalized,qualified_value,41,0,100.000000
mufon,pre_1945,northern_america,41,reported_date_role,raw_field_present,41,0,100.000000
mufon,pre_1945,northern_america,41,reporting_delay_estimable,qualified_value,41,0,100.000000
mufon,pre_1945,northern_america,41,craft_normalized,normalized_field_present,26,15,63.414634
mufon,pre_1945,northern_america,41,craft_confidence,qualified_value,16,25,39.024390
mufon,pre_1945,northern_america,41,craft_classification_source,normalized_field_present,26,15,63.414634
mufon,pre_1945,northern_america,41,same_day_suitability,qualified_value,16,25,39.024390
mufon,pre_1945,northern_america,41,duplicate_lineage,normalized_field_present,41,0,100.000000
mufon,pre_1945,northern_america,41,publisher_lineage,normalized_field_present,41,0,100.000000
mufon,pre_1945,northern_america,41,independent_source_identity,normalized_field_present,41,0,100.000000
mufon,pre_1945,northern_america,41,country_assignment,derived_field_present,41,0,100.000000
mufon,pre_1945,northern_america,41,administrative_region,normalized_field_present,0,41,0.000000
mufon,pre_1945,northern_america,41,boundary_assignment_provenance,derived_field_present,41,0,100.000000
mufon,pre_1945,northern_america,41,duration_raw,raw_field_present,0,41,0.000000
mufon,pre_1945,northern_america,41,witness_count_raw,raw_explicit_value,0,41,0.000000
mufon,pre_1945,northern_america,41,sound_raw,raw_explicit_value,0,41,0.000000
mufon,pre_1945,northern_america,41,color_raw,raw_explicit_value,0,41,0.000000
mufon,pre_1945,northern_america,41,light_positive_mention,raw_positive_mention,0,41,0.000000
mufon,pre_1945,northern_america,41,behavior_raw,raw_explicit_value,0,41,0.000000
mufon,pre_1945,northern_america,41,evidence_raw,raw_explicit_value,0,41,0.000000
mufon,pre_1945,unknown,18,coordinate_evidence,normalized_field_present,18,0,100.000000
mufon,pre_1945,unknown,18,source_coordinates,qualified_value,0,18,0.000000
mufon,pre_1945,unknown,18,coordinate_precision,normalized_field_present,18,0,100.000000
mufon,pre_1945,unknown,18,coordinate_pile_review_state,normalized_field_present,0,18,0.000000
mufon,pre_1945,unknown,18,occurrence_date_role,raw_field_present,18,0,100.000000
mufon,pre_1945,unknown,18,exact_date,qualified_value,18,0,100.000000
mufon,pre_1945,unknown,18,time_of_day_raw,raw_field_present,18,0,100.000000
mufon,pre_1945,unknown,18,time_of_day_normalized,qualified_value,18,0,100.000000
mufon,pre_1945,unknown,18,reported_date_role,raw_field_present,18,0,100.000000
mufon,pre_1945,unknown,18,reporting_delay_estimable,qualified_value,18,0,100.000000
mufon,pre_1945,unknown,18,craft_normalized,normalized_field_present,6,12,33.333333
mufon,pre_1945,unknown,18,craft_confidence,qualified_value,4,14,22.222222
mufon,pre_1945,unknown,18,craft_classification_source,normalized_field_present,6,12,33.333333
mufon,pre_1945,unknown,18,same_day_suitability,qualified_value,4,14,22.222222
mufon,pre_1945,unknown,18,duplicate_lineage,normalized_field_present,18,0,100.000000
mufon,pre_1945,unknown,18,publisher_lineage,normalized_field_present,18,0,100.000000
mufon,pre_1945,unknown,18,independent_source_identity,normalized_field_present,18,0,100.000000
mufon,pre_1945,unknown,18,country_assignment,derived_field_present,0,18,0.000000
mufon,pre_1945,unknown,18,administrative_region,normalized_field_present,0,18,0.000000
mufon,pre_1945,unknown,18,boundary_assignment_provenance,derived_field_present,0,18,0.000000
mufon,pre_1945,unknown,18,duration_raw,raw_field_present,0,18,0.000000
mufon,pre_1945,unknown,18,witness_count_raw,raw_explicit_value,0,18,0.000000
mufon,pre_1945,unknown,18,sound_raw,raw_explicit_value,0,18,0.000000
mufon,pre_1945,unknown,18,color_raw,raw_explicit_value,0,18,0.000000
mufon,pre_1945,unknown,18,light_positive_mention,raw_positive_mention,0,18,0.000000
mufon,pre_1945,unknown,18,behavior_raw,raw_explicit_value,0,18,0.000000
mufon,pre_1945,unknown,18,evidence_raw,raw_explicit_value,0,18,0.000000
mufon,unknown,africa,6,coordinate_evidence,normalized_field_present,6,0,100.000000
mufon,unknown,africa,6,source_coordinates,qualified_value,0,6,0.000000
mufon,unknown,africa,6,coordinate_precision,normalized_field_present,6,0,100.000000
mufon,unknown,africa,6,coordinate_pile_review_state,normalized_field_present,0,6,0.000000
mufon,unknown,africa,6,occurrence_date_role,raw_field_present,6,0,100.000000
mufon,unknown,africa,6,exact_date,qualified_value,0,6,0.000000
mufon,unknown,africa,6,time_of_day_raw,raw_field_present,4,2,66.666667
mufon,unknown,africa,6,time_of_day_normalized,qualified_value,0,6,0.000000
mufon,unknown,africa,6,reported_date_role,raw_field_present,6,0,100.000000
mufon,unknown,africa,6,reporting_delay_estimable,qualified_value,0,6,0.000000
mufon,unknown,africa,6,craft_normalized,normalized_field_present,4,2,66.666667
mufon,unknown,africa,6,craft_confidence,qualified_value,2,4,33.333333
mufon,unknown,africa,6,craft_classification_source,normalized_field_present,4,2,66.666667
mufon,unknown,africa,6,same_day_suitability,qualified_value,2,4,33.333333
mufon,unknown,africa,6,duplicate_lineage,normalized_field_present,6,0,100.000000
mufon,unknown,africa,6,publisher_lineage,normalized_field_present,6,0,100.000000
mufon,unknown,africa,6,independent_source_identity,normalized_field_present,6,0,100.000000
mufon,unknown,africa,6,country_assignment,derived_field_present,6,0,100.000000
mufon,unknown,africa,6,administrative_region,normalized_field_present,0,6,0.000000
mufon,unknown,africa,6,boundary_assignment_provenance,derived_field_present,6,0,100.000000
mufon,unknown,africa,6,duration_raw,raw_field_present,0,6,0.000000
mufon,unknown,africa,6,witness_count_raw,raw_explicit_value,0,6,0.000000
mufon,unknown,africa,6,sound_raw,raw_explicit_value,0,6,0.000000
mufon,unknown,africa,6,color_raw,raw_explicit_value,0,6,0.000000
mufon,unknown,africa,6,light_positive_mention,raw_positive_mention,0,6,0.000000
mufon,unknown,africa,6,behavior_raw,raw_explicit_value,0,6,0.000000
mufon,unknown,africa,6,evidence_raw,raw_explicit_value,0,6,0.000000
mufon,unknown,asia,17,coordinate_evidence,normalized_field_present,17,0,100.000000
mufon,unknown,asia,17,source_coordinates,qualified_value,0,17,0.000000
mufon,unknown,asia,17,coordinate_precision,normalized_field_present,17,0,100.000000
mufon,unknown,asia,17,coordinate_pile_review_state,normalized_field_present,0,17,0.000000
mufon,unknown,asia,17,occurrence_date_role,raw_field_present,17,0,100.000000
mufon,unknown,asia,17,exact_date,qualified_value,0,17,0.000000
mufon,unknown,asia,17,time_of_day_raw,raw_field_present,12,5,70.588235
mufon,unknown,asia,17,time_of_day_normalized,qualified_value,0,17,0.000000
mufon,unknown,asia,17,reported_date_role,raw_field_present,17,0,100.000000
mufon,unknown,asia,17,reporting_delay_estimable,qualified_value,0,17,0.000000
mufon,unknown,asia,17,craft_normalized,normalized_field_present,13,4,76.470588
mufon,unknown,asia,17,craft_confidence,qualified_value,10,7,58.823529
mufon,unknown,asia,17,craft_classification_source,normalized_field_present,13,4,76.470588
mufon,unknown,asia,17,same_day_suitability,qualified_value,8,9,47.058824
mufon,unknown,asia,17,duplicate_lineage,normalized_field_present,17,0,100.000000
mufon,unknown,asia,17,publisher_lineage,normalized_field_present,17,0,100.000000
mufon,unknown,asia,17,independent_source_identity,normalized_field_present,17,0,100.000000
mufon,unknown,asia,17,country_assignment,derived_field_present,17,0,100.000000
mufon,unknown,asia,17,administrative_region,normalized_field_present,0,17,0.000000
mufon,unknown,asia,17,boundary_assignment_provenance,derived_field_present,17,0,100.000000
mufon,unknown,asia,17,duration_raw,raw_field_present,0,17,0.000000
mufon,unknown,asia,17,witness_count_raw,raw_explicit_value,0,17,0.000000
mufon,unknown,asia,17,sound_raw,raw_explicit_value,0,17,0.000000
mufon,unknown,asia,17,color_raw,raw_explicit_value,0,17,0.000000
mufon,unknown,asia,17,light_positive_mention,raw_positive_mention,0,17,0.000000
mufon,unknown,asia,17,behavior_raw,raw_explicit_value,0,17,0.000000
mufon,unknown,asia,17,evidence_raw,raw_explicit_value,0,17,0.000000
mufon,unknown,europe,159,coordinate_evidence,normalized_field_present,159,0,100.000000
mufon,unknown,europe,159,source_coordinates,qualified_value,0,159,0.000000
mufon,unknown,europe,159,coordinate_precision,normalized_field_present,159,0,100.000000
mufon,unknown,europe,159,coordinate_pile_review_state,normalized_field_present,0,159,0.000000
mufon,unknown,europe,159,occurrence_date_role,raw_field_present,159,0,100.000000
mufon,unknown,europe,159,exact_date,qualified_value,1,158,0.628931
mufon,unknown,europe,159,time_of_day_raw,raw_field_present,102,57,64.150943
mufon,unknown,europe,159,time_of_day_normalized,qualified_value,1,158,0.628931
mufon,unknown,europe,159,reported_date_role,raw_field_present,159,0,100.000000
mufon,unknown,europe,159,reporting_delay_estimable,qualified_value,0,159,0.000000
mufon,unknown,europe,159,craft_normalized,normalized_field_present,119,40,74.842767
mufon,unknown,europe,159,craft_confidence,qualified_value,80,79,50.314465
mufon,unknown,europe,159,craft_classification_source,normalized_field_present,119,40,74.842767
mufon,unknown,europe,159,same_day_suitability,qualified_value,79,80,49.685535
mufon,unknown,europe,159,duplicate_lineage,normalized_field_present,159,0,100.000000
mufon,unknown,europe,159,publisher_lineage,normalized_field_present,159,0,100.000000
mufon,unknown,europe,159,independent_source_identity,normalized_field_present,159,0,100.000000
mufon,unknown,europe,159,country_assignment,derived_field_present,159,0,100.000000
mufon,unknown,europe,159,administrative_region,normalized_field_present,0,159,0.000000
mufon,unknown,europe,159,boundary_assignment_provenance,derived_field_present,159,0,100.000000
mufon,unknown,europe,159,duration_raw,raw_field_present,0,159,0.000000
mufon,unknown,europe,159,witness_count_raw,raw_explicit_value,0,159,0.000000
mufon,unknown,europe,159,sound_raw,raw_explicit_value,0,159,0.000000
mufon,unknown,europe,159,color_raw,raw_explicit_value,0,159,0.000000
mufon,unknown,europe,159,light_positive_mention,raw_positive_mention,0,159,0.000000
mufon,unknown,europe,159,behavior_raw,raw_explicit_value,0,159,0.000000
mufon,unknown,europe,159,evidence_raw,raw_explicit_value,0,159,0.000000
mufon,unknown,latin_america_caribbean,36,coordinate_evidence,normalized_field_present,36,0,100.000000
mufon,unknown,latin_america_caribbean,36,source_coordinates,qualified_value,0,36,0.000000
mufon,unknown,latin_america_caribbean,36,coordinate_precision,normalized_field_present,36,0,100.000000
mufon,unknown,latin_america_caribbean,36,coordinate_pile_review_state,normalized_field_present,0,36,0.000000
mufon,unknown,latin_america_caribbean,36,occurrence_date_role,raw_field_present,36,0,100.000000
mufon,unknown,latin_america_caribbean,36,exact_date,qualified_value,0,36,0.000000
mufon,unknown,latin_america_caribbean,36,time_of_day_raw,raw_field_present,23,13,63.888889
mufon,unknown,latin_america_caribbean,36,time_of_day_normalized,qualified_value,0,36,0.000000
mufon,unknown,latin_america_caribbean,36,reported_date_role,raw_field_present,36,0,100.000000
mufon,unknown,latin_america_caribbean,36,reporting_delay_estimable,qualified_value,0,36,0.000000
mufon,unknown,latin_america_caribbean,36,craft_normalized,normalized_field_present,33,3,91.666667
mufon,unknown,latin_america_caribbean,36,craft_confidence,qualified_value,20,16,55.555556
mufon,unknown,latin_america_caribbean,36,craft_classification_source,normalized_field_present,33,3,91.666667
mufon,unknown,latin_america_caribbean,36,same_day_suitability,qualified_value,18,18,50.000000
mufon,unknown,latin_america_caribbean,36,duplicate_lineage,normalized_field_present,36,0,100.000000
mufon,unknown,latin_america_caribbean,36,publisher_lineage,normalized_field_present,36,0,100.000000
mufon,unknown,latin_america_caribbean,36,independent_source_identity,normalized_field_present,36,0,100.000000
mufon,unknown,latin_america_caribbean,36,country_assignment,derived_field_present,36,0,100.000000
mufon,unknown,latin_america_caribbean,36,administrative_region,normalized_field_present,0,36,0.000000
mufon,unknown,latin_america_caribbean,36,boundary_assignment_provenance,derived_field_present,36,0,100.000000
mufon,unknown,latin_america_caribbean,36,duration_raw,raw_field_present,0,36,0.000000
mufon,unknown,latin_america_caribbean,36,witness_count_raw,raw_explicit_value,0,36,0.000000
mufon,unknown,latin_america_caribbean,36,sound_raw,raw_explicit_value,0,36,0.000000
mufon,unknown,latin_america_caribbean,36,color_raw,raw_explicit_value,0,36,0.000000
mufon,unknown,latin_america_caribbean,36,light_positive_mention,raw_positive_mention,0,36,0.000000
mufon,unknown,latin_america_caribbean,36,behavior_raw,raw_explicit_value,0,36,0.000000
mufon,unknown,latin_america_caribbean,36,evidence_raw,raw_explicit_value,0,36,0.000000
mufon,unknown,northern_america,4231,coordinate_evidence,normalized_field_present,4231,0,100.000000
mufon,unknown,northern_america,4231,source_coordinates,qualified_value,0,4231,0.000000
mufon,unknown,northern_america,4231,coordinate_precision,normalized_field_present,4231,0,100.000000
mufon,unknown,northern_america,4231,coordinate_pile_review_state,normalized_field_present,0,4231,0.000000
mufon,unknown,northern_america,4231,occurrence_date_role,raw_field_present,4231,0,100.000000
mufon,unknown,northern_america,4231,exact_date,qualified_value,54,4177,1.276294
mufon,unknown,northern_america,4231,time_of_day_raw,raw_field_present,3193,1038,75.466793
mufon,unknown,northern_america,4231,time_of_day_normalized,qualified_value,54,4177,1.276294
mufon,unknown,northern_america,4231,reported_date_role,raw_field_present,4176,55,98.700071
mufon,unknown,northern_america,4231,reporting_delay_estimable,qualified_value,0,4231,0.000000
mufon,unknown,northern_america,4231,craft_normalized,normalized_field_present,3353,878,79.248405
mufon,unknown,northern_america,4231,craft_confidence,qualified_value,2161,2070,51.075396
mufon,unknown,northern_america,4231,craft_classification_source,normalized_field_present,3353,878,79.248405
mufon,unknown,northern_america,4231,same_day_suitability,qualified_value,2118,2113,50.059088
mufon,unknown,northern_america,4231,duplicate_lineage,normalized_field_present,4231,0,100.000000
mufon,unknown,northern_america,4231,publisher_lineage,normalized_field_present,4231,0,100.000000
mufon,unknown,northern_america,4231,independent_source_identity,normalized_field_present,4231,0,100.000000
mufon,unknown,northern_america,4231,country_assignment,derived_field_present,4231,0,100.000000
mufon,unknown,northern_america,4231,administrative_region,normalized_field_present,0,4231,0.000000
mufon,unknown,northern_america,4231,boundary_assignment_provenance,derived_field_present,4231,0,100.000000
mufon,unknown,northern_america,4231,duration_raw,raw_field_present,0,4231,0.000000
mufon,unknown,northern_america,4231,witness_count_raw,raw_explicit_value,0,4231,0.000000
mufon,unknown,northern_america,4231,sound_raw,raw_explicit_value,0,4231,0.000000
mufon,unknown,northern_america,4231,color_raw,raw_explicit_value,0,4231,0.000000
mufon,unknown,northern_america,4231,light_positive_mention,raw_positive_mention,0,4231,0.000000
mufon,unknown,northern_america,4231,behavior_raw,raw_explicit_value,0,4231,0.000000
mufon,unknown,northern_america,4231,evidence_raw,raw_explicit_value,0,4231,0.000000
mufon,unknown,oceania,24,coordinate_evidence,normalized_field_present,24,0,100.000000
mufon,unknown,oceania,24,source_coordinates,qualified_value,0,24,0.000000
mufon,unknown,oceania,24,coordinate_precision,normalized_field_present,24,0,100.000000
mufon,unknown,oceania,24,coordinate_pile_review_state,normalized_field_present,0,24,0.000000
mufon,unknown,oceania,24,occurrence_date_role,raw_field_present,24,0,100.000000
mufon,unknown,oceania,24,exact_date,qualified_value,0,24,0.000000
mufon,unknown,oceania,24,time_of_day_raw,raw_field_present,16,8,66.666667
mufon,unknown,oceania,24,time_of_day_normalized,qualified_value,0,24,0.000000
mufon,unknown,oceania,24,reported_date_role,raw_field_present,24,0,100.000000
mufon,unknown,oceania,24,reporting_delay_estimable,qualified_value,0,24,0.000000
mufon,unknown,oceania,24,craft_normalized,normalized_field_present,18,6,75.000000
mufon,unknown,oceania,24,craft_confidence,qualified_value,9,15,37.500000
mufon,unknown,oceania,24,craft_classification_source,normalized_field_present,18,6,75.000000
mufon,unknown,oceania,24,same_day_suitability,qualified_value,8,16,33.333333
mufon,unknown,oceania,24,duplicate_lineage,normalized_field_present,24,0,100.000000
mufon,unknown,oceania,24,publisher_lineage,normalized_field_present,24,0,100.000000
mufon,unknown,oceania,24,independent_source_identity,normalized_field_present,24,0,100.000000
mufon,unknown,oceania,24,country_assignment,derived_field_present,24,0,100.000000
mufon,unknown,oceania,24,administrative_region,normalized_field_present,0,24,0.000000
mufon,unknown,oceania,24,boundary_assignment_provenance,derived_field_present,24,0,100.000000
mufon,unknown,oceania,24,duration_raw,raw_field_present,0,24,0.000000
mufon,unknown,oceania,24,witness_count_raw,raw_explicit_value,0,24,0.000000
mufon,unknown,oceania,24,sound_raw,raw_explicit_value,0,24,0.000000
mufon,unknown,oceania,24,color_raw,raw_explicit_value,0,24,0.000000
mufon,unknown,oceania,24,light_positive_mention,raw_positive_mention,0,24,0.000000
mufon,unknown,oceania,24,behavior_raw,raw_explicit_value,0,24,0.000000
mufon,unknown,oceania,24,evidence_raw,raw_explicit_value,0,24,0.000000
mufon,unknown,unknown,1130,coordinate_evidence,normalized_field_present,1130,0,100.000000
mufon,unknown,unknown,1130,source_coordinates,qualified_value,0,1130,0.000000
mufon,unknown,unknown,1130,coordinate_precision,normalized_field_present,1130,0,100.000000
mufon,unknown,unknown,1130,coordinate_pile_review_state,normalized_field_present,0,1130,0.000000
mufon,unknown,unknown,1130,occurrence_date_role,raw_field_present,1130,0,100.000000
mufon,unknown,unknown,1130,exact_date,qualified_value,3,1127,0.265487
mufon,unknown,unknown,1130,time_of_day_raw,raw_field_present,684,446,60.530973
mufon,unknown,unknown,1130,time_of_day_normalized,qualified_value,3,1127,0.265487
mufon,unknown,unknown,1130,reported_date_role,raw_field_present,1128,2,99.823009
mufon,unknown,unknown,1130,reporting_delay_estimable,qualified_value,0,1130,0.000000
mufon,unknown,unknown,1130,craft_normalized,normalized_field_present,708,422,62.654867
mufon,unknown,unknown,1130,craft_confidence,qualified_value,436,694,38.584071
mufon,unknown,unknown,1130,craft_classification_source,normalized_field_present,708,422,62.654867
mufon,unknown,unknown,1130,same_day_suitability,qualified_value,430,700,38.053097
mufon,unknown,unknown,1130,duplicate_lineage,normalized_field_present,1130,0,100.000000
mufon,unknown,unknown,1130,publisher_lineage,normalized_field_present,1130,0,100.000000
mufon,unknown,unknown,1130,independent_source_identity,normalized_field_present,1130,0,100.000000
mufon,unknown,unknown,1130,country_assignment,derived_field_present,0,1130,0.000000
mufon,unknown,unknown,1130,administrative_region,normalized_field_present,0,1130,0.000000
mufon,unknown,unknown,1130,boundary_assignment_provenance,derived_field_present,85,1045,7.522124
mufon,unknown,unknown,1130,duration_raw,raw_field_present,0,1130,0.000000
mufon,unknown,unknown,1130,witness_count_raw,raw_explicit_value,0,1130,0.000000
mufon,unknown,unknown,1130,sound_raw,raw_explicit_value,0,1130,0.000000
mufon,unknown,unknown,1130,color_raw,raw_explicit_value,0,1130,0.000000
mufon,unknown,unknown,1130,light_positive_mention,raw_positive_mention,0,1130,0.000000
mufon,unknown,unknown,1130,behavior_raw,raw_explicit_value,0,1130,0.000000
mufon,unknown,unknown,1130,evidence_raw,raw_explicit_value,0,1130,0.000000
nuforc,1945_1959,asia,2,coordinate_evidence,normalized_field_present,2,0,100.000000
nuforc,1945_1959,asia,2,source_coordinates,qualified_value,0,2,0.000000
nuforc,1945_1959,asia,2,coordinate_precision,normalized_field_present,2,0,100.000000
nuforc,1945_1959,asia,2,coordinate_pile_review_state,normalized_field_present,0,2,0.000000
nuforc,1945_1959,asia,2,occurrence_date_role,raw_field_present,2,0,100.000000
nuforc,1945_1959,asia,2,exact_date,qualified_value,2,0,100.000000
nuforc,1945_1959,asia,2,time_of_day_raw,raw_field_present,2,0,100.000000
nuforc,1945_1959,asia,2,time_of_day_normalized,qualified_value,0,2,0.000000
nuforc,1945_1959,asia,2,reported_date_role,raw_field_present,2,0,100.000000
nuforc,1945_1959,asia,2,reporting_delay_estimable,qualified_value,2,0,100.000000
nuforc,1945_1959,asia,2,craft_normalized,normalized_field_present,2,0,100.000000
nuforc,1945_1959,asia,2,craft_confidence,qualified_value,2,0,100.000000
nuforc,1945_1959,asia,2,craft_classification_source,normalized_field_present,2,0,100.000000
nuforc,1945_1959,asia,2,same_day_suitability,qualified_value,2,0,100.000000
nuforc,1945_1959,asia,2,duplicate_lineage,normalized_field_present,2,0,100.000000
nuforc,1945_1959,asia,2,publisher_lineage,normalized_field_present,2,0,100.000000
nuforc,1945_1959,asia,2,independent_source_identity,normalized_field_present,2,0,100.000000
nuforc,1945_1959,asia,2,country_assignment,derived_field_present,2,0,100.000000
nuforc,1945_1959,asia,2,administrative_region,normalized_field_present,0,2,0.000000
nuforc,1945_1959,asia,2,boundary_assignment_provenance,derived_field_present,2,0,100.000000
nuforc,1945_1959,asia,2,duration_raw,raw_field_present,2,0,100.000000
nuforc,1945_1959,asia,2,witness_count_raw,raw_explicit_value,2,0,100.000000
nuforc,1945_1959,asia,2,sound_raw,raw_explicit_value,0,2,0.000000
nuforc,1945_1959,asia,2,color_raw,raw_explicit_value,0,2,0.000000
nuforc,1945_1959,asia,2,light_positive_mention,raw_positive_mention,0,2,0.000000
nuforc,1945_1959,asia,2,behavior_raw,raw_explicit_value,0,2,0.000000
nuforc,1945_1959,asia,2,evidence_raw,raw_explicit_value,0,2,0.000000
nuforc,1945_1959,europe,7,coordinate_evidence,normalized_field_present,7,0,100.000000
nuforc,1945_1959,europe,7,source_coordinates,qualified_value,0,7,0.000000
nuforc,1945_1959,europe,7,coordinate_precision,normalized_field_present,7,0,100.000000
nuforc,1945_1959,europe,7,coordinate_pile_review_state,normalized_field_present,0,7,0.000000
nuforc,1945_1959,europe,7,occurrence_date_role,raw_field_present,7,0,100.000000
nuforc,1945_1959,europe,7,exact_date,qualified_value,7,0,100.000000
nuforc,1945_1959,europe,7,time_of_day_raw,raw_field_present,7,0,100.000000
nuforc,1945_1959,europe,7,time_of_day_normalized,qualified_value,0,7,0.000000
nuforc,1945_1959,europe,7,reported_date_role,raw_field_present,7,0,100.000000
nuforc,1945_1959,europe,7,reporting_delay_estimable,qualified_value,7,0,100.000000
nuforc,1945_1959,europe,7,craft_normalized,normalized_field_present,7,0,100.000000
nuforc,1945_1959,europe,7,craft_confidence,qualified_value,7,0,100.000000
nuforc,1945_1959,europe,7,craft_classification_source,normalized_field_present,7,0,100.000000
nuforc,1945_1959,europe,7,same_day_suitability,qualified_value,6,1,85.714286
nuforc,1945_1959,europe,7,duplicate_lineage,normalized_field_present,7,0,100.000000
nuforc,1945_1959,europe,7,publisher_lineage,normalized_field_present,7,0,100.000000
nuforc,1945_1959,europe,7,independent_source_identity,normalized_field_present,7,0,100.000000
nuforc,1945_1959,europe,7,country_assignment,derived_field_present,7,0,100.000000
nuforc,1945_1959,europe,7,administrative_region,normalized_field_present,0,7,0.000000
nuforc,1945_1959,europe,7,boundary_assignment_provenance,derived_field_present,7,0,100.000000
nuforc,1945_1959,europe,7,duration_raw,raw_field_present,6,1,85.714286
nuforc,1945_1959,europe,7,witness_count_raw,raw_explicit_value,7,0,100.000000
nuforc,1945_1959,europe,7,sound_raw,raw_explicit_value,0,7,0.000000
nuforc,1945_1959,europe,7,color_raw,raw_explicit_value,0,7,0.000000
nuforc,1945_1959,europe,7,light_positive_mention,raw_positive_mention,3,4,42.857143
nuforc,1945_1959,europe,7,behavior_raw,raw_explicit_value,0,7,0.000000
nuforc,1945_1959,europe,7,evidence_raw,raw_explicit_value,0,7,0.000000
nuforc,1945_1959,latin_america_caribbean,2,coordinate_evidence,normalized_field_present,2,0,100.000000
nuforc,1945_1959,latin_america_caribbean,2,source_coordinates,qualified_value,0,2,0.000000
nuforc,1945_1959,latin_america_caribbean,2,coordinate_precision,normalized_field_present,2,0,100.000000
nuforc,1945_1959,latin_america_caribbean,2,coordinate_pile_review_state,normalized_field_present,0,2,0.000000
nuforc,1945_1959,latin_america_caribbean,2,occurrence_date_role,raw_field_present,2,0,100.000000
nuforc,1945_1959,latin_america_caribbean,2,exact_date,qualified_value,2,0,100.000000
nuforc,1945_1959,latin_america_caribbean,2,time_of_day_raw,raw_field_present,2,0,100.000000
nuforc,1945_1959,latin_america_caribbean,2,time_of_day_normalized,qualified_value,0,2,0.000000
nuforc,1945_1959,latin_america_caribbean,2,reported_date_role,raw_field_present,2,0,100.000000
nuforc,1945_1959,latin_america_caribbean,2,reporting_delay_estimable,qualified_value,2,0,100.000000
nuforc,1945_1959,latin_america_caribbean,2,craft_normalized,normalized_field_present,2,0,100.000000
nuforc,1945_1959,latin_america_caribbean,2,craft_confidence,qualified_value,2,0,100.000000
nuforc,1945_1959,latin_america_caribbean,2,craft_classification_source,normalized_field_present,2,0,100.000000
nuforc,1945_1959,latin_america_caribbean,2,same_day_suitability,qualified_value,2,0,100.000000
nuforc,1945_1959,latin_america_caribbean,2,duplicate_lineage,normalized_field_present,2,0,100.000000
nuforc,1945_1959,latin_america_caribbean,2,publisher_lineage,normalized_field_present,2,0,100.000000
nuforc,1945_1959,latin_america_caribbean,2,independent_source_identity,normalized_field_present,2,0,100.000000
nuforc,1945_1959,latin_america_caribbean,2,country_assignment,derived_field_present,2,0,100.000000
nuforc,1945_1959,latin_america_caribbean,2,administrative_region,normalized_field_present,0,2,0.000000
nuforc,1945_1959,latin_america_caribbean,2,boundary_assignment_provenance,derived_field_present,2,0,100.000000
nuforc,1945_1959,latin_america_caribbean,2,duration_raw,raw_field_present,2,0,100.000000
nuforc,1945_1959,latin_america_caribbean,2,witness_count_raw,raw_explicit_value,2,0,100.000000
nuforc,1945_1959,latin_america_caribbean,2,sound_raw,raw_explicit_value,0,2,0.000000
nuforc,1945_1959,latin_america_caribbean,2,color_raw,raw_explicit_value,0,2,0.000000
nuforc,1945_1959,latin_america_caribbean,2,light_positive_mention,raw_positive_mention,0,2,0.000000
nuforc,1945_1959,latin_america_caribbean,2,behavior_raw,raw_explicit_value,0,2,0.000000
nuforc,1945_1959,latin_america_caribbean,2,evidence_raw,raw_explicit_value,0,2,0.000000
nuforc,1945_1959,northern_america,571,coordinate_evidence,normalized_field_present,571,0,100.000000
nuforc,1945_1959,northern_america,571,source_coordinates,qualified_value,0,571,0.000000
nuforc,1945_1959,northern_america,571,coordinate_precision,normalized_field_present,571,0,100.000000
nuforc,1945_1959,northern_america,571,coordinate_pile_review_state,normalized_field_present,0,571,0.000000
nuforc,1945_1959,northern_america,571,occurrence_date_role,raw_field_present,571,0,100.000000
nuforc,1945_1959,northern_america,571,exact_date,qualified_value,571,0,100.000000
nuforc,1945_1959,northern_america,571,time_of_day_raw,raw_field_present,571,0,100.000000
nuforc,1945_1959,northern_america,571,time_of_day_normalized,qualified_value,0,571,0.000000
nuforc,1945_1959,northern_america,571,reported_date_role,raw_field_present,571,0,100.000000
nuforc,1945_1959,northern_america,571,reporting_delay_estimable,qualified_value,571,0,100.000000
nuforc,1945_1959,northern_america,571,craft_normalized,normalized_field_present,544,27,95.271454
nuforc,1945_1959,northern_america,571,craft_confidence,qualified_value,446,125,78.108581
nuforc,1945_1959,northern_america,571,craft_classification_source,normalized_field_present,544,27,95.271454
nuforc,1945_1959,northern_america,571,same_day_suitability,qualified_value,430,141,75.306480
nuforc,1945_1959,northern_america,571,duplicate_lineage,normalized_field_present,571,0,100.000000
nuforc,1945_1959,northern_america,571,publisher_lineage,normalized_field_present,571,0,100.000000
nuforc,1945_1959,northern_america,571,independent_source_identity,normalized_field_present,571,0,100.000000
nuforc,1945_1959,northern_america,571,country_assignment,derived_field_present,571,0,100.000000
nuforc,1945_1959,northern_america,571,administrative_region,normalized_field_present,0,571,0.000000
nuforc,1945_1959,northern_america,571,boundary_assignment_provenance,derived_field_present,571,0,100.000000
nuforc,1945_1959,northern_america,571,duration_raw,raw_field_present,531,40,92.994746
nuforc,1945_1959,northern_america,571,witness_count_raw,raw_explicit_value,534,37,93.520140
nuforc,1945_1959,northern_america,571,sound_raw,raw_explicit_value,0,571,0.000000
nuforc,1945_1959,northern_america,571,color_raw,raw_explicit_value,13,558,2.276708
nuforc,1945_1959,northern_america,571,light_positive_mention,raw_positive_mention,161,410,28.196147
nuforc,1945_1959,northern_america,571,behavior_raw,raw_explicit_value,0,571,0.000000
nuforc,1945_1959,northern_america,571,evidence_raw,raw_explicit_value,0,571,0.000000
nuforc,1945_1959,oceania,2,coordinate_evidence,normalized_field_present,2,0,100.000000
nuforc,1945_1959,oceania,2,source_coordinates,qualified_value,0,2,0.000000
nuforc,1945_1959,oceania,2,coordinate_precision,normalized_field_present,2,0,100.000000
nuforc,1945_1959,oceania,2,coordinate_pile_review_state,normalized_field_present,0,2,0.000000
nuforc,1945_1959,oceania,2,occurrence_date_role,raw_field_present,2,0,100.000000
nuforc,1945_1959,oceania,2,exact_date,qualified_value,2,0,100.000000
nuforc,1945_1959,oceania,2,time_of_day_raw,raw_field_present,2,0,100.000000
nuforc,1945_1959,oceania,2,time_of_day_normalized,qualified_value,0,2,0.000000
nuforc,1945_1959,oceania,2,reported_date_role,raw_field_present,2,0,100.000000
nuforc,1945_1959,oceania,2,reporting_delay_estimable,qualified_value,2,0,100.000000
nuforc,1945_1959,oceania,2,craft_normalized,normalized_field_present,2,0,100.000000
nuforc,1945_1959,oceania,2,craft_confidence,qualified_value,2,0,100.000000
nuforc,1945_1959,oceania,2,craft_classification_source,normalized_field_present,2,0,100.000000
nuforc,1945_1959,oceania,2,same_day_suitability,qualified_value,2,0,100.000000
nuforc,1945_1959,oceania,2,duplicate_lineage,normalized_field_present,2,0,100.000000
nuforc,1945_1959,oceania,2,publisher_lineage,normalized_field_present,2,0,100.000000
nuforc,1945_1959,oceania,2,independent_source_identity,normalized_field_present,2,0,100.000000
nuforc,1945_1959,oceania,2,country_assignment,derived_field_present,2,0,100.000000
nuforc,1945_1959,oceania,2,administrative_region,normalized_field_present,0,2,0.000000
nuforc,1945_1959,oceania,2,boundary_assignment_provenance,derived_field_present,2,0,100.000000
nuforc,1945_1959,oceania,2,duration_raw,raw_field_present,2,0,100.000000
nuforc,1945_1959,oceania,2,witness_count_raw,raw_explicit_value,1,1,50.000000
nuforc,1945_1959,oceania,2,sound_raw,raw_explicit_value,0,2,0.000000
nuforc,1945_1959,oceania,2,color_raw,raw_explicit_value,0,2,0.000000
nuforc,1945_1959,oceania,2,light_positive_mention,raw_positive_mention,0,2,0.000000
nuforc,1945_1959,oceania,2,behavior_raw,raw_explicit_value,0,2,0.000000
nuforc,1945_1959,oceania,2,evidence_raw,raw_explicit_value,0,2,0.000000
nuforc,1945_1959,unknown,133,coordinate_evidence,normalized_field_present,133,0,100.000000
nuforc,1945_1959,unknown,133,source_coordinates,qualified_value,0,133,0.000000
nuforc,1945_1959,unknown,133,coordinate_precision,normalized_field_present,133,0,100.000000
nuforc,1945_1959,unknown,133,coordinate_pile_review_state,normalized_field_present,0,133,0.000000
nuforc,1945_1959,unknown,133,occurrence_date_role,raw_field_present,133,0,100.000000
nuforc,1945_1959,unknown,133,exact_date,qualified_value,133,0,100.000000
nuforc,1945_1959,unknown,133,time_of_day_raw,raw_field_present,133,0,100.000000
nuforc,1945_1959,unknown,133,time_of_day_normalized,qualified_value,0,133,0.000000
nuforc,1945_1959,unknown,133,reported_date_role,raw_field_present,133,0,100.000000
nuforc,1945_1959,unknown,133,reporting_delay_estimable,qualified_value,133,0,100.000000
nuforc,1945_1959,unknown,133,craft_normalized,normalized_field_present,123,10,92.481203
nuforc,1945_1959,unknown,133,craft_confidence,qualified_value,101,32,75.939850
nuforc,1945_1959,unknown,133,craft_classification_source,normalized_field_present,123,10,92.481203
nuforc,1945_1959,unknown,133,same_day_suitability,qualified_value,91,42,68.421053
nuforc,1945_1959,unknown,133,duplicate_lineage,normalized_field_present,133,0,100.000000
nuforc,1945_1959,unknown,133,publisher_lineage,normalized_field_present,133,0,100.000000
nuforc,1945_1959,unknown,133,independent_source_identity,normalized_field_present,133,0,100.000000
nuforc,1945_1959,unknown,133,country_assignment,derived_field_present,0,133,0.000000
nuforc,1945_1959,unknown,133,administrative_region,normalized_field_present,0,133,0.000000
nuforc,1945_1959,unknown,133,boundary_assignment_provenance,derived_field_present,15,118,11.278195
nuforc,1945_1959,unknown,133,duration_raw,raw_field_present,117,16,87.969925
nuforc,1945_1959,unknown,133,witness_count_raw,raw_explicit_value,118,15,88.721805
nuforc,1945_1959,unknown,133,sound_raw,raw_explicit_value,0,133,0.000000
nuforc,1945_1959,unknown,133,color_raw,raw_explicit_value,3,130,2.255639
nuforc,1945_1959,unknown,133,light_positive_mention,raw_positive_mention,38,95,28.571429
nuforc,1945_1959,unknown,133,behavior_raw,raw_explicit_value,0,133,0.000000
nuforc,1945_1959,unknown,133,evidence_raw,raw_explicit_value,0,133,0.000000
nuforc,1960_1979,africa,3,coordinate_evidence,normalized_field_present,3,0,100.000000
nuforc,1960_1979,africa,3,source_coordinates,qualified_value,0,3,0.000000
nuforc,1960_1979,africa,3,coordinate_precision,normalized_field_present,3,0,100.000000
nuforc,1960_1979,africa,3,coordinate_pile_review_state,normalized_field_present,0,3,0.000000
nuforc,1960_1979,africa,3,occurrence_date_role,raw_field_present,3,0,100.000000
nuforc,1960_1979,africa,3,exact_date,qualified_value,3,0,100.000000
nuforc,1960_1979,africa,3,time_of_day_raw,raw_field_present,3,0,100.000000
nuforc,1960_1979,africa,3,time_of_day_normalized,qualified_value,0,3,0.000000
nuforc,1960_1979,africa,3,reported_date_role,raw_field_present,3,0,100.000000
nuforc,1960_1979,africa,3,reporting_delay_estimable,qualified_value,3,0,100.000000
nuforc,1960_1979,africa,3,craft_normalized,normalized_field_present,3,0,100.000000
nuforc,1960_1979,africa,3,craft_confidence,qualified_value,3,0,100.000000
nuforc,1960_1979,africa,3,craft_classification_source,normalized_field_present,3,0,100.000000
nuforc,1960_1979,africa,3,same_day_suitability,qualified_value,3,0,100.000000
nuforc,1960_1979,africa,3,duplicate_lineage,normalized_field_present,3,0,100.000000
nuforc,1960_1979,africa,3,publisher_lineage,normalized_field_present,3,0,100.000000
nuforc,1960_1979,africa,3,independent_source_identity,normalized_field_present,3,0,100.000000
nuforc,1960_1979,africa,3,country_assignment,derived_field_present,3,0,100.000000
nuforc,1960_1979,africa,3,administrative_region,normalized_field_present,0,3,0.000000
nuforc,1960_1979,africa,3,boundary_assignment_provenance,derived_field_present,3,0,100.000000
nuforc,1960_1979,africa,3,duration_raw,raw_field_present,3,0,100.000000
nuforc,1960_1979,africa,3,witness_count_raw,raw_explicit_value,2,1,66.666667
nuforc,1960_1979,africa,3,sound_raw,raw_explicit_value,0,3,0.000000
nuforc,1960_1979,africa,3,color_raw,raw_explicit_value,0,3,0.000000
nuforc,1960_1979,africa,3,light_positive_mention,raw_positive_mention,0,3,0.000000
nuforc,1960_1979,africa,3,behavior_raw,raw_explicit_value,0,3,0.000000
nuforc,1960_1979,africa,3,evidence_raw,raw_explicit_value,0,3,0.000000
nuforc,1960_1979,asia,17,coordinate_evidence,normalized_field_present,17,0,100.000000
nuforc,1960_1979,asia,17,source_coordinates,qualified_value,0,17,0.000000
nuforc,1960_1979,asia,17,coordinate_precision,normalized_field_present,17,0,100.000000
nuforc,1960_1979,asia,17,coordinate_pile_review_state,normalized_field_present,0,17,0.000000
nuforc,1960_1979,asia,17,occurrence_date_role,raw_field_present,17,0,100.000000
nuforc,1960_1979,asia,17,exact_date,qualified_value,17,0,100.000000
nuforc,1960_1979,asia,17,time_of_day_raw,raw_field_present,17,0,100.000000
nuforc,1960_1979,asia,17,time_of_day_normalized,qualified_value,0,17,0.000000
nuforc,1960_1979,asia,17,reported_date_role,raw_field_present,17,0,100.000000
nuforc,1960_1979,asia,17,reporting_delay_estimable,qualified_value,17,0,100.000000
nuforc,1960_1979,asia,17,craft_normalized,normalized_field_present,17,0,100.000000
nuforc,1960_1979,asia,17,craft_confidence,qualified_value,12,5,70.588235
nuforc,1960_1979,asia,17,craft_classification_source,normalized_field_present,17,0,100.000000
nuforc,1960_1979,asia,17,same_day_suitability,qualified_value,10,7,58.823529
nuforc,1960_1979,asia,17,duplicate_lineage,normalized_field_present,17,0,100.000000
nuforc,1960_1979,asia,17,publisher_lineage,normalized_field_present,17,0,100.000000
nuforc,1960_1979,asia,17,independent_source_identity,normalized_field_present,17,0,100.000000
nuforc,1960_1979,asia,17,country_assignment,derived_field_present,17,0,100.000000
nuforc,1960_1979,asia,17,administrative_region,normalized_field_present,0,17,0.000000
nuforc,1960_1979,asia,17,boundary_assignment_provenance,derived_field_present,17,0,100.000000
nuforc,1960_1979,asia,17,duration_raw,raw_field_present,17,0,100.000000
nuforc,1960_1979,asia,17,witness_count_raw,raw_explicit_value,17,0,100.000000
nuforc,1960_1979,asia,17,sound_raw,raw_explicit_value,0,17,0.000000
nuforc,1960_1979,asia,17,color_raw,raw_explicit_value,0,17,0.000000
nuforc,1960_1979,asia,17,light_positive_mention,raw_positive_mention,7,10,41.176471
nuforc,1960_1979,asia,17,behavior_raw,raw_explicit_value,0,17,0.000000
nuforc,1960_1979,asia,17,evidence_raw,raw_explicit_value,0,17,0.000000
nuforc,1960_1979,europe,90,coordinate_evidence,normalized_field_present,90,0,100.000000
nuforc,1960_1979,europe,90,source_coordinates,qualified_value,0,90,0.000000
nuforc,1960_1979,europe,90,coordinate_precision,normalized_field_present,90,0,100.000000
nuforc,1960_1979,europe,90,coordinate_pile_review_state,normalized_field_present,0,90,0.000000
nuforc,1960_1979,europe,90,occurrence_date_role,raw_field_present,90,0,100.000000
nuforc,1960_1979,europe,90,exact_date,qualified_value,90,0,100.000000
nuforc,1960_1979,europe,90,time_of_day_raw,raw_field_present,90,0,100.000000
nuforc,1960_1979,europe,90,time_of_day_normalized,qualified_value,0,90,0.000000
nuforc,1960_1979,europe,90,reported_date_role,raw_field_present,90,0,100.000000
nuforc,1960_1979,europe,90,reporting_delay_estimable,qualified_value,90,0,100.000000
nuforc,1960_1979,europe,90,craft_normalized,normalized_field_present,89,1,98.888889
nuforc,1960_1979,europe,90,craft_confidence,qualified_value,70,20,77.777778
nuforc,1960_1979,europe,90,craft_classification_source,normalized_field_present,89,1,98.888889
nuforc,1960_1979,europe,90,same_day_suitability,qualified_value,69,21,76.666667
nuforc,1960_1979,europe,90,duplicate_lineage,normalized_field_present,90,0,100.000000
nuforc,1960_1979,europe,90,publisher_lineage,normalized_field_present,90,0,100.000000
nuforc,1960_1979,europe,90,independent_source_identity,normalized_field_present,90,0,100.000000
nuforc,1960_1979,europe,90,country_assignment,derived_field_present,90,0,100.000000
nuforc,1960_1979,europe,90,administrative_region,normalized_field_present,0,90,0.000000
nuforc,1960_1979,europe,90,boundary_assignment_provenance,derived_field_present,90,0,100.000000
nuforc,1960_1979,europe,90,duration_raw,raw_field_present,86,4,95.555556
nuforc,1960_1979,europe,90,witness_count_raw,raw_explicit_value,85,5,94.444444
nuforc,1960_1979,europe,90,sound_raw,raw_explicit_value,0,90,0.000000
nuforc,1960_1979,europe,90,color_raw,raw_explicit_value,13,77,14.444444
nuforc,1960_1979,europe,90,light_positive_mention,raw_positive_mention,38,52,42.222222
nuforc,1960_1979,europe,90,behavior_raw,raw_explicit_value,0,90,0.000000
nuforc,1960_1979,europe,90,evidence_raw,raw_explicit_value,0,90,0.000000
nuforc,1960_1979,latin_america_caribbean,24,coordinate_evidence,normalized_field_present,24,0,100.000000
nuforc,1960_1979,latin_america_caribbean,24,source_coordinates,qualified_value,0,24,0.000000
nuforc,1960_1979,latin_america_caribbean,24,coordinate_precision,normalized_field_present,24,0,100.000000
nuforc,1960_1979,latin_america_caribbean,24,coordinate_pile_review_state,normalized_field_present,0,24,0.000000
nuforc,1960_1979,latin_america_caribbean,24,occurrence_date_role,raw_field_present,24,0,100.000000
nuforc,1960_1979,latin_america_caribbean,24,exact_date,qualified_value,24,0,100.000000
nuforc,1960_1979,latin_america_caribbean,24,time_of_day_raw,raw_field_present,24,0,100.000000
nuforc,1960_1979,latin_america_caribbean,24,time_of_day_normalized,qualified_value,0,24,0.000000
nuforc,1960_1979,latin_america_caribbean,24,reported_date_role,raw_field_present,24,0,100.000000
nuforc,1960_1979,latin_america_caribbean,24,reporting_delay_estimable,qualified_value,24,0,100.000000
nuforc,1960_1979,latin_america_caribbean,24,craft_normalized,normalized_field_present,24,0,100.000000
nuforc,1960_1979,latin_america_caribbean,24,craft_confidence,qualified_value,19,5,79.166667
nuforc,1960_1979,latin_america_caribbean,24,craft_classification_source,normalized_field_present,24,0,100.000000
nuforc,1960_1979,latin_america_caribbean,24,same_day_suitability,qualified_value,17,7,70.833333
nuforc,1960_1979,latin_america_caribbean,24,duplicate_lineage,normalized_field_present,24,0,100.000000
nuforc,1960_1979,latin_america_caribbean,24,publisher_lineage,normalized_field_present,24,0,100.000000
nuforc,1960_1979,latin_america_caribbean,24,independent_source_identity,normalized_field_present,24,0,100.000000
nuforc,1960_1979,latin_america_caribbean,24,country_assignment,derived_field_present,24,0,100.000000
nuforc,1960_1979,latin_america_caribbean,24,administrative_region,normalized_field_present,0,24,0.000000
nuforc,1960_1979,latin_america_caribbean,24,boundary_assignment_provenance,derived_field_present,24,0,100.000000
nuforc,1960_1979,latin_america_caribbean,24,duration_raw,raw_field_present,24,0,100.000000
nuforc,1960_1979,latin_america_caribbean,24,witness_count_raw,raw_explicit_value,23,1,95.833333
nuforc,1960_1979,latin_america_caribbean,24,sound_raw,raw_explicit_value,0,24,0.000000
nuforc,1960_1979,latin_america_caribbean,24,color_raw,raw_explicit_value,0,24,0.000000
nuforc,1960_1979,latin_america_caribbean,24,light_positive_mention,raw_positive_mention,11,13,45.833333
nuforc,1960_1979,latin_america_caribbean,24,behavior_raw,raw_explicit_value,0,24,0.000000
nuforc,1960_1979,latin_america_caribbean,24,evidence_raw,raw_explicit_value,0,24,0.000000
nuforc,1960_1979,northern_america,4240,coordinate_evidence,normalized_field_present,4240,0,100.000000
nuforc,1960_1979,northern_america,4240,source_coordinates,qualified_value,0,4240,0.000000
nuforc,1960_1979,northern_america,4240,coordinate_precision,normalized_field_present,4240,0,100.000000
nuforc,1960_1979,northern_america,4240,coordinate_pile_review_state,normalized_field_present,0,4240,0.000000
nuforc,1960_1979,northern_america,4240,occurrence_date_role,raw_field_present,4240,0,100.000000
nuforc,1960_1979,northern_america,4240,exact_date,qualified_value,4240,0,100.000000
nuforc,1960_1979,northern_america,4240,time_of_day_raw,raw_field_present,4240,0,100.000000
nuforc,1960_1979,northern_america,4240,time_of_day_normalized,qualified_value,0,4240,0.000000
nuforc,1960_1979,northern_america,4240,reported_date_role,raw_field_present,4240,0,100.000000
nuforc,1960_1979,northern_america,4240,reporting_delay_estimable,qualified_value,4240,0,100.000000
nuforc,1960_1979,northern_america,4240,craft_normalized,normalized_field_present,4093,147,96.533019
nuforc,1960_1979,northern_america,4240,craft_confidence,qualified_value,3260,980,76.886792
nuforc,1960_1979,northern_america,4240,craft_classification_source,normalized_field_present,4093,147,96.533019
nuforc,1960_1979,northern_america,4240,same_day_suitability,qualified_value,3148,1092,74.245283
nuforc,1960_1979,northern_america,4240,duplicate_lineage,normalized_field_present,4240,0,100.000000
nuforc,1960_1979,northern_america,4240,publisher_lineage,normalized_field_present,4240,0,100.000000
nuforc,1960_1979,northern_america,4240,independent_source_identity,normalized_field_present,4240,0,100.000000
nuforc,1960_1979,northern_america,4240,country_assignment,derived_field_present,4240,0,100.000000
nuforc,1960_1979,northern_america,4240,administrative_region,normalized_field_present,0,4240,0.000000
nuforc,1960_1979,northern_america,4240,boundary_assignment_provenance,derived_field_present,4240,0,100.000000
nuforc,1960_1979,northern_america,4240,duration_raw,raw_field_present,4052,188,95.566038
nuforc,1960_1979,northern_america,4240,witness_count_raw,raw_explicit_value,4097,143,96.627358
nuforc,1960_1979,northern_america,4240,sound_raw,raw_explicit_value,0,4240,0.000000
nuforc,1960_1979,northern_america,4240,color_raw,raw_explicit_value,187,4053,4.410377
nuforc,1960_1979,northern_america,4240,light_positive_mention,raw_positive_mention,2026,2214,47.783019
nuforc,1960_1979,northern_america,4240,behavior_raw,raw_explicit_value,0,4240,0.000000
nuforc,1960_1979,northern_america,4240,evidence_raw,raw_explicit_value,0,4240,0.000000
nuforc,1960_1979,oceania,26,coordinate_evidence,normalized_field_present,26,0,100.000000
nuforc,1960_1979,oceania,26,source_coordinates,qualified_value,0,26,0.000000
nuforc,1960_1979,oceania,26,coordinate_precision,normalized_field_present,26,0,100.000000
nuforc,1960_1979,oceania,26,coordinate_pile_review_state,normalized_field_present,0,26,0.000000
nuforc,1960_1979,oceania,26,occurrence_date_role,raw_field_present,26,0,100.000000
nuforc,1960_1979,oceania,26,exact_date,qualified_value,26,0,100.000000
nuforc,1960_1979,oceania,26,time_of_day_raw,raw_field_present,26,0,100.000000
nuforc,1960_1979,oceania,26,time_of_day_normalized,qualified_value,0,26,0.000000
nuforc,1960_1979,oceania,26,reported_date_role,raw_field_present,26,0,100.000000
nuforc,1960_1979,oceania,26,reporting_delay_estimable,qualified_value,26,0,100.000000
nuforc,1960_1979,oceania,26,craft_normalized,normalized_field_present,26,0,100.000000
nuforc,1960_1979,oceania,26,craft_confidence,qualified_value,21,5,80.769231
nuforc,1960_1979,oceania,26,craft_classification_source,normalized_field_present,26,0,100.000000
nuforc,1960_1979,oceania,26,same_day_suitability,qualified_value,20,6,76.923077
nuforc,1960_1979,oceania,26,duplicate_lineage,normalized_field_present,26,0,100.000000
nuforc,1960_1979,oceania,26,publisher_lineage,normalized_field_present,26,0,100.000000
nuforc,1960_1979,oceania,26,independent_source_identity,normalized_field_present,26,0,100.000000
nuforc,1960_1979,oceania,26,country_assignment,derived_field_present,26,0,100.000000
nuforc,1960_1979,oceania,26,administrative_region,normalized_field_present,0,26,0.000000
nuforc,1960_1979,oceania,26,boundary_assignment_provenance,derived_field_present,26,0,100.000000
nuforc,1960_1979,oceania,26,duration_raw,raw_field_present,25,1,96.153846
nuforc,1960_1979,oceania,26,witness_count_raw,raw_explicit_value,25,1,96.153846
nuforc,1960_1979,oceania,26,sound_raw,raw_explicit_value,0,26,0.000000
nuforc,1960_1979,oceania,26,color_raw,raw_explicit_value,2,24,7.692308
nuforc,1960_1979,oceania,26,light_positive_mention,raw_positive_mention,11,15,42.307692
nuforc,1960_1979,oceania,26,behavior_raw,raw_explicit_value,0,26,0.000000
nuforc,1960_1979,oceania,26,evidence_raw,raw_explicit_value,0,26,0.000000
nuforc,1960_1979,unknown,931,coordinate_evidence,normalized_field_present,931,0,100.000000
nuforc,1960_1979,unknown,931,source_coordinates,qualified_value,0,931,0.000000
nuforc,1960_1979,unknown,931,coordinate_precision,normalized_field_present,931,0,100.000000
nuforc,1960_1979,unknown,931,coordinate_pile_review_state,normalized_field_present,0,931,0.000000
nuforc,1960_1979,unknown,931,occurrence_date_role,raw_field_present,931,0,100.000000
nuforc,1960_1979,unknown,931,exact_date,qualified_value,931,0,100.000000
nuforc,1960_1979,unknown,931,time_of_day_raw,raw_field_present,931,0,100.000000
nuforc,1960_1979,unknown,931,time_of_day_normalized,qualified_value,0,931,0.000000
nuforc,1960_1979,unknown,931,reported_date_role,raw_field_present,931,0,100.000000
nuforc,1960_1979,unknown,931,reporting_delay_estimable,qualified_value,931,0,100.000000
nuforc,1960_1979,unknown,931,craft_normalized,normalized_field_present,893,38,95.918367
nuforc,1960_1979,unknown,931,craft_confidence,qualified_value,659,272,70.784103
nuforc,1960_1979,unknown,931,craft_classification_source,normalized_field_present,893,38,95.918367
nuforc,1960_1979,unknown,931,same_day_suitability,qualified_value,634,297,68.098818
nuforc,1960_1979,unknown,931,duplicate_lineage,normalized_field_present,931,0,100.000000
nuforc,1960_1979,unknown,931,publisher_lineage,normalized_field_present,931,0,100.000000
nuforc,1960_1979,unknown,931,independent_source_identity,normalized_field_present,931,0,100.000000
nuforc,1960_1979,unknown,931,country_assignment,derived_field_present,0,931,0.000000
nuforc,1960_1979,unknown,931,administrative_region,normalized_field_present,0,931,0.000000
nuforc,1960_1979,unknown,931,boundary_assignment_provenance,derived_field_present,83,848,8.915145
nuforc,1960_1979,unknown,931,duration_raw,raw_field_present,875,56,93.984962
nuforc,1960_1979,unknown,931,witness_count_raw,raw_explicit_value,883,48,94.844253
nuforc,1960_1979,unknown,931,sound_raw,raw_explicit_value,0,931,0.000000
nuforc,1960_1979,unknown,931,color_raw,raw_explicit_value,27,904,2.900107
nuforc,1960_1979,unknown,931,light_positive_mention,raw_positive_mention,415,516,44.575725
nuforc,1960_1979,unknown,931,behavior_raw,raw_explicit_value,0,931,0.000000
nuforc,1960_1979,unknown,931,evidence_raw,raw_explicit_value,0,931,0.000000
nuforc,1980_1999,africa,8,coordinate_evidence,normalized_field_present,8,0,100.000000
nuforc,1980_1999,africa,8,source_coordinates,qualified_value,0,8,0.000000
nuforc,1980_1999,africa,8,coordinate_precision,normalized_field_present,8,0,100.000000
nuforc,1980_1999,africa,8,coordinate_pile_review_state,normalized_field_present,0,8,0.000000
nuforc,1980_1999,africa,8,occurrence_date_role,raw_field_present,8,0,100.000000
nuforc,1980_1999,africa,8,exact_date,qualified_value,8,0,100.000000
nuforc,1980_1999,africa,8,time_of_day_raw,raw_field_present,8,0,100.000000
nuforc,1980_1999,africa,8,time_of_day_normalized,qualified_value,0,8,0.000000
nuforc,1980_1999,africa,8,reported_date_role,raw_field_present,8,0,100.000000
nuforc,1980_1999,africa,8,reporting_delay_estimable,qualified_value,7,1,87.500000
nuforc,1980_1999,africa,8,craft_normalized,normalized_field_present,8,0,100.000000
nuforc,1980_1999,africa,8,craft_confidence,qualified_value,6,2,75.000000
nuforc,1980_1999,africa,8,craft_classification_source,normalized_field_present,8,0,100.000000
nuforc,1980_1999,africa,8,same_day_suitability,qualified_value,6,2,75.000000
nuforc,1980_1999,africa,8,duplicate_lineage,normalized_field_present,8,0,100.000000
nuforc,1980_1999,africa,8,publisher_lineage,normalized_field_present,8,0,100.000000
nuforc,1980_1999,africa,8,independent_source_identity,normalized_field_present,8,0,100.000000
nuforc,1980_1999,africa,8,country_assignment,derived_field_present,8,0,100.000000
nuforc,1980_1999,africa,8,administrative_region,normalized_field_present,0,8,0.000000
nuforc,1980_1999,africa,8,boundary_assignment_provenance,derived_field_present,8,0,100.000000
nuforc,1980_1999,africa,8,duration_raw,raw_field_present,8,0,100.000000
nuforc,1980_1999,africa,8,witness_count_raw,raw_explicit_value,8,0,100.000000
nuforc,1980_1999,africa,8,sound_raw,raw_explicit_value,0,8,0.000000
nuforc,1980_1999,africa,8,color_raw,raw_explicit_value,0,8,0.000000
nuforc,1980_1999,africa,8,light_positive_mention,raw_positive_mention,5,3,62.500000
nuforc,1980_1999,africa,8,behavior_raw,raw_explicit_value,0,8,0.000000
nuforc,1980_1999,africa,8,evidence_raw,raw_explicit_value,0,8,0.000000
nuforc,1980_1999,asia,47,coordinate_evidence,normalized_field_present,47,0,100.000000
nuforc,1980_1999,asia,47,source_coordinates,qualified_value,0,47,0.000000
nuforc,1980_1999,asia,47,coordinate_precision,normalized_field_present,47,0,100.000000
nuforc,1980_1999,asia,47,coordinate_pile_review_state,normalized_field_present,0,47,0.000000
nuforc,1980_1999,asia,47,occurrence_date_role,raw_field_present,47,0,100.000000
nuforc,1980_1999,asia,47,exact_date,qualified_value,47,0,100.000000
nuforc,1980_1999,asia,47,time_of_day_raw,raw_field_present,47,0,100.000000
nuforc,1980_1999,asia,47,time_of_day_normalized,qualified_value,0,47,0.000000
nuforc,1980_1999,asia,47,reported_date_role,raw_field_present,47,0,100.000000
nuforc,1980_1999,asia,47,reporting_delay_estimable,qualified_value,47,0,100.000000
nuforc,1980_1999,asia,47,craft_normalized,normalized_field_present,46,1,97.872340
nuforc,1980_1999,asia,47,craft_confidence,qualified_value,36,11,76.595745
nuforc,1980_1999,asia,47,craft_classification_source,normalized_field_present,46,1,97.872340
nuforc,1980_1999,asia,47,same_day_suitability,qualified_value,35,12,74.468085
nuforc,1980_1999,asia,47,duplicate_lineage,normalized_field_present,47,0,100.000000
nuforc,1980_1999,asia,47,publisher_lineage,normalized_field_present,47,0,100.000000
nuforc,1980_1999,asia,47,independent_source_identity,normalized_field_present,47,0,100.000000
nuforc,1980_1999,asia,47,country_assignment,derived_field_present,47,0,100.000000
nuforc,1980_1999,asia,47,administrative_region,normalized_field_present,0,47,0.000000
nuforc,1980_1999,asia,47,boundary_assignment_provenance,derived_field_present,47,0,100.000000
nuforc,1980_1999,asia,47,duration_raw,raw_field_present,39,8,82.978723
nuforc,1980_1999,asia,47,witness_count_raw,raw_explicit_value,44,3,93.617021
nuforc,1980_1999,asia,47,sound_raw,raw_explicit_value,0,47,0.000000
nuforc,1980_1999,asia,47,color_raw,raw_explicit_value,0,47,0.000000
nuforc,1980_1999,asia,47,light_positive_mention,raw_positive_mention,24,23,51.063830
nuforc,1980_1999,asia,47,behavior_raw,raw_explicit_value,0,47,0.000000
nuforc,1980_1999,asia,47,evidence_raw,raw_explicit_value,0,47,0.000000
nuforc,1980_1999,europe,240,coordinate_evidence,normalized_field_present,240,0,100.000000
nuforc,1980_1999,europe,240,source_coordinates,qualified_value,0,240,0.000000
nuforc,1980_1999,europe,240,coordinate_precision,normalized_field_present,240,0,100.000000
nuforc,1980_1999,europe,240,coordinate_pile_review_state,normalized_field_present,0,240,0.000000
nuforc,1980_1999,europe,240,occurrence_date_role,raw_field_present,240,0,100.000000
nuforc,1980_1999,europe,240,exact_date,qualified_value,240,0,100.000000
nuforc,1980_1999,europe,240,time_of_day_raw,raw_field_present,240,0,100.000000
nuforc,1980_1999,europe,240,time_of_day_normalized,qualified_value,0,240,0.000000
nuforc,1980_1999,europe,240,reported_date_role,raw_field_present,240,0,100.000000
nuforc,1980_1999,europe,240,reporting_delay_estimable,qualified_value,239,1,99.583333
nuforc,1980_1999,europe,240,craft_normalized,normalized_field_present,231,9,96.250000
nuforc,1980_1999,europe,240,craft_confidence,qualified_value,178,62,74.166667
nuforc,1980_1999,europe,240,craft_classification_source,normalized_field_present,231,9,96.250000
nuforc,1980_1999,europe,240,same_day_suitability,qualified_value,168,72,70.000000
nuforc,1980_1999,europe,240,duplicate_lineage,normalized_field_present,240,0,100.000000
nuforc,1980_1999,europe,240,publisher_lineage,normalized_field_present,240,0,100.000000
nuforc,1980_1999,europe,240,independent_source_identity,normalized_field_present,240,0,100.000000
nuforc,1980_1999,europe,240,country_assignment,derived_field_present,240,0,100.000000
nuforc,1980_1999,europe,240,administrative_region,normalized_field_present,0,240,0.000000
nuforc,1980_1999,europe,240,boundary_assignment_provenance,derived_field_present,240,0,100.000000
nuforc,1980_1999,europe,240,duration_raw,raw_field_present,235,5,97.916667
nuforc,1980_1999,europe,240,witness_count_raw,raw_explicit_value,234,6,97.500000
nuforc,1980_1999,europe,240,sound_raw,raw_explicit_value,0,240,0.000000
nuforc,1980_1999,europe,240,color_raw,raw_explicit_value,22,218,9.166667
nuforc,1980_1999,europe,240,light_positive_mention,raw_positive_mention,112,128,46.666667
nuforc,1980_1999,europe,240,behavior_raw,raw_explicit_value,0,240,0.000000
nuforc,1980_1999,europe,240,evidence_raw,raw_explicit_value,0,240,0.000000
nuforc,1980_1999,latin_america_caribbean,53,coordinate_evidence,normalized_field_present,53,0,100.000000
nuforc,1980_1999,latin_america_caribbean,53,source_coordinates,qualified_value,0,53,0.000000
nuforc,1980_1999,latin_america_caribbean,53,coordinate_precision,normalized_field_present,53,0,100.000000
nuforc,1980_1999,latin_america_caribbean,53,coordinate_pile_review_state,normalized_field_present,0,53,0.000000
nuforc,1980_1999,latin_america_caribbean,53,occurrence_date_role,raw_field_present,53,0,100.000000
nuforc,1980_1999,latin_america_caribbean,53,exact_date,qualified_value,53,0,100.000000
nuforc,1980_1999,latin_america_caribbean,53,time_of_day_raw,raw_field_present,53,0,100.000000
nuforc,1980_1999,latin_america_caribbean,53,time_of_day_normalized,qualified_value,0,53,0.000000
nuforc,1980_1999,latin_america_caribbean,53,reported_date_role,raw_field_present,53,0,100.000000
nuforc,1980_1999,latin_america_caribbean,53,reporting_delay_estimable,qualified_value,53,0,100.000000
nuforc,1980_1999,latin_america_caribbean,53,craft_normalized,normalized_field_present,53,0,100.000000
nuforc,1980_1999,latin_america_caribbean,53,craft_confidence,qualified_value,32,21,60.377358
nuforc,1980_1999,latin_america_caribbean,53,craft_classification_source,normalized_field_present,53,0,100.000000
nuforc,1980_1999,latin_america_caribbean,53,same_day_suitability,qualified_value,32,21,60.377358
nuforc,1980_1999,latin_america_caribbean,53,duplicate_lineage,normalized_field_present,53,0,100.000000
nuforc,1980_1999,latin_america_caribbean,53,publisher_lineage,normalized_field_present,53,0,100.000000
nuforc,1980_1999,latin_america_caribbean,53,independent_source_identity,normalized_field_present,53,0,100.000000
nuforc,1980_1999,latin_america_caribbean,53,country_assignment,derived_field_present,53,0,100.000000
nuforc,1980_1999,latin_america_caribbean,53,administrative_region,normalized_field_present,0,53,0.000000
nuforc,1980_1999,latin_america_caribbean,53,boundary_assignment_provenance,derived_field_present,53,0,100.000000
nuforc,1980_1999,latin_america_caribbean,53,duration_raw,raw_field_present,52,1,98.113208
nuforc,1980_1999,latin_america_caribbean,53,witness_count_raw,raw_explicit_value,49,4,92.452830
nuforc,1980_1999,latin_america_caribbean,53,sound_raw,raw_explicit_value,0,53,0.000000
nuforc,1980_1999,latin_america_caribbean,53,color_raw,raw_explicit_value,4,49,7.547170
nuforc,1980_1999,latin_america_caribbean,53,light_positive_mention,raw_positive_mention,26,27,49.056604
nuforc,1980_1999,latin_america_caribbean,53,behavior_raw,raw_explicit_value,0,53,0.000000
nuforc,1980_1999,latin_america_caribbean,53,evidence_raw,raw_explicit_value,0,53,0.000000
nuforc,1980_1999,northern_america,11123,coordinate_evidence,normalized_field_present,11123,0,100.000000
nuforc,1980_1999,northern_america,11123,source_coordinates,qualified_value,0,11123,0.000000
nuforc,1980_1999,northern_america,11123,coordinate_precision,normalized_field_present,11123,0,100.000000
nuforc,1980_1999,northern_america,11123,coordinate_pile_review_state,normalized_field_present,0,11123,0.000000
nuforc,1980_1999,northern_america,11123,occurrence_date_role,raw_field_present,11123,0,100.000000
nuforc,1980_1999,northern_america,11123,exact_date,qualified_value,11123,0,100.000000
nuforc,1980_1999,northern_america,11123,time_of_day_raw,raw_field_present,11123,0,100.000000
nuforc,1980_1999,northern_america,11123,time_of_day_normalized,qualified_value,0,11123,0.000000
nuforc,1980_1999,northern_america,11123,reported_date_role,raw_field_present,11123,0,100.000000
nuforc,1980_1999,northern_america,11123,reporting_delay_estimable,qualified_value,11046,77,99.307741
nuforc,1980_1999,northern_america,11123,craft_normalized,normalized_field_present,10123,1000,91.009620
nuforc,1980_1999,northern_america,11123,craft_confidence,qualified_value,7146,3977,64.245258
nuforc,1980_1999,northern_america,11123,craft_classification_source,normalized_field_present,10123,1000,91.009620
nuforc,1980_1999,northern_america,11123,same_day_suitability,qualified_value,6471,4652,58.176751
nuforc,1980_1999,northern_america,11123,duplicate_lineage,normalized_field_present,11123,0,100.000000
nuforc,1980_1999,northern_america,11123,publisher_lineage,normalized_field_present,11123,0,100.000000
nuforc,1980_1999,northern_america,11123,independent_source_identity,normalized_field_present,11123,0,100.000000
nuforc,1980_1999,northern_america,11123,country_assignment,derived_field_present,11123,0,100.000000
nuforc,1980_1999,northern_america,11123,administrative_region,normalized_field_present,0,11123,0.000000
nuforc,1980_1999,northern_america,11123,boundary_assignment_provenance,derived_field_present,11123,0,100.000000
nuforc,1980_1999,northern_america,11123,duration_raw,raw_field_present,10478,645,94.201205
nuforc,1980_1999,northern_america,11123,witness_count_raw,raw_explicit_value,9928,1195,89.256496
nuforc,1980_1999,northern_america,11123,sound_raw,raw_explicit_value,0,11123,0.000000
nuforc,1980_1999,northern_america,11123,color_raw,raw_explicit_value,262,10861,2.355480
nuforc,1980_1999,northern_america,11123,light_positive_mention,raw_positive_mention,4626,6497,41.589499
nuforc,1980_1999,northern_america,11123,behavior_raw,raw_explicit_value,0,11123,0.000000
nuforc,1980_1999,northern_america,11123,evidence_raw,raw_explicit_value,0,11123,0.000000
nuforc,1980_1999,oceania,99,coordinate_evidence,normalized_field_present,99,0,100.000000
nuforc,1980_1999,oceania,99,source_coordinates,qualified_value,0,99,0.000000
nuforc,1980_1999,oceania,99,coordinate_precision,normalized_field_present,99,0,100.000000
nuforc,1980_1999,oceania,99,coordinate_pile_review_state,normalized_field_present,0,99,0.000000
nuforc,1980_1999,oceania,99,occurrence_date_role,raw_field_present,99,0,100.000000
nuforc,1980_1999,oceania,99,exact_date,qualified_value,99,0,100.000000
nuforc,1980_1999,oceania,99,time_of_day_raw,raw_field_present,99,0,100.000000
nuforc,1980_1999,oceania,99,time_of_day_normalized,qualified_value,0,99,0.000000
nuforc,1980_1999,oceania,99,reported_date_role,raw_field_present,99,0,100.000000
nuforc,1980_1999,oceania,99,reporting_delay_estimable,qualified_value,96,3,96.969697
nuforc,1980_1999,oceania,99,craft_normalized,normalized_field_present,97,2,97.979798
nuforc,1980_1999,oceania,99,craft_confidence,qualified_value,68,31,68.686869
nuforc,1980_1999,oceania,99,craft_classification_source,normalized_field_present,97,2,97.979798
nuforc,1980_1999,oceania,99,same_day_suitability,qualified_value,62,37,62.626263
nuforc,1980_1999,oceania,99,duplicate_lineage,normalized_field_present,99,0,100.000000
nuforc,1980_1999,oceania,99,publisher_lineage,normalized_field_present,99,0,100.000000
nuforc,1980_1999,oceania,99,independent_source_identity,normalized_field_present,99,0,100.000000
nuforc,1980_1999,oceania,99,country_assignment,derived_field_present,99,0,100.000000
nuforc,1980_1999,oceania,99,administrative_region,normalized_field_present,0,99,0.000000
nuforc,1980_1999,oceania,99,boundary_assignment_provenance,derived_field_present,99,0,100.000000
nuforc,1980_1999,oceania,99,duration_raw,raw_field_present,88,11,88.888889
nuforc,1980_1999,oceania,99,witness_count_raw,raw_explicit_value,94,5,94.949495
nuforc,1980_1999,oceania,99,sound_raw,raw_explicit_value,0,99,0.000000
nuforc,1980_1999,oceania,99,color_raw,raw_explicit_value,7,92,7.070707
nuforc,1980_1999,oceania,99,light_positive_mention,raw_positive_mention,44,55,44.444444
nuforc,1980_1999,oceania,99,behavior_raw,raw_explicit_value,0,99,0.000000
nuforc,1980_1999,oceania,99,evidence_raw,raw_explicit_value,0,99,0.000000
nuforc,1980_1999,unknown,2485,coordinate_evidence,normalized_field_present,2485,0,100.000000
nuforc,1980_1999,unknown,2485,source_coordinates,qualified_value,0,2485,0.000000
nuforc,1980_1999,unknown,2485,coordinate_precision,normalized_field_present,2485,0,100.000000
nuforc,1980_1999,unknown,2485,coordinate_pile_review_state,normalized_field_present,0,2485,0.000000
nuforc,1980_1999,unknown,2485,occurrence_date_role,raw_field_present,2485,0,100.000000
nuforc,1980_1999,unknown,2485,exact_date,qualified_value,2485,0,100.000000
nuforc,1980_1999,unknown,2485,time_of_day_raw,raw_field_present,2485,0,100.000000
nuforc,1980_1999,unknown,2485,time_of_day_normalized,qualified_value,0,2485,0.000000
nuforc,1980_1999,unknown,2485,reported_date_role,raw_field_present,2485,0,100.000000
nuforc,1980_1999,unknown,2485,reporting_delay_estimable,qualified_value,2470,15,99.396378
nuforc,1980_1999,unknown,2485,craft_normalized,normalized_field_present,2301,184,92.595573
nuforc,1980_1999,unknown,2485,craft_confidence,qualified_value,1607,878,64.668008
nuforc,1980_1999,unknown,2485,craft_classification_source,normalized_field_present,2301,184,92.595573
nuforc,1980_1999,unknown,2485,same_day_suitability,qualified_value,1433,1052,57.665996
nuforc,1980_1999,unknown,2485,duplicate_lineage,normalized_field_present,2485,0,100.000000
nuforc,1980_1999,unknown,2485,publisher_lineage,normalized_field_present,2485,0,100.000000
nuforc,1980_1999,unknown,2485,independent_source_identity,normalized_field_present,2485,0,100.000000
nuforc,1980_1999,unknown,2485,country_assignment,derived_field_present,0,2485,0.000000
nuforc,1980_1999,unknown,2485,administrative_region,normalized_field_present,0,2485,0.000000
nuforc,1980_1999,unknown,2485,boundary_assignment_provenance,derived_field_present,316,2169,12.716298
nuforc,1980_1999,unknown,2485,duration_raw,raw_field_present,2330,155,93.762575
nuforc,1980_1999,unknown,2485,witness_count_raw,raw_explicit_value,2236,249,89.979879
nuforc,1980_1999,unknown,2485,sound_raw,raw_explicit_value,0,2485,0.000000
nuforc,1980_1999,unknown,2485,color_raw,raw_explicit_value,81,2404,3.259557
nuforc,1980_1999,unknown,2485,light_positive_mention,raw_positive_mention,1030,1455,41.448692
nuforc,1980_1999,unknown,2485,behavior_raw,raw_explicit_value,0,2485,0.000000
nuforc,1980_1999,unknown,2485,evidence_raw,raw_explicit_value,0,2485,0.000000
nuforc,2000_2009,africa,49,coordinate_evidence,normalized_field_present,49,0,100.000000
nuforc,2000_2009,africa,49,source_coordinates,qualified_value,0,49,0.000000
nuforc,2000_2009,africa,49,coordinate_precision,normalized_field_present,49,0,100.000000
nuforc,2000_2009,africa,49,coordinate_pile_review_state,normalized_field_present,0,49,0.000000
nuforc,2000_2009,africa,49,occurrence_date_role,raw_field_present,49,0,100.000000
nuforc,2000_2009,africa,49,exact_date,qualified_value,49,0,100.000000
nuforc,2000_2009,africa,49,time_of_day_raw,raw_field_present,49,0,100.000000
nuforc,2000_2009,africa,49,time_of_day_normalized,qualified_value,0,49,0.000000
nuforc,2000_2009,africa,49,reported_date_role,raw_field_present,49,0,100.000000
nuforc,2000_2009,africa,49,reporting_delay_estimable,qualified_value,48,1,97.959184
nuforc,2000_2009,africa,49,craft_normalized,normalized_field_present,46,3,93.877551
nuforc,2000_2009,africa,49,craft_confidence,qualified_value,29,20,59.183673
nuforc,2000_2009,africa,49,craft_classification_source,normalized_field_present,46,3,93.877551
nuforc,2000_2009,africa,49,same_day_suitability,qualified_value,24,25,48.979592
nuforc,2000_2009,africa,49,duplicate_lineage,normalized_field_present,49,0,100.000000
nuforc,2000_2009,africa,49,publisher_lineage,normalized_field_present,49,0,100.000000
nuforc,2000_2009,africa,49,independent_source_identity,normalized_field_present,49,0,100.000000
nuforc,2000_2009,africa,49,country_assignment,derived_field_present,49,0,100.000000
nuforc,2000_2009,africa,49,administrative_region,normalized_field_present,0,49,0.000000
nuforc,2000_2009,africa,49,boundary_assignment_provenance,derived_field_present,49,0,100.000000
nuforc,2000_2009,africa,49,duration_raw,raw_field_present,49,0,100.000000
nuforc,2000_2009,africa,49,witness_count_raw,raw_explicit_value,45,4,91.836735
nuforc,2000_2009,africa,49,sound_raw,raw_explicit_value,0,49,0.000000
nuforc,2000_2009,africa,49,color_raw,raw_explicit_value,3,46,6.122449
nuforc,2000_2009,africa,49,light_positive_mention,raw_positive_mention,19,30,38.775510
nuforc,2000_2009,africa,49,behavior_raw,raw_explicit_value,0,49,0.000000
nuforc,2000_2009,africa,49,evidence_raw,raw_explicit_value,0,49,0.000000
nuforc,2000_2009,asia,257,coordinate_evidence,normalized_field_present,257,0,100.000000
nuforc,2000_2009,asia,257,source_coordinates,qualified_value,0,257,0.000000
nuforc,2000_2009,asia,257,coordinate_precision,normalized_field_present,257,0,100.000000
nuforc,2000_2009,asia,257,coordinate_pile_review_state,normalized_field_present,0,257,0.000000
nuforc,2000_2009,asia,257,occurrence_date_role,raw_field_present,257,0,100.000000
nuforc,2000_2009,asia,257,exact_date,qualified_value,257,0,100.000000
nuforc,2000_2009,asia,257,time_of_day_raw,raw_field_present,257,0,100.000000
nuforc,2000_2009,asia,257,time_of_day_normalized,qualified_value,0,257,0.000000
nuforc,2000_2009,asia,257,reported_date_role,raw_field_present,257,0,100.000000
nuforc,2000_2009,asia,257,reporting_delay_estimable,qualified_value,238,19,92.607004
nuforc,2000_2009,asia,257,craft_normalized,normalized_field_present,240,17,93.385214
nuforc,2000_2009,asia,257,craft_confidence,qualified_value,164,93,63.813230
nuforc,2000_2009,asia,257,craft_classification_source,normalized_field_present,240,17,93.385214
nuforc,2000_2009,asia,257,same_day_suitability,qualified_value,144,113,56.031128
nuforc,2000_2009,asia,257,duplicate_lineage,normalized_field_present,257,0,100.000000
nuforc,2000_2009,asia,257,publisher_lineage,normalized_field_present,257,0,100.000000
nuforc,2000_2009,asia,257,independent_source_identity,normalized_field_present,257,0,100.000000
nuforc,2000_2009,asia,257,country_assignment,derived_field_present,257,0,100.000000
nuforc,2000_2009,asia,257,administrative_region,normalized_field_present,0,257,0.000000
nuforc,2000_2009,asia,257,boundary_assignment_provenance,derived_field_present,257,0,100.000000
nuforc,2000_2009,asia,257,duration_raw,raw_field_present,234,23,91.050584
nuforc,2000_2009,asia,257,witness_count_raw,raw_explicit_value,236,21,91.828794
nuforc,2000_2009,asia,257,sound_raw,raw_explicit_value,0,257,0.000000
nuforc,2000_2009,asia,257,color_raw,raw_explicit_value,1,256,0.389105
nuforc,2000_2009,asia,257,light_positive_mention,raw_positive_mention,150,107,58.365759
nuforc,2000_2009,asia,257,behavior_raw,raw_explicit_value,0,257,0.000000
nuforc,2000_2009,asia,257,evidence_raw,raw_explicit_value,0,257,0.000000
nuforc,2000_2009,europe,1241,coordinate_evidence,normalized_field_present,1241,0,100.000000
nuforc,2000_2009,europe,1241,source_coordinates,qualified_value,0,1241,0.000000
nuforc,2000_2009,europe,1241,coordinate_precision,normalized_field_present,1241,0,100.000000
nuforc,2000_2009,europe,1241,coordinate_pile_review_state,normalized_field_present,0,1241,0.000000
nuforc,2000_2009,europe,1241,occurrence_date_role,raw_field_present,1241,0,100.000000
nuforc,2000_2009,europe,1241,exact_date,qualified_value,1241,0,100.000000
nuforc,2000_2009,europe,1241,time_of_day_raw,raw_field_present,1241,0,100.000000
nuforc,2000_2009,europe,1241,time_of_day_normalized,qualified_value,0,1241,0.000000
nuforc,2000_2009,europe,1241,reported_date_role,raw_field_present,1241,0,100.000000
nuforc,2000_2009,europe,1241,reporting_delay_estimable,qualified_value,1183,58,95.326350
nuforc,2000_2009,europe,1241,craft_normalized,normalized_field_present,1199,42,96.615633
nuforc,2000_2009,europe,1241,craft_confidence,qualified_value,810,431,65.269944
nuforc,2000_2009,europe,1241,craft_classification_source,normalized_field_present,1199,42,96.615633
nuforc,2000_2009,europe,1241,same_day_suitability,qualified_value,744,497,59.951652
nuforc,2000_2009,europe,1241,duplicate_lineage,normalized_field_present,1241,0,100.000000
nuforc,2000_2009,europe,1241,publisher_lineage,normalized_field_present,1241,0,100.000000
nuforc,2000_2009,europe,1241,independent_source_identity,normalized_field_present,1241,0,100.000000
nuforc,2000_2009,europe,1241,country_assignment,derived_field_present,1241,0,100.000000
nuforc,2000_2009,europe,1241,administrative_region,normalized_field_present,0,1241,0.000000
nuforc,2000_2009,europe,1241,boundary_assignment_provenance,derived_field_present,1241,0,100.000000
nuforc,2000_2009,europe,1241,duration_raw,raw_field_present,1202,39,96.857373
nuforc,2000_2009,europe,1241,witness_count_raw,raw_explicit_value,1201,40,96.776793
nuforc,2000_2009,europe,1241,sound_raw,raw_explicit_value,0,1241,0.000000
nuforc,2000_2009,europe,1241,color_raw,raw_explicit_value,15,1226,1.208703
nuforc,2000_2009,europe,1241,light_positive_mention,raw_positive_mention,589,652,47.461724
nuforc,2000_2009,europe,1241,behavior_raw,raw_explicit_value,0,1241,0.000000
nuforc,2000_2009,europe,1241,evidence_raw,raw_explicit_value,0,1241,0.000000
nuforc,2000_2009,latin_america_caribbean,160,coordinate_evidence,normalized_field_present,160,0,100.000000
nuforc,2000_2009,latin_america_caribbean,160,source_coordinates,qualified_value,0,160,0.000000
nuforc,2000_2009,latin_america_caribbean,160,coordinate_precision,normalized_field_present,160,0,100.000000
nuforc,2000_2009,latin_america_caribbean,160,coordinate_pile_review_state,normalized_field_present,0,160,0.000000
nuforc,2000_2009,latin_america_caribbean,160,occurrence_date_role,raw_field_present,160,0,100.000000
nuforc,2000_2009,latin_america_caribbean,160,exact_date,qualified_value,160,0,100.000000
nuforc,2000_2009,latin_america_caribbean,160,time_of_day_raw,raw_field_present,160,0,100.000000
nuforc,2000_2009,latin_america_caribbean,160,time_of_day_normalized,qualified_value,0,160,0.000000
nuforc,2000_2009,latin_america_caribbean,160,reported_date_role,raw_field_present,160,0,100.000000
nuforc,2000_2009,latin_america_caribbean,160,reporting_delay_estimable,qualified_value,158,2,98.750000
nuforc,2000_2009,latin_america_caribbean,160,craft_normalized,normalized_field_present,152,8,95.000000
nuforc,2000_2009,latin_america_caribbean,160,craft_confidence,qualified_value,110,50,68.750000
nuforc,2000_2009,latin_america_caribbean,160,craft_classification_source,normalized_field_present,152,8,95.000000
nuforc,2000_2009,latin_america_caribbean,160,same_day_suitability,qualified_value,105,55,65.625000
nuforc,2000_2009,latin_america_caribbean,160,duplicate_lineage,normalized_field_present,160,0,100.000000
nuforc,2000_2009,latin_america_caribbean,160,publisher_lineage,normalized_field_present,160,0,100.000000
nuforc,2000_2009,latin_america_caribbean,160,independent_source_identity,normalized_field_present,160,0,100.000000
nuforc,2000_2009,latin_america_caribbean,160,country_assignment,derived_field_present,160,0,100.000000
nuforc,2000_2009,latin_america_caribbean,160,administrative_region,normalized_field_present,0,160,0.000000
nuforc,2000_2009,latin_america_caribbean,160,boundary_assignment_provenance,derived_field_present,160,0,100.000000
nuforc,2000_2009,latin_america_caribbean,160,duration_raw,raw_field_present,156,4,97.500000
nuforc,2000_2009,latin_america_caribbean,160,witness_count_raw,raw_explicit_value,149,11,93.125000
nuforc,2000_2009,latin_america_caribbean,160,sound_raw,raw_explicit_value,0,160,0.000000
nuforc,2000_2009,latin_america_caribbean,160,color_raw,raw_explicit_value,3,157,1.875000
nuforc,2000_2009,latin_america_caribbean,160,light_positive_mention,raw_positive_mention,74,86,46.250000
nuforc,2000_2009,latin_america_caribbean,160,behavior_raw,raw_explicit_value,0,160,0.000000
nuforc,2000_2009,latin_america_caribbean,160,evidence_raw,raw_explicit_value,0,160,0.000000
nuforc,2000_2009,northern_america,33708,coordinate_evidence,normalized_field_present,33708,0,100.000000
nuforc,2000_2009,northern_america,33708,source_coordinates,qualified_value,0,33708,0.000000
nuforc,2000_2009,northern_america,33708,coordinate_precision,normalized_field_present,33708,0,100.000000
nuforc,2000_2009,northern_america,33708,coordinate_pile_review_state,normalized_field_present,0,33708,0.000000
nuforc,2000_2009,northern_america,33708,occurrence_date_role,raw_field_present,33708,0,100.000000
nuforc,2000_2009,northern_america,33708,exact_date,qualified_value,33708,0,100.000000
nuforc,2000_2009,northern_america,33708,time_of_day_raw,raw_field_present,33708,0,100.000000
nuforc,2000_2009,northern_america,33708,time_of_day_normalized,qualified_value,0,33708,0.000000
nuforc,2000_2009,northern_america,33708,reported_date_role,raw_field_present,33708,0,100.000000
nuforc,2000_2009,northern_america,33708,reporting_delay_estimable,qualified_value,33166,542,98.392073
nuforc,2000_2009,northern_america,33708,craft_normalized,normalized_field_present,32784,924,97.258811
nuforc,2000_2009,northern_america,33708,craft_confidence,qualified_value,20931,12777,62.095052
nuforc,2000_2009,northern_america,33708,craft_classification_source,normalized_field_present,32784,924,97.258811
nuforc,2000_2009,northern_america,33708,same_day_suitability,qualified_value,18967,14741,56.268542
nuforc,2000_2009,northern_america,33708,duplicate_lineage,normalized_field_present,33708,0,100.000000
nuforc,2000_2009,northern_america,33708,publisher_lineage,normalized_field_present,33708,0,100.000000
nuforc,2000_2009,northern_america,33708,independent_source_identity,normalized_field_present,33708,0,100.000000
nuforc,2000_2009,northern_america,33708,country_assignment,derived_field_present,33708,0,100.000000
nuforc,2000_2009,northern_america,33708,administrative_region,normalized_field_present,0,33708,0.000000
nuforc,2000_2009,northern_america,33708,boundary_assignment_provenance,derived_field_present,33708,0,100.000000
nuforc,2000_2009,northern_america,33708,duration_raw,raw_field_present,32419,1289,96.175982
nuforc,2000_2009,northern_america,33708,witness_count_raw,raw_explicit_value,33056,652,98.065741
nuforc,2000_2009,northern_america,33708,sound_raw,raw_explicit_value,0,33708,0.000000
nuforc,2000_2009,northern_america,33708,color_raw,raw_explicit_value,186,33522,0.551798
nuforc,2000_2009,northern_america,33708,light_positive_mention,raw_positive_mention,16438,17270,48.765872
nuforc,2000_2009,northern_america,33708,behavior_raw,raw_explicit_value,0,33708,0.000000
nuforc,2000_2009,northern_america,33708,evidence_raw,raw_explicit_value,0,33708,0.000000
nuforc,2000_2009,oceania,341,coordinate_evidence,normalized_field_present,341,0,100.000000
nuforc,2000_2009,oceania,341,source_coordinates,qualified_value,0,341,0.000000
nuforc,2000_2009,oceania,341,coordinate_precision,normalized_field_present,341,0,100.000000
nuforc,2000_2009,oceania,341,coordinate_pile_review_state,normalized_field_present,0,341,0.000000
nuforc,2000_2009,oceania,341,occurrence_date_role,raw_field_present,341,0,100.000000
nuforc,2000_2009,oceania,341,exact_date,qualified_value,341,0,100.000000
nuforc,2000_2009,oceania,341,time_of_day_raw,raw_field_present,341,0,100.000000
nuforc,2000_2009,oceania,341,time_of_day_normalized,qualified_value,0,341,0.000000
nuforc,2000_2009,oceania,341,reported_date_role,raw_field_present,341,0,100.000000
nuforc,2000_2009,oceania,341,reporting_delay_estimable,qualified_value,308,33,90.322581
nuforc,2000_2009,oceania,341,craft_normalized,normalized_field_present,331,10,97.067449
nuforc,2000_2009,oceania,341,craft_confidence,qualified_value,227,114,66.568915
nuforc,2000_2009,oceania,341,craft_classification_source,normalized_field_present,331,10,97.067449
nuforc,2000_2009,oceania,341,same_day_suitability,qualified_value,205,136,60.117302
nuforc,2000_2009,oceania,341,duplicate_lineage,normalized_field_present,341,0,100.000000
nuforc,2000_2009,oceania,341,publisher_lineage,normalized_field_present,341,0,100.000000
nuforc,2000_2009,oceania,341,independent_source_identity,normalized_field_present,341,0,100.000000
nuforc,2000_2009,oceania,341,country_assignment,derived_field_present,341,0,100.000000
nuforc,2000_2009,oceania,341,administrative_region,normalized_field_present,0,341,0.000000
nuforc,2000_2009,oceania,341,boundary_assignment_provenance,derived_field_present,341,0,100.000000
nuforc,2000_2009,oceania,341,duration_raw,raw_field_present,330,11,96.774194
nuforc,2000_2009,oceania,341,witness_count_raw,raw_explicit_value,334,7,97.947214
nuforc,2000_2009,oceania,341,sound_raw,raw_explicit_value,0,341,0.000000
nuforc,2000_2009,oceania,341,color_raw,raw_explicit_value,4,337,1.173021
nuforc,2000_2009,oceania,341,light_positive_mention,raw_positive_mention,169,172,49.560117
nuforc,2000_2009,oceania,341,behavior_raw,raw_explicit_value,0,341,0.000000
nuforc,2000_2009,oceania,341,evidence_raw,raw_explicit_value,0,341,0.000000
nuforc,2000_2009,unknown,5735,coordinate_evidence,normalized_field_present,5735,0,100.000000
nuforc,2000_2009,unknown,5735,source_coordinates,qualified_value,0,5735,0.000000
nuforc,2000_2009,unknown,5735,coordinate_precision,normalized_field_present,5735,0,100.000000
nuforc,2000_2009,unknown,5735,coordinate_pile_review_state,normalized_field_present,0,5735,0.000000
nuforc,2000_2009,unknown,5735,occurrence_date_role,raw_field_present,5735,0,100.000000
nuforc,2000_2009,unknown,5735,exact_date,qualified_value,5735,0,100.000000
nuforc,2000_2009,unknown,5735,time_of_day_raw,raw_field_present,5735,0,100.000000
nuforc,2000_2009,unknown,5735,time_of_day_normalized,qualified_value,0,5735,0.000000
nuforc,2000_2009,unknown,5735,reported_date_role,raw_field_present,5735,0,100.000000
nuforc,2000_2009,unknown,5735,reporting_delay_estimable,qualified_value,5621,114,98.012206
nuforc,2000_2009,unknown,5735,craft_normalized,normalized_field_present,5514,221,96.146469
nuforc,2000_2009,unknown,5735,craft_confidence,qualified_value,3521,2214,61.394943
nuforc,2000_2009,unknown,5735,craft_classification_source,normalized_field_present,5514,221,96.146469
nuforc,2000_2009,unknown,5735,same_day_suitability,qualified_value,3199,2536,55.780296
nuforc,2000_2009,unknown,5735,duplicate_lineage,normalized_field_present,5735,0,100.000000
nuforc,2000_2009,unknown,5735,publisher_lineage,normalized_field_present,5735,0,100.000000
nuforc,2000_2009,unknown,5735,independent_source_identity,normalized_field_present,5735,0,100.000000
nuforc,2000_2009,unknown,5735,country_assignment,derived_field_present,0,5735,0.000000
nuforc,2000_2009,unknown,5735,administrative_region,normalized_field_present,0,5735,0.000000
nuforc,2000_2009,unknown,5735,boundary_assignment_provenance,derived_field_present,913,4822,15.919791
nuforc,2000_2009,unknown,5735,duration_raw,raw_field_present,5391,344,94.001744
nuforc,2000_2009,unknown,5735,witness_count_raw,raw_explicit_value,5442,293,94.891020
nuforc,2000_2009,unknown,5735,sound_raw,raw_explicit_value,0,5735,0.000000
nuforc,2000_2009,unknown,5735,color_raw,raw_explicit_value,74,5661,1.290323
nuforc,2000_2009,unknown,5735,light_positive_mention,raw_positive_mention,2736,2999,47.707062
nuforc,2000_2009,unknown,5735,behavior_raw,raw_explicit_value,0,5735,0.000000
nuforc,2000_2009,unknown,5735,evidence_raw,raw_explicit_value,0,5735,0.000000
nuforc,2010_2019,africa,54,coordinate_evidence,normalized_field_present,54,0,100.000000
nuforc,2010_2019,africa,54,source_coordinates,qualified_value,0,54,0.000000
nuforc,2010_2019,africa,54,coordinate_precision,normalized_field_present,54,0,100.000000
nuforc,2010_2019,africa,54,coordinate_pile_review_state,normalized_field_present,0,54,0.000000
nuforc,2010_2019,africa,54,occurrence_date_role,raw_field_present,54,0,100.000000
nuforc,2010_2019,africa,54,exact_date,qualified_value,54,0,100.000000
nuforc,2010_2019,africa,54,time_of_day_raw,raw_field_present,54,0,100.000000
nuforc,2010_2019,africa,54,time_of_day_normalized,qualified_value,0,54,0.000000
nuforc,2010_2019,africa,54,reported_date_role,raw_field_present,54,0,100.000000
nuforc,2010_2019,africa,54,reporting_delay_estimable,qualified_value,49,5,90.740741
nuforc,2010_2019,africa,54,craft_normalized,normalized_field_present,52,2,96.296296
nuforc,2010_2019,africa,54,craft_confidence,qualified_value,32,22,59.259259
nuforc,2010_2019,africa,54,craft_classification_source,normalized_field_present,52,2,96.296296
nuforc,2010_2019,africa,54,same_day_suitability,qualified_value,28,26,51.851852
nuforc,2010_2019,africa,54,duplicate_lineage,normalized_field_present,54,0,100.000000
nuforc,2010_2019,africa,54,publisher_lineage,normalized_field_present,54,0,100.000000
nuforc,2010_2019,africa,54,independent_source_identity,normalized_field_present,54,0,100.000000
nuforc,2010_2019,africa,54,country_assignment,derived_field_present,54,0,100.000000
nuforc,2010_2019,africa,54,administrative_region,normalized_field_present,0,54,0.000000
nuforc,2010_2019,africa,54,boundary_assignment_provenance,derived_field_present,54,0,100.000000
nuforc,2010_2019,africa,54,duration_raw,raw_field_present,53,1,98.148148
nuforc,2010_2019,africa,54,witness_count_raw,raw_explicit_value,48,6,88.888889
nuforc,2010_2019,africa,54,sound_raw,raw_explicit_value,0,54,0.000000
nuforc,2010_2019,africa,54,color_raw,raw_explicit_value,0,54,0.000000
nuforc,2010_2019,africa,54,light_positive_mention,raw_positive_mention,24,30,44.444444
nuforc,2010_2019,africa,54,behavior_raw,raw_explicit_value,0,54,0.000000
nuforc,2010_2019,africa,54,evidence_raw,raw_explicit_value,0,54,0.000000
nuforc,2010_2019,asia,209,coordinate_evidence,normalized_field_present,209,0,100.000000
nuforc,2010_2019,asia,209,source_coordinates,qualified_value,0,209,0.000000
nuforc,2010_2019,asia,209,coordinate_precision,normalized_field_present,209,0,100.000000
nuforc,2010_2019,asia,209,coordinate_pile_review_state,normalized_field_present,0,209,0.000000
nuforc,2010_2019,asia,209,occurrence_date_role,raw_field_present,209,0,100.000000
nuforc,2010_2019,asia,209,exact_date,qualified_value,209,0,100.000000
nuforc,2010_2019,asia,209,time_of_day_raw,raw_field_present,209,0,100.000000
nuforc,2010_2019,asia,209,time_of_day_normalized,qualified_value,0,209,0.000000
nuforc,2010_2019,asia,209,reported_date_role,raw_field_present,209,0,100.000000
nuforc,2010_2019,asia,209,reporting_delay_estimable,qualified_value,190,19,90.909091
nuforc,2010_2019,asia,209,craft_normalized,normalized_field_present,204,5,97.607656
nuforc,2010_2019,asia,209,craft_confidence,qualified_value,137,72,65.550239
nuforc,2010_2019,asia,209,craft_classification_source,normalized_field_present,204,5,97.607656
nuforc,2010_2019,asia,209,same_day_suitability,qualified_value,111,98,53.110048
nuforc,2010_2019,asia,209,duplicate_lineage,normalized_field_present,209,0,100.000000
nuforc,2010_2019,asia,209,publisher_lineage,normalized_field_present,209,0,100.000000
nuforc,2010_2019,asia,209,independent_source_identity,normalized_field_present,209,0,100.000000
nuforc,2010_2019,asia,209,country_assignment,derived_field_present,209,0,100.000000
nuforc,2010_2019,asia,209,administrative_region,normalized_field_present,0,209,0.000000
nuforc,2010_2019,asia,209,boundary_assignment_provenance,derived_field_present,209,0,100.000000
nuforc,2010_2019,asia,209,duration_raw,raw_field_present,197,12,94.258373
nuforc,2010_2019,asia,209,witness_count_raw,raw_explicit_value,192,17,91.866029
nuforc,2010_2019,asia,209,sound_raw,raw_explicit_value,0,209,0.000000
nuforc,2010_2019,asia,209,color_raw,raw_explicit_value,2,207,0.956938
nuforc,2010_2019,asia,209,light_positive_mention,raw_positive_mention,129,80,61.722488
nuforc,2010_2019,asia,209,behavior_raw,raw_explicit_value,0,209,0.000000
nuforc,2010_2019,asia,209,evidence_raw,raw_explicit_value,0,209,0.000000
nuforc,2010_2019,europe,489,coordinate_evidence,normalized_field_present,489,0,100.000000
nuforc,2010_2019,europe,489,source_coordinates,qualified_value,0,489,0.000000
nuforc,2010_2019,europe,489,coordinate_precision,normalized_field_present,489,0,100.000000
nuforc,2010_2019,europe,489,coordinate_pile_review_state,normalized_field_present,0,489,0.000000
nuforc,2010_2019,europe,489,occurrence_date_role,raw_field_present,489,0,100.000000
nuforc,2010_2019,europe,489,exact_date,qualified_value,489,0,100.000000
nuforc,2010_2019,europe,489,time_of_day_raw,raw_field_present,489,0,100.000000
nuforc,2010_2019,europe,489,time_of_day_normalized,qualified_value,0,489,0.000000
nuforc,2010_2019,europe,489,reported_date_role,raw_field_present,489,0,100.000000
nuforc,2010_2019,europe,489,reporting_delay_estimable,qualified_value,449,40,91.820041
nuforc,2010_2019,europe,489,craft_normalized,normalized_field_present,476,13,97.341513
nuforc,2010_2019,europe,489,craft_confidence,qualified_value,307,182,62.781186
nuforc,2010_2019,europe,489,craft_classification_source,normalized_field_present,476,13,97.341513
nuforc,2010_2019,europe,489,same_day_suitability,qualified_value,276,213,56.441718
nuforc,2010_2019,europe,489,duplicate_lineage,normalized_field_present,489,0,100.000000
nuforc,2010_2019,europe,489,publisher_lineage,normalized_field_present,489,0,100.000000
nuforc,2010_2019,europe,489,independent_source_identity,normalized_field_present,489,0,100.000000
nuforc,2010_2019,europe,489,country_assignment,derived_field_present,489,0,100.000000
nuforc,2010_2019,europe,489,administrative_region,normalized_field_present,0,489,0.000000
nuforc,2010_2019,europe,489,boundary_assignment_provenance,derived_field_present,489,0,100.000000
nuforc,2010_2019,europe,489,duration_raw,raw_field_present,472,17,96.523517
nuforc,2010_2019,europe,489,witness_count_raw,raw_explicit_value,460,29,94.069530
nuforc,2010_2019,europe,489,sound_raw,raw_explicit_value,0,489,0.000000
nuforc,2010_2019,europe,489,color_raw,raw_explicit_value,27,462,5.521472
nuforc,2010_2019,europe,489,light_positive_mention,raw_positive_mention,222,267,45.398773
nuforc,2010_2019,europe,489,behavior_raw,raw_explicit_value,0,489,0.000000
nuforc,2010_2019,europe,489,evidence_raw,raw_explicit_value,0,489,0.000000
nuforc,2010_2019,latin_america_caribbean,102,coordinate_evidence,normalized_field_present,102,0,100.000000
nuforc,2010_2019,latin_america_caribbean,102,source_coordinates,qualified_value,0,102,0.000000
nuforc,2010_2019,latin_america_caribbean,102,coordinate_precision,normalized_field_present,102,0,100.000000
nuforc,2010_2019,latin_america_caribbean,102,coordinate_pile_review_state,normalized_field_present,0,102,0.000000
nuforc,2010_2019,latin_america_caribbean,102,occurrence_date_role,raw_field_present,102,0,100.000000
nuforc,2010_2019,latin_america_caribbean,102,exact_date,qualified_value,102,0,100.000000
nuforc,2010_2019,latin_america_caribbean,102,time_of_day_raw,raw_field_present,102,0,100.000000
nuforc,2010_2019,latin_america_caribbean,102,time_of_day_normalized,qualified_value,0,102,0.000000
nuforc,2010_2019,latin_america_caribbean,102,reported_date_role,raw_field_present,102,0,100.000000
nuforc,2010_2019,latin_america_caribbean,102,reporting_delay_estimable,qualified_value,102,0,100.000000
nuforc,2010_2019,latin_america_caribbean,102,craft_normalized,normalized_field_present,98,4,96.078431
nuforc,2010_2019,latin_america_caribbean,102,craft_confidence,qualified_value,60,42,58.823529
nuforc,2010_2019,latin_america_caribbean,102,craft_classification_source,normalized_field_present,98,4,96.078431
nuforc,2010_2019,latin_america_caribbean,102,same_day_suitability,qualified_value,52,50,50.980392
nuforc,2010_2019,latin_america_caribbean,102,duplicate_lineage,normalized_field_present,102,0,100.000000
nuforc,2010_2019,latin_america_caribbean,102,publisher_lineage,normalized_field_present,102,0,100.000000
nuforc,2010_2019,latin_america_caribbean,102,independent_source_identity,normalized_field_present,102,0,100.000000
nuforc,2010_2019,latin_america_caribbean,102,country_assignment,derived_field_present,102,0,100.000000
nuforc,2010_2019,latin_america_caribbean,102,administrative_region,normalized_field_present,0,102,0.000000
nuforc,2010_2019,latin_america_caribbean,102,boundary_assignment_provenance,derived_field_present,102,0,100.000000
nuforc,2010_2019,latin_america_caribbean,102,duration_raw,raw_field_present,97,5,95.098039
nuforc,2010_2019,latin_america_caribbean,102,witness_count_raw,raw_explicit_value,88,14,86.274510
nuforc,2010_2019,latin_america_caribbean,102,sound_raw,raw_explicit_value,0,102,0.000000
nuforc,2010_2019,latin_america_caribbean,102,color_raw,raw_explicit_value,4,98,3.921569
nuforc,2010_2019,latin_america_caribbean,102,light_positive_mention,raw_positive_mention,45,57,44.117647
nuforc,2010_2019,latin_america_caribbean,102,behavior_raw,raw_explicit_value,0,102,0.000000
nuforc,2010_2019,latin_america_caribbean,102,evidence_raw,raw_explicit_value,0,102,0.000000
nuforc,2010_2019,northern_america,53127,coordinate_evidence,normalized_field_present,53127,0,100.000000
nuforc,2010_2019,northern_america,53127,source_coordinates,qualified_value,0,53127,0.000000
nuforc,2010_2019,northern_america,53127,coordinate_precision,normalized_field_present,53127,0,100.000000
nuforc,2010_2019,northern_america,53127,coordinate_pile_review_state,normalized_field_present,0,53127,0.000000
nuforc,2010_2019,northern_america,53127,occurrence_date_role,raw_field_present,53127,0,100.000000
nuforc,2010_2019,northern_america,53127,exact_date,qualified_value,53127,0,100.000000
nuforc,2010_2019,northern_america,53127,time_of_day_raw,raw_field_present,53127,0,100.000000
nuforc,2010_2019,northern_america,53127,time_of_day_normalized,qualified_value,0,53127,0.000000
nuforc,2010_2019,northern_america,53127,reported_date_role,raw_field_present,53127,0,100.000000
nuforc,2010_2019,northern_america,53127,reporting_delay_estimable,qualified_value,51802,1325,97.505976
nuforc,2010_2019,northern_america,53127,craft_normalized,normalized_field_present,51224,1903,96.418017
nuforc,2010_2019,northern_america,53127,craft_confidence,qualified_value,33687,19440,63.408436
nuforc,2010_2019,northern_america,53127,craft_classification_source,normalized_field_present,51224,1903,96.418017
nuforc,2010_2019,northern_america,53127,same_day_suitability,qualified_value,28674,24453,53.972556
nuforc,2010_2019,northern_america,53127,duplicate_lineage,normalized_field_present,53127,0,100.000000
nuforc,2010_2019,northern_america,53127,publisher_lineage,normalized_field_present,53127,0,100.000000
nuforc,2010_2019,northern_america,53127,independent_source_identity,normalized_field_present,53127,0,100.000000
nuforc,2010_2019,northern_america,53127,country_assignment,derived_field_present,53127,0,100.000000
nuforc,2010_2019,northern_america,53127,administrative_region,normalized_field_present,0,53127,0.000000
nuforc,2010_2019,northern_america,53127,boundary_assignment_provenance,derived_field_present,53127,0,100.000000
nuforc,2010_2019,northern_america,53127,duration_raw,raw_field_present,50975,2152,95.949329
nuforc,2010_2019,northern_america,53127,witness_count_raw,raw_explicit_value,51154,1973,96.286257
nuforc,2010_2019,northern_america,53127,sound_raw,raw_explicit_value,0,53127,0.000000
nuforc,2010_2019,northern_america,53127,color_raw,raw_explicit_value,436,52691,0.820675
nuforc,2010_2019,northern_america,53127,light_positive_mention,raw_positive_mention,26677,26450,50.213639
nuforc,2010_2019,northern_america,53127,behavior_raw,raw_explicit_value,0,53127,0.000000
nuforc,2010_2019,northern_america,53127,evidence_raw,raw_explicit_value,0,53127,0.000000
nuforc,2010_2019,oceania,146,coordinate_evidence,normalized_field_present,146,0,100.000000
nuforc,2010_2019,oceania,146,source_coordinates,qualified_value,0,146,0.000000
nuforc,2010_2019,oceania,146,coordinate_precision,normalized_field_present,146,0,100.000000
nuforc,2010_2019,oceania,146,coordinate_pile_review_state,normalized_field_present,0,146,0.000000
nuforc,2010_2019,oceania,146,occurrence_date_role,raw_field_present,146,0,100.000000
nuforc,2010_2019,oceania,146,exact_date,qualified_value,146,0,100.000000
nuforc,2010_2019,oceania,146,time_of_day_raw,raw_field_present,146,0,100.000000
nuforc,2010_2019,oceania,146,time_of_day_normalized,qualified_value,0,146,0.000000
nuforc,2010_2019,oceania,146,reported_date_role,raw_field_present,146,0,100.000000
nuforc,2010_2019,oceania,146,reporting_delay_estimable,qualified_value,126,20,86.301370
nuforc,2010_2019,oceania,146,craft_normalized,normalized_field_present,143,3,97.945205
nuforc,2010_2019,oceania,146,craft_confidence,qualified_value,91,55,62.328767
nuforc,2010_2019,oceania,146,craft_classification_source,normalized_field_present,143,3,97.945205
nuforc,2010_2019,oceania,146,same_day_suitability,qualified_value,80,66,54.794521
nuforc,2010_2019,oceania,146,duplicate_lineage,normalized_field_present,146,0,100.000000
nuforc,2010_2019,oceania,146,publisher_lineage,normalized_field_present,146,0,100.000000
nuforc,2010_2019,oceania,146,independent_source_identity,normalized_field_present,146,0,100.000000
nuforc,2010_2019,oceania,146,country_assignment,derived_field_present,146,0,100.000000
nuforc,2010_2019,oceania,146,administrative_region,normalized_field_present,0,146,0.000000
nuforc,2010_2019,oceania,146,boundary_assignment_provenance,derived_field_present,146,0,100.000000
nuforc,2010_2019,oceania,146,duration_raw,raw_field_present,144,2,98.630137
nuforc,2010_2019,oceania,146,witness_count_raw,raw_explicit_value,139,7,95.205479
nuforc,2010_2019,oceania,146,sound_raw,raw_explicit_value,0,146,0.000000
nuforc,2010_2019,oceania,146,color_raw,raw_explicit_value,8,138,5.479452
nuforc,2010_2019,oceania,146,light_positive_mention,raw_positive_mention,67,79,45.890411
nuforc,2010_2019,oceania,146,behavior_raw,raw_explicit_value,0,146,0.000000
nuforc,2010_2019,oceania,146,evidence_raw,raw_explicit_value,0,146,0.000000
nuforc,2010_2019,unknown,5978,coordinate_evidence,normalized_field_present,5978,0,100.000000
nuforc,2010_2019,unknown,5978,source_coordinates,qualified_value,0,5978,0.000000
nuforc,2010_2019,unknown,5978,coordinate_precision,normalized_field_present,5978,0,100.000000
nuforc,2010_2019,unknown,5978,coordinate_pile_review_state,normalized_field_present,0,5978,0.000000
nuforc,2010_2019,unknown,5978,occurrence_date_role,raw_field_present,5978,0,100.000000
nuforc,2010_2019,unknown,5978,exact_date,qualified_value,5978,0,100.000000
nuforc,2010_2019,unknown,5978,time_of_day_raw,raw_field_present,5978,0,100.000000
nuforc,2010_2019,unknown,5978,time_of_day_normalized,qualified_value,0,5978,0.000000
nuforc,2010_2019,unknown,5978,reported_date_role,raw_field_present,5978,0,100.000000
nuforc,2010_2019,unknown,5978,reporting_delay_estimable,qualified_value,5778,200,96.654399
nuforc,2010_2019,unknown,5978,craft_normalized,normalized_field_present,5787,191,96.804951
nuforc,2010_2019,unknown,5978,craft_confidence,qualified_value,3860,2118,64.570090
nuforc,2010_2019,unknown,5978,craft_classification_source,normalized_field_present,5787,191,96.804951
nuforc,2010_2019,unknown,5978,same_day_suitability,qualified_value,3332,2646,55.737705
nuforc,2010_2019,unknown,5978,duplicate_lineage,normalized_field_present,5978,0,100.000000
nuforc,2010_2019,unknown,5978,publisher_lineage,normalized_field_present,5978,0,100.000000
nuforc,2010_2019,unknown,5978,independent_source_identity,normalized_field_present,5978,0,100.000000
nuforc,2010_2019,unknown,5978,country_assignment,derived_field_present,0,5978,0.000000
nuforc,2010_2019,unknown,5978,administrative_region,normalized_field_present,0,5978,0.000000
nuforc,2010_2019,unknown,5978,boundary_assignment_provenance,derived_field_present,1456,4522,24.355972
nuforc,2010_2019,unknown,5978,duration_raw,raw_field_present,5670,308,94.847775
nuforc,2010_2019,unknown,5978,witness_count_raw,raw_explicit_value,5642,336,94.379391
nuforc,2010_2019,unknown,5978,sound_raw,raw_explicit_value,0,5978,0.000000
nuforc,2010_2019,unknown,5978,color_raw,raw_explicit_value,181,5797,3.027768
nuforc,2010_2019,unknown,5978,light_positive_mention,raw_positive_mention,2931,3047,49.029776
nuforc,2010_2019,unknown,5978,behavior_raw,raw_explicit_value,0,5978,0.000000
nuforc,2010_2019,unknown,5978,evidence_raw,raw_explicit_value,0,5978,0.000000
nuforc,2020_plus,africa,23,coordinate_evidence,normalized_field_present,23,0,100.000000
nuforc,2020_plus,africa,23,source_coordinates,qualified_value,0,23,0.000000
nuforc,2020_plus,africa,23,coordinate_precision,normalized_field_present,23,0,100.000000
nuforc,2020_plus,africa,23,coordinate_pile_review_state,normalized_field_present,0,23,0.000000
nuforc,2020_plus,africa,23,occurrence_date_role,raw_field_present,23,0,100.000000
nuforc,2020_plus,africa,23,exact_date,qualified_value,23,0,100.000000
nuforc,2020_plus,africa,23,time_of_day_raw,raw_field_present,23,0,100.000000
nuforc,2020_plus,africa,23,time_of_day_normalized,qualified_value,0,23,0.000000
nuforc,2020_plus,africa,23,reported_date_role,raw_field_present,23,0,100.000000
nuforc,2020_plus,africa,23,reporting_delay_estimable,qualified_value,21,2,91.304348
nuforc,2020_plus,africa,23,craft_normalized,normalized_field_present,21,2,91.304348
nuforc,2020_plus,africa,23,craft_confidence,qualified_value,17,6,73.913043
nuforc,2020_plus,africa,23,craft_classification_source,normalized_field_present,21,2,91.304348
nuforc,2020_plus,africa,23,same_day_suitability,qualified_value,17,6,73.913043
nuforc,2020_plus,africa,23,duplicate_lineage,normalized_field_present,23,0,100.000000
nuforc,2020_plus,africa,23,publisher_lineage,normalized_field_present,23,0,100.000000
nuforc,2020_plus,africa,23,independent_source_identity,normalized_field_present,23,0,100.000000
nuforc,2020_plus,africa,23,country_assignment,derived_field_present,23,0,100.000000
nuforc,2020_plus,africa,23,administrative_region,normalized_field_present,0,23,0.000000
nuforc,2020_plus,africa,23,boundary_assignment_provenance,derived_field_present,23,0,100.000000
nuforc,2020_plus,africa,23,duration_raw,raw_field_present,23,0,100.000000
nuforc,2020_plus,africa,23,witness_count_raw,raw_explicit_value,23,0,100.000000
nuforc,2020_plus,africa,23,sound_raw,raw_explicit_value,0,23,0.000000
nuforc,2020_plus,africa,23,color_raw,raw_explicit_value,15,8,65.217391
nuforc,2020_plus,africa,23,light_positive_mention,raw_positive_mention,8,15,34.782609
nuforc,2020_plus,africa,23,behavior_raw,raw_explicit_value,0,23,0.000000
nuforc,2020_plus,africa,23,evidence_raw,raw_explicit_value,0,23,0.000000
nuforc,2020_plus,asia,73,coordinate_evidence,normalized_field_present,73,0,100.000000
nuforc,2020_plus,asia,73,source_coordinates,qualified_value,0,73,0.000000
nuforc,2020_plus,asia,73,coordinate_precision,normalized_field_present,73,0,100.000000
nuforc,2020_plus,asia,73,coordinate_pile_review_state,normalized_field_present,0,73,0.000000
nuforc,2020_plus,asia,73,occurrence_date_role,raw_field_present,73,0,100.000000
nuforc,2020_plus,asia,73,exact_date,qualified_value,73,0,100.000000
nuforc,2020_plus,asia,73,time_of_day_raw,raw_field_present,73,0,100.000000
nuforc,2020_plus,asia,73,time_of_day_normalized,qualified_value,0,73,0.000000
nuforc,2020_plus,asia,73,reported_date_role,raw_field_present,73,0,100.000000
nuforc,2020_plus,asia,73,reporting_delay_estimable,qualified_value,68,5,93.150685
nuforc,2020_plus,asia,73,craft_normalized,normalized_field_present,70,3,95.890411
nuforc,2020_plus,asia,73,craft_confidence,qualified_value,48,25,65.753425
nuforc,2020_plus,asia,73,craft_classification_source,normalized_field_present,70,3,95.890411
nuforc,2020_plus,asia,73,same_day_suitability,qualified_value,48,25,65.753425
nuforc,2020_plus,asia,73,duplicate_lineage,normalized_field_present,73,0,100.000000
nuforc,2020_plus,asia,73,publisher_lineage,normalized_field_present,73,0,100.000000
nuforc,2020_plus,asia,73,independent_source_identity,normalized_field_present,73,0,100.000000
nuforc,2020_plus,asia,73,country_assignment,derived_field_present,73,0,100.000000
nuforc,2020_plus,asia,73,administrative_region,normalized_field_present,0,73,0.000000
nuforc,2020_plus,asia,73,boundary_assignment_provenance,derived_field_present,73,0,100.000000
nuforc,2020_plus,asia,73,duration_raw,raw_field_present,72,1,98.630137
nuforc,2020_plus,asia,73,witness_count_raw,raw_explicit_value,69,4,94.520548
nuforc,2020_plus,asia,73,sound_raw,raw_explicit_value,0,73,0.000000
nuforc,2020_plus,asia,73,color_raw,raw_explicit_value,25,48,34.246575
nuforc,2020_plus,asia,73,light_positive_mention,raw_positive_mention,44,29,60.273973
nuforc,2020_plus,asia,73,behavior_raw,raw_explicit_value,0,73,0.000000
nuforc,2020_plus,asia,73,evidence_raw,raw_explicit_value,0,73,0.000000
nuforc,2020_plus,europe,613,coordinate_evidence,normalized_field_present,613,0,100.000000
nuforc,2020_plus,europe,613,source_coordinates,qualified_value,0,613,0.000000
nuforc,2020_plus,europe,613,coordinate_precision,normalized_field_present,613,0,100.000000
nuforc,2020_plus,europe,613,coordinate_pile_review_state,normalized_field_present,0,613,0.000000
nuforc,2020_plus,europe,613,occurrence_date_role,raw_field_present,613,0,100.000000
nuforc,2020_plus,europe,613,exact_date,qualified_value,613,0,100.000000
nuforc,2020_plus,europe,613,time_of_day_raw,raw_field_present,613,0,100.000000
nuforc,2020_plus,europe,613,time_of_day_normalized,qualified_value,0,613,0.000000
nuforc,2020_plus,europe,613,reported_date_role,raw_field_present,613,0,100.000000
nuforc,2020_plus,europe,613,reporting_delay_estimable,qualified_value,565,48,92.169657
nuforc,2020_plus,europe,613,craft_normalized,normalized_field_present,599,14,97.716150
nuforc,2020_plus,europe,613,craft_confidence,qualified_value,432,181,70.473083
nuforc,2020_plus,europe,613,craft_classification_source,normalized_field_present,599,14,97.716150
nuforc,2020_plus,europe,613,same_day_suitability,qualified_value,420,193,68.515498
nuforc,2020_plus,europe,613,duplicate_lineage,normalized_field_present,613,0,100.000000
nuforc,2020_plus,europe,613,publisher_lineage,normalized_field_present,613,0,100.000000
nuforc,2020_plus,europe,613,independent_source_identity,normalized_field_present,613,0,100.000000
nuforc,2020_plus,europe,613,country_assignment,derived_field_present,613,0,100.000000
nuforc,2020_plus,europe,613,administrative_region,normalized_field_present,0,613,0.000000
nuforc,2020_plus,europe,613,boundary_assignment_provenance,derived_field_present,613,0,100.000000
nuforc,2020_plus,europe,613,duration_raw,raw_field_present,600,13,97.879282
nuforc,2020_plus,europe,613,witness_count_raw,raw_explicit_value,595,18,97.063622
nuforc,2020_plus,europe,613,sound_raw,raw_explicit_value,0,613,0.000000
nuforc,2020_plus,europe,613,color_raw,raw_explicit_value,460,153,75.040783
nuforc,2020_plus,europe,613,light_positive_mention,raw_positive_mention,273,340,44.535073
nuforc,2020_plus,europe,613,behavior_raw,raw_explicit_value,0,613,0.000000
nuforc,2020_plus,europe,613,evidence_raw,raw_explicit_value,0,613,0.000000
nuforc,2020_plus,latin_america_caribbean,59,coordinate_evidence,normalized_field_present,59,0,100.000000
nuforc,2020_plus,latin_america_caribbean,59,source_coordinates,qualified_value,0,59,0.000000
nuforc,2020_plus,latin_america_caribbean,59,coordinate_precision,normalized_field_present,59,0,100.000000
nuforc,2020_plus,latin_america_caribbean,59,coordinate_pile_review_state,normalized_field_present,0,59,0.000000
nuforc,2020_plus,latin_america_caribbean,59,occurrence_date_role,raw_field_present,59,0,100.000000
nuforc,2020_plus,latin_america_caribbean,59,exact_date,qualified_value,59,0,100.000000
nuforc,2020_plus,latin_america_caribbean,59,time_of_day_raw,raw_field_present,59,0,100.000000
nuforc,2020_plus,latin_america_caribbean,59,time_of_day_normalized,qualified_value,0,59,0.000000
nuforc,2020_plus,latin_america_caribbean,59,reported_date_role,raw_field_present,59,0,100.000000
nuforc,2020_plus,latin_america_caribbean,59,reporting_delay_estimable,qualified_value,58,1,98.305085
nuforc,2020_plus,latin_america_caribbean,59,craft_normalized,normalized_field_present,59,0,100.000000
nuforc,2020_plus,latin_america_caribbean,59,craft_confidence,qualified_value,47,12,79.661017
nuforc,2020_plus,latin_america_caribbean,59,craft_classification_source,normalized_field_present,59,0,100.000000
nuforc,2020_plus,latin_america_caribbean,59,same_day_suitability,qualified_value,44,15,74.576271
nuforc,2020_plus,latin_america_caribbean,59,duplicate_lineage,normalized_field_present,59,0,100.000000
nuforc,2020_plus,latin_america_caribbean,59,publisher_lineage,normalized_field_present,59,0,100.000000
nuforc,2020_plus,latin_america_caribbean,59,independent_source_identity,normalized_field_present,59,0,100.000000
nuforc,2020_plus,latin_america_caribbean,59,country_assignment,derived_field_present,59,0,100.000000
nuforc,2020_plus,latin_america_caribbean,59,administrative_region,normalized_field_present,0,59,0.000000
nuforc,2020_plus,latin_america_caribbean,59,boundary_assignment_provenance,derived_field_present,59,0,100.000000
nuforc,2020_plus,latin_america_caribbean,59,duration_raw,raw_field_present,57,2,96.610169
nuforc,2020_plus,latin_america_caribbean,59,witness_count_raw,raw_explicit_value,57,2,96.610169
nuforc,2020_plus,latin_america_caribbean,59,sound_raw,raw_explicit_value,0,59,0.000000
nuforc,2020_plus,latin_america_caribbean,59,color_raw,raw_explicit_value,44,15,74.576271
nuforc,2020_plus,latin_america_caribbean,59,light_positive_mention,raw_positive_mention,31,28,52.542373
nuforc,2020_plus,latin_america_caribbean,59,behavior_raw,raw_explicit_value,0,59,0.000000
nuforc,2020_plus,latin_america_caribbean,59,evidence_raw,raw_explicit_value,0,59,0.000000
nuforc,2020_plus,northern_america,24594,coordinate_evidence,normalized_field_present,24594,0,100.000000
nuforc,2020_plus,northern_america,24594,source_coordinates,qualified_value,0,24594,0.000000
nuforc,2020_plus,northern_america,24594,coordinate_precision,normalized_field_present,24594,0,100.000000
nuforc,2020_plus,northern_america,24594,coordinate_pile_review_state,normalized_field_present,0,24594,0.000000
nuforc,2020_plus,northern_america,24594,occurrence_date_role,raw_field_present,24594,0,100.000000
nuforc,2020_plus,northern_america,24594,exact_date,qualified_value,24594,0,100.000000
nuforc,2020_plus,northern_america,24594,time_of_day_raw,raw_field_present,24594,0,100.000000
nuforc,2020_plus,northern_america,24594,time_of_day_normalized,qualified_value,0,24594,0.000000
nuforc,2020_plus,northern_america,24594,reported_date_role,raw_field_present,24594,0,100.000000
nuforc,2020_plus,northern_america,24594,reporting_delay_estimable,qualified_value,24137,457,98.141823
nuforc,2020_plus,northern_america,24594,craft_normalized,normalized_field_present,22702,1892,92.307067
nuforc,2020_plus,northern_america,24594,craft_confidence,qualified_value,15488,9106,62.974709
nuforc,2020_plus,northern_america,24594,craft_classification_source,normalized_field_present,22702,1892,92.307067
nuforc,2020_plus,northern_america,24594,same_day_suitability,qualified_value,14656,9938,59.591770
nuforc,2020_plus,northern_america,24594,duplicate_lineage,normalized_field_present,24594,0,100.000000
nuforc,2020_plus,northern_america,24594,publisher_lineage,normalized_field_present,24594,0,100.000000
nuforc,2020_plus,northern_america,24594,independent_source_identity,normalized_field_present,24594,0,100.000000
nuforc,2020_plus,northern_america,24594,country_assignment,derived_field_present,24594,0,100.000000
nuforc,2020_plus,northern_america,24594,administrative_region,normalized_field_present,0,24594,0.000000
nuforc,2020_plus,northern_america,24594,boundary_assignment_provenance,derived_field_present,24594,0,100.000000
nuforc,2020_plus,northern_america,24594,duration_raw,raw_field_present,22552,2042,91.697162
nuforc,2020_plus,northern_america,24594,witness_count_raw,raw_explicit_value,23696,898,96.348703
nuforc,2020_plus,northern_america,24594,sound_raw,raw_explicit_value,0,24594,0.000000
nuforc,2020_plus,northern_america,24594,color_raw,raw_explicit_value,7674,16920,31.202732
nuforc,2020_plus,northern_america,24594,light_positive_mention,raw_positive_mention,11580,13014,47.084655
nuforc,2020_plus,northern_america,24594,behavior_raw,raw_explicit_value,0,24594,0.000000
nuforc,2020_plus,northern_america,24594,evidence_raw,raw_explicit_value,0,24594,0.000000
nuforc,2020_plus,oceania,199,coordinate_evidence,normalized_field_present,199,0,100.000000
nuforc,2020_plus,oceania,199,source_coordinates,qualified_value,0,199,0.000000
nuforc,2020_plus,oceania,199,coordinate_precision,normalized_field_present,199,0,100.000000
nuforc,2020_plus,oceania,199,coordinate_pile_review_state,normalized_field_present,0,199,0.000000
nuforc,2020_plus,oceania,199,occurrence_date_role,raw_field_present,199,0,100.000000
nuforc,2020_plus,oceania,199,exact_date,qualified_value,199,0,100.000000
nuforc,2020_plus,oceania,199,time_of_day_raw,raw_field_present,199,0,100.000000
nuforc,2020_plus,oceania,199,time_of_day_normalized,qualified_value,0,199,0.000000
nuforc,2020_plus,oceania,199,reported_date_role,raw_field_present,199,0,100.000000
nuforc,2020_plus,oceania,199,reporting_delay_estimable,qualified_value,163,36,81.909548
nuforc,2020_plus,oceania,199,craft_normalized,normalized_field_present,194,5,97.487437
nuforc,2020_plus,oceania,199,craft_confidence,qualified_value,124,75,62.311558
nuforc,2020_plus,oceania,199,craft_classification_source,normalized_field_present,194,5,97.487437
nuforc,2020_plus,oceania,199,same_day_suitability,qualified_value,121,78,60.804020
nuforc,2020_plus,oceania,199,duplicate_lineage,normalized_field_present,199,0,100.000000
nuforc,2020_plus,oceania,199,publisher_lineage,normalized_field_present,199,0,100.000000
nuforc,2020_plus,oceania,199,independent_source_identity,normalized_field_present,199,0,100.000000
nuforc,2020_plus,oceania,199,country_assignment,derived_field_present,199,0,100.000000
nuforc,2020_plus,oceania,199,administrative_region,normalized_field_present,0,199,0.000000
nuforc,2020_plus,oceania,199,boundary_assignment_provenance,derived_field_present,199,0,100.000000
nuforc,2020_plus,oceania,199,duration_raw,raw_field_present,199,0,100.000000
nuforc,2020_plus,oceania,199,witness_count_raw,raw_explicit_value,198,1,99.497487
nuforc,2020_plus,oceania,199,sound_raw,raw_explicit_value,0,199,0.000000
nuforc,2020_plus,oceania,199,color_raw,raw_explicit_value,112,87,56.281407
nuforc,2020_plus,oceania,199,light_positive_mention,raw_positive_mention,95,104,47.738693
nuforc,2020_plus,oceania,199,behavior_raw,raw_explicit_value,0,199,0.000000
nuforc,2020_plus,oceania,199,evidence_raw,raw_explicit_value,0,199,0.000000
nuforc,2020_plus,unknown,4150,coordinate_evidence,normalized_field_present,4150,0,100.000000
nuforc,2020_plus,unknown,4150,source_coordinates,qualified_value,0,4150,0.000000
nuforc,2020_plus,unknown,4150,coordinate_precision,normalized_field_present,4150,0,100.000000
nuforc,2020_plus,unknown,4150,coordinate_pile_review_state,normalized_field_present,0,4150,0.000000
nuforc,2020_plus,unknown,4150,occurrence_date_role,raw_field_present,4150,0,100.000000
nuforc,2020_plus,unknown,4150,exact_date,qualified_value,4150,0,100.000000
nuforc,2020_plus,unknown,4150,time_of_day_raw,raw_field_present,4150,0,100.000000
nuforc,2020_plus,unknown,4150,time_of_day_normalized,qualified_value,0,4150,0.000000
nuforc,2020_plus,unknown,4150,reported_date_role,raw_field_present,4150,0,100.000000
nuforc,2020_plus,unknown,4150,reporting_delay_estimable,qualified_value,3964,186,95.518072
nuforc,2020_plus,unknown,4150,craft_normalized,normalized_field_present,3972,178,95.710843
nuforc,2020_plus,unknown,4150,craft_confidence,qualified_value,2779,1371,66.963855
nuforc,2020_plus,unknown,4150,craft_classification_source,normalized_field_present,3972,178,95.710843
nuforc,2020_plus,unknown,4150,same_day_suitability,qualified_value,2649,1501,63.831325
nuforc,2020_plus,unknown,4150,duplicate_lineage,normalized_field_present,4150,0,100.000000
nuforc,2020_plus,unknown,4150,publisher_lineage,normalized_field_present,4150,0,100.000000
nuforc,2020_plus,unknown,4150,independent_source_identity,normalized_field_present,4150,0,100.000000
nuforc,2020_plus,unknown,4150,country_assignment,derived_field_present,0,4150,0.000000
nuforc,2020_plus,unknown,4150,administrative_region,normalized_field_present,0,4150,0.000000
nuforc,2020_plus,unknown,4150,boundary_assignment_provenance,derived_field_present,660,3490,15.903614
nuforc,2020_plus,unknown,4150,duration_raw,raw_field_present,3983,167,95.975904
nuforc,2020_plus,unknown,4150,witness_count_raw,raw_explicit_value,3977,173,95.831325
nuforc,2020_plus,unknown,4150,sound_raw,raw_explicit_value,0,4150,0.000000
nuforc,2020_plus,unknown,4150,color_raw,raw_explicit_value,1781,2369,42.915663
nuforc,2020_plus,unknown,4150,light_positive_mention,raw_positive_mention,2104,2046,50.698795
nuforc,2020_plus,unknown,4150,behavior_raw,raw_explicit_value,0,4150,0.000000
nuforc,2020_plus,unknown,4150,evidence_raw,raw_explicit_value,0,4150,0.000000
nuforc,pre_1945,asia,2,coordinate_evidence,normalized_field_present,2,0,100.000000
nuforc,pre_1945,asia,2,source_coordinates,qualified_value,0,2,0.000000
nuforc,pre_1945,asia,2,coordinate_precision,normalized_field_present,2,0,100.000000
nuforc,pre_1945,asia,2,coordinate_pile_review_state,normalized_field_present,0,2,0.000000
nuforc,pre_1945,asia,2,occurrence_date_role,raw_field_present,2,0,100.000000
nuforc,pre_1945,asia,2,exact_date,qualified_value,2,0,100.000000
nuforc,pre_1945,asia,2,time_of_day_raw,raw_field_present,2,0,100.000000
nuforc,pre_1945,asia,2,time_of_day_normalized,qualified_value,0,2,0.000000
nuforc,pre_1945,asia,2,reported_date_role,raw_field_present,2,0,100.000000
nuforc,pre_1945,asia,2,reporting_delay_estimable,qualified_value,2,0,100.000000
nuforc,pre_1945,asia,2,craft_normalized,normalized_field_present,2,0,100.000000
nuforc,pre_1945,asia,2,craft_confidence,qualified_value,1,1,50.000000
nuforc,pre_1945,asia,2,craft_classification_source,normalized_field_present,2,0,100.000000
nuforc,pre_1945,asia,2,same_day_suitability,qualified_value,1,1,50.000000
nuforc,pre_1945,asia,2,duplicate_lineage,normalized_field_present,2,0,100.000000
nuforc,pre_1945,asia,2,publisher_lineage,normalized_field_present,2,0,100.000000
nuforc,pre_1945,asia,2,independent_source_identity,normalized_field_present,2,0,100.000000
nuforc,pre_1945,asia,2,country_assignment,derived_field_present,2,0,100.000000
nuforc,pre_1945,asia,2,administrative_region,normalized_field_present,0,2,0.000000
nuforc,pre_1945,asia,2,boundary_assignment_provenance,derived_field_present,2,0,100.000000
nuforc,pre_1945,asia,2,duration_raw,raw_field_present,2,0,100.000000
nuforc,pre_1945,asia,2,witness_count_raw,raw_explicit_value,2,0,100.000000
nuforc,pre_1945,asia,2,sound_raw,raw_explicit_value,0,2,0.000000
nuforc,pre_1945,asia,2,color_raw,raw_explicit_value,2,0,100.000000
nuforc,pre_1945,asia,2,light_positive_mention,raw_positive_mention,1,1,50.000000
nuforc,pre_1945,asia,2,behavior_raw,raw_explicit_value,0,2,0.000000
nuforc,pre_1945,asia,2,evidence_raw,raw_explicit_value,0,2,0.000000
nuforc,pre_1945,europe,5,coordinate_evidence,normalized_field_present,5,0,100.000000
nuforc,pre_1945,europe,5,source_coordinates,qualified_value,0,5,0.000000
nuforc,pre_1945,europe,5,coordinate_precision,normalized_field_present,5,0,100.000000
nuforc,pre_1945,europe,5,coordinate_pile_review_state,normalized_field_present,0,5,0.000000
nuforc,pre_1945,europe,5,occurrence_date_role,raw_field_present,5,0,100.000000
nuforc,pre_1945,europe,5,exact_date,qualified_value,5,0,100.000000
nuforc,pre_1945,europe,5,time_of_day_raw,raw_field_present,5,0,100.000000
nuforc,pre_1945,europe,5,time_of_day_normalized,qualified_value,0,5,0.000000
nuforc,pre_1945,europe,5,reported_date_role,raw_field_present,5,0,100.000000
nuforc,pre_1945,europe,5,reporting_delay_estimable,qualified_value,5,0,100.000000
nuforc,pre_1945,europe,5,craft_normalized,normalized_field_present,4,1,80.000000
nuforc,pre_1945,europe,5,craft_confidence,qualified_value,4,1,80.000000
nuforc,pre_1945,europe,5,craft_classification_source,normalized_field_present,4,1,80.000000
nuforc,pre_1945,europe,5,same_day_suitability,qualified_value,4,1,80.000000
nuforc,pre_1945,europe,5,duplicate_lineage,normalized_field_present,5,0,100.000000
nuforc,pre_1945,europe,5,publisher_lineage,normalized_field_present,5,0,100.000000
nuforc,pre_1945,europe,5,independent_source_identity,normalized_field_present,5,0,100.000000
nuforc,pre_1945,europe,5,country_assignment,derived_field_present,5,0,100.000000
nuforc,pre_1945,europe,5,administrative_region,normalized_field_present,0,5,0.000000
nuforc,pre_1945,europe,5,boundary_assignment_provenance,derived_field_present,5,0,100.000000
nuforc,pre_1945,europe,5,duration_raw,raw_field_present,5,0,100.000000
nuforc,pre_1945,europe,5,witness_count_raw,raw_explicit_value,4,1,80.000000
nuforc,pre_1945,europe,5,sound_raw,raw_explicit_value,0,5,0.000000
nuforc,pre_1945,europe,5,color_raw,raw_explicit_value,2,3,40.000000
nuforc,pre_1945,europe,5,light_positive_mention,raw_positive_mention,2,3,40.000000
nuforc,pre_1945,europe,5,behavior_raw,raw_explicit_value,0,5,0.000000
nuforc,pre_1945,europe,5,evidence_raw,raw_explicit_value,0,5,0.000000
nuforc,pre_1945,northern_america,62,coordinate_evidence,normalized_field_present,62,0,100.000000
nuforc,pre_1945,northern_america,62,source_coordinates,qualified_value,0,62,0.000000
nuforc,pre_1945,northern_america,62,coordinate_precision,normalized_field_present,62,0,100.000000
nuforc,pre_1945,northern_america,62,coordinate_pile_review_state,normalized_field_present,0,62,0.000000
nuforc,pre_1945,northern_america,62,occurrence_date_role,raw_field_present,62,0,100.000000
nuforc,pre_1945,northern_america,62,exact_date,qualified_value,62,0,100.000000
nuforc,pre_1945,northern_america,62,time_of_day_raw,raw_field_present,62,0,100.000000
nuforc,pre_1945,northern_america,62,time_of_day_normalized,qualified_value,0,62,0.000000
nuforc,pre_1945,northern_america,62,reported_date_role,raw_field_present,62,0,100.000000
nuforc,pre_1945,northern_america,62,reporting_delay_estimable,qualified_value,62,0,100.000000
nuforc,pre_1945,northern_america,62,craft_normalized,normalized_field_present,58,4,93.548387
nuforc,pre_1945,northern_america,62,craft_confidence,qualified_value,44,18,70.967742
nuforc,pre_1945,northern_america,62,craft_classification_source,normalized_field_present,58,4,93.548387
nuforc,pre_1945,northern_america,62,same_day_suitability,qualified_value,39,23,62.903226
nuforc,pre_1945,northern_america,62,duplicate_lineage,normalized_field_present,62,0,100.000000
nuforc,pre_1945,northern_america,62,publisher_lineage,normalized_field_present,62,0,100.000000
nuforc,pre_1945,northern_america,62,independent_source_identity,normalized_field_present,62,0,100.000000
nuforc,pre_1945,northern_america,62,country_assignment,derived_field_present,62,0,100.000000
nuforc,pre_1945,northern_america,62,administrative_region,normalized_field_present,0,62,0.000000
nuforc,pre_1945,northern_america,62,boundary_assignment_provenance,derived_field_present,62,0,100.000000
nuforc,pre_1945,northern_america,62,duration_raw,raw_field_present,53,9,85.483871
nuforc,pre_1945,northern_america,62,witness_count_raw,raw_explicit_value,55,7,88.709677
nuforc,pre_1945,northern_america,62,sound_raw,raw_explicit_value,0,62,0.000000
nuforc,pre_1945,northern_america,62,color_raw,raw_explicit_value,2,60,3.225806
nuforc,pre_1945,northern_america,62,light_positive_mention,raw_positive_mention,19,43,30.645161
nuforc,pre_1945,northern_america,62,behavior_raw,raw_explicit_value,0,62,0.000000
nuforc,pre_1945,northern_america,62,evidence_raw,raw_explicit_value,0,62,0.000000
nuforc,pre_1945,oceania,1,coordinate_evidence,normalized_field_present,1,0,100.000000
nuforc,pre_1945,oceania,1,source_coordinates,qualified_value,0,1,0.000000
nuforc,pre_1945,oceania,1,coordinate_precision,normalized_field_present,1,0,100.000000
nuforc,pre_1945,oceania,1,coordinate_pile_review_state,normalized_field_present,0,1,0.000000
nuforc,pre_1945,oceania,1,occurrence_date_role,raw_field_present,1,0,100.000000
nuforc,pre_1945,oceania,1,exact_date,qualified_value,1,0,100.000000
nuforc,pre_1945,oceania,1,time_of_day_raw,raw_field_present,1,0,100.000000
nuforc,pre_1945,oceania,1,time_of_day_normalized,qualified_value,0,1,0.000000
nuforc,pre_1945,oceania,1,reported_date_role,raw_field_present,1,0,100.000000
nuforc,pre_1945,oceania,1,reporting_delay_estimable,qualified_value,1,0,100.000000
nuforc,pre_1945,oceania,1,craft_normalized,normalized_field_present,1,0,100.000000
nuforc,pre_1945,oceania,1,craft_confidence,qualified_value,1,0,100.000000
nuforc,pre_1945,oceania,1,craft_classification_source,normalized_field_present,1,0,100.000000
nuforc,pre_1945,oceania,1,same_day_suitability,qualified_value,1,0,100.000000
nuforc,pre_1945,oceania,1,duplicate_lineage,normalized_field_present,1,0,100.000000
nuforc,pre_1945,oceania,1,publisher_lineage,normalized_field_present,1,0,100.000000
nuforc,pre_1945,oceania,1,independent_source_identity,normalized_field_present,1,0,100.000000
nuforc,pre_1945,oceania,1,country_assignment,derived_field_present,1,0,100.000000
nuforc,pre_1945,oceania,1,administrative_region,normalized_field_present,0,1,0.000000
nuforc,pre_1945,oceania,1,boundary_assignment_provenance,derived_field_present,1,0,100.000000
nuforc,pre_1945,oceania,1,duration_raw,raw_field_present,1,0,100.000000
nuforc,pre_1945,oceania,1,witness_count_raw,raw_explicit_value,1,0,100.000000
nuforc,pre_1945,oceania,1,sound_raw,raw_explicit_value,0,1,0.000000
nuforc,pre_1945,oceania,1,color_raw,raw_explicit_value,0,1,0.000000
nuforc,pre_1945,oceania,1,light_positive_mention,raw_positive_mention,1,0,100.000000
nuforc,pre_1945,oceania,1,behavior_raw,raw_explicit_value,0,1,0.000000
nuforc,pre_1945,oceania,1,evidence_raw,raw_explicit_value,0,1,0.000000
nuforc,pre_1945,unknown,45,coordinate_evidence,normalized_field_present,45,0,100.000000
nuforc,pre_1945,unknown,45,source_coordinates,qualified_value,0,45,0.000000
nuforc,pre_1945,unknown,45,coordinate_precision,normalized_field_present,45,0,100.000000
nuforc,pre_1945,unknown,45,coordinate_pile_review_state,normalized_field_present,0,45,0.000000
nuforc,pre_1945,unknown,45,occurrence_date_role,raw_field_present,45,0,100.000000
nuforc,pre_1945,unknown,45,exact_date,qualified_value,45,0,100.000000
nuforc,pre_1945,unknown,45,time_of_day_raw,raw_field_present,45,0,100.000000
nuforc,pre_1945,unknown,45,time_of_day_normalized,qualified_value,0,45,0.000000
nuforc,pre_1945,unknown,45,reported_date_role,raw_field_present,45,0,100.000000
nuforc,pre_1945,unknown,45,reporting_delay_estimable,qualified_value,45,0,100.000000
nuforc,pre_1945,unknown,45,craft_normalized,normalized_field_present,39,6,86.666667
nuforc,pre_1945,unknown,45,craft_confidence,qualified_value,26,19,57.777778
nuforc,pre_1945,unknown,45,craft_classification_source,normalized_field_present,39,6,86.666667
nuforc,pre_1945,unknown,45,same_day_suitability,qualified_value,25,20,55.555556
nuforc,pre_1945,unknown,45,duplicate_lineage,normalized_field_present,45,0,100.000000
nuforc,pre_1945,unknown,45,publisher_lineage,normalized_field_present,45,0,100.000000
nuforc,pre_1945,unknown,45,independent_source_identity,normalized_field_present,45,0,100.000000
nuforc,pre_1945,unknown,45,country_assignment,derived_field_present,0,45,0.000000
nuforc,pre_1945,unknown,45,administrative_region,normalized_field_present,0,45,0.000000
nuforc,pre_1945,unknown,45,boundary_assignment_provenance,derived_field_present,3,42,6.666667
nuforc,pre_1945,unknown,45,duration_raw,raw_field_present,35,10,77.777778
nuforc,pre_1945,unknown,45,witness_count_raw,raw_explicit_value,37,8,82.222222
nuforc,pre_1945,unknown,45,sound_raw,raw_explicit_value,0,45,0.000000
nuforc,pre_1945,unknown,45,color_raw,raw_explicit_value,4,41,8.888889
nuforc,pre_1945,unknown,45,light_positive_mention,raw_positive_mention,11,34,24.444444
nuforc,pre_1945,unknown,45,behavior_raw,raw_explicit_value,0,45,0.000000
nuforc,pre_1945,unknown,45,evidence_raw,raw_explicit_value,0,45,0.000000
nuforc,unknown,unknown,291,coordinate_evidence,normalized_field_present,291,0,100.000000
nuforc,unknown,unknown,291,source_coordinates,qualified_value,0,291,0.000000
nuforc,unknown,unknown,291,coordinate_precision,normalized_field_present,0,291,0.000000
nuforc,unknown,unknown,291,coordinate_pile_review_state,normalized_field_present,0,291,0.000000
nuforc,unknown,unknown,291,occurrence_date_role,raw_field_present,0,291,0.000000
nuforc,unknown,unknown,291,exact_date,qualified_value,0,291,0.000000
nuforc,unknown,unknown,291,time_of_day_raw,raw_field_present,0,291,0.000000
nuforc,unknown,unknown,291,time_of_day_normalized,qualified_value,0,291,0.000000
nuforc,unknown,unknown,291,reported_date_role,raw_field_present,0,291,0.000000
nuforc,unknown,unknown,291,reporting_delay_estimable,qualified_value,0,291,0.000000
nuforc,unknown,unknown,291,craft_normalized,normalized_field_present,0,291,0.000000
nuforc,unknown,unknown,291,craft_confidence,qualified_value,0,291,0.000000
nuforc,unknown,unknown,291,craft_classification_source,normalized_field_present,0,291,0.000000
nuforc,unknown,unknown,291,same_day_suitability,qualified_value,0,291,0.000000
nuforc,unknown,unknown,291,duplicate_lineage,normalized_field_present,291,0,100.000000
nuforc,unknown,unknown,291,publisher_lineage,normalized_field_present,291,0,100.000000
nuforc,unknown,unknown,291,independent_source_identity,normalized_field_present,291,0,100.000000
nuforc,unknown,unknown,291,country_assignment,derived_field_present,0,291,0.000000
nuforc,unknown,unknown,291,administrative_region,normalized_field_present,0,291,0.000000
nuforc,unknown,unknown,291,boundary_assignment_provenance,derived_field_present,0,291,0.000000
nuforc,unknown,unknown,291,duration_raw,raw_field_present,0,291,0.000000
nuforc,unknown,unknown,291,witness_count_raw,raw_explicit_value,0,291,0.000000
nuforc,unknown,unknown,291,sound_raw,raw_explicit_value,0,291,0.000000
nuforc,unknown,unknown,291,color_raw,raw_explicit_value,0,291,0.000000
nuforc,unknown,unknown,291,light_positive_mention,raw_positive_mention,0,291,0.000000
nuforc,unknown,unknown,291,behavior_raw,raw_explicit_value,0,291,0.000000
nuforc,unknown,unknown,291,evidence_raw,raw_explicit_value,0,291,0.000000
phenomenainon_updb,1945_1959,africa,20,coordinate_evidence,normalized_field_present,20,0,100.000000
phenomenainon_updb,1945_1959,africa,20,source_coordinates,qualified_value,0,20,0.000000
phenomenainon_updb,1945_1959,africa,20,coordinate_precision,normalized_field_present,20,0,100.000000
phenomenainon_updb,1945_1959,africa,20,coordinate_pile_review_state,normalized_field_present,0,20,0.000000
phenomenainon_updb,1945_1959,africa,20,occurrence_date_role,raw_field_present,20,0,100.000000
phenomenainon_updb,1945_1959,africa,20,exact_date,qualified_value,20,0,100.000000
phenomenainon_updb,1945_1959,africa,20,time_of_day_raw,raw_field_present,20,0,100.000000
phenomenainon_updb,1945_1959,africa,20,time_of_day_normalized,qualified_value,0,20,0.000000
phenomenainon_updb,1945_1959,africa,20,reported_date_role,raw_field_present,0,20,0.000000
phenomenainon_updb,1945_1959,africa,20,reporting_delay_estimable,qualified_value,0,20,0.000000
phenomenainon_updb,1945_1959,africa,20,craft_normalized,normalized_field_present,10,10,50.000000
phenomenainon_updb,1945_1959,africa,20,craft_confidence,qualified_value,9,11,45.000000
phenomenainon_updb,1945_1959,africa,20,craft_classification_source,normalized_field_present,10,10,50.000000
phenomenainon_updb,1945_1959,africa,20,same_day_suitability,qualified_value,8,12,40.000000
phenomenainon_updb,1945_1959,africa,20,duplicate_lineage,normalized_field_present,20,0,100.000000
phenomenainon_updb,1945_1959,africa,20,publisher_lineage,normalized_field_present,20,0,100.000000
phenomenainon_updb,1945_1959,africa,20,independent_source_identity,normalized_field_present,20,0,100.000000
phenomenainon_updb,1945_1959,africa,20,country_assignment,derived_field_present,20,0,100.000000
phenomenainon_updb,1945_1959,africa,20,administrative_region,normalized_field_present,0,20,0.000000
phenomenainon_updb,1945_1959,africa,20,boundary_assignment_provenance,derived_field_present,20,0,100.000000
phenomenainon_updb,1945_1959,africa,20,duration_raw,raw_field_present,0,20,0.000000
phenomenainon_updb,1945_1959,africa,20,witness_count_raw,raw_explicit_value,0,20,0.000000
phenomenainon_updb,1945_1959,africa,20,sound_raw,raw_explicit_value,0,20,0.000000
phenomenainon_updb,1945_1959,africa,20,color_raw,raw_explicit_value,0,20,0.000000
phenomenainon_updb,1945_1959,africa,20,light_positive_mention,raw_positive_mention,0,20,0.000000
phenomenainon_updb,1945_1959,africa,20,behavior_raw,raw_explicit_value,0,20,0.000000
phenomenainon_updb,1945_1959,africa,20,evidence_raw,raw_explicit_value,0,20,0.000000
phenomenainon_updb,1945_1959,asia,138,coordinate_evidence,normalized_field_present,138,0,100.000000
phenomenainon_updb,1945_1959,asia,138,source_coordinates,qualified_value,0,138,0.000000
phenomenainon_updb,1945_1959,asia,138,coordinate_precision,normalized_field_present,138,0,100.000000
phenomenainon_updb,1945_1959,asia,138,coordinate_pile_review_state,normalized_field_present,0,138,0.000000
phenomenainon_updb,1945_1959,asia,138,occurrence_date_role,raw_field_present,138,0,100.000000
phenomenainon_updb,1945_1959,asia,138,exact_date,qualified_value,138,0,100.000000
phenomenainon_updb,1945_1959,asia,138,time_of_day_raw,raw_field_present,138,0,100.000000
phenomenainon_updb,1945_1959,asia,138,time_of_day_normalized,qualified_value,0,138,0.000000
phenomenainon_updb,1945_1959,asia,138,reported_date_role,raw_field_present,0,138,0.000000
phenomenainon_updb,1945_1959,asia,138,reporting_delay_estimable,qualified_value,0,138,0.000000
phenomenainon_updb,1945_1959,asia,138,craft_normalized,normalized_field_present,81,57,58.695652
phenomenainon_updb,1945_1959,asia,138,craft_confidence,qualified_value,67,71,48.550725
phenomenainon_updb,1945_1959,asia,138,craft_classification_source,normalized_field_present,81,57,58.695652
phenomenainon_updb,1945_1959,asia,138,same_day_suitability,qualified_value,62,76,44.927536
phenomenainon_updb,1945_1959,asia,138,duplicate_lineage,normalized_field_present,138,0,100.000000
phenomenainon_updb,1945_1959,asia,138,publisher_lineage,normalized_field_present,138,0,100.000000
phenomenainon_updb,1945_1959,asia,138,independent_source_identity,normalized_field_present,138,0,100.000000
phenomenainon_updb,1945_1959,asia,138,country_assignment,derived_field_present,138,0,100.000000
phenomenainon_updb,1945_1959,asia,138,administrative_region,normalized_field_present,0,138,0.000000
phenomenainon_updb,1945_1959,asia,138,boundary_assignment_provenance,derived_field_present,138,0,100.000000
phenomenainon_updb,1945_1959,asia,138,duration_raw,raw_field_present,0,138,0.000000
phenomenainon_updb,1945_1959,asia,138,witness_count_raw,raw_explicit_value,0,138,0.000000
phenomenainon_updb,1945_1959,asia,138,sound_raw,raw_explicit_value,0,138,0.000000
phenomenainon_updb,1945_1959,asia,138,color_raw,raw_explicit_value,0,138,0.000000
phenomenainon_updb,1945_1959,asia,138,light_positive_mention,raw_positive_mention,0,138,0.000000
phenomenainon_updb,1945_1959,asia,138,behavior_raw,raw_explicit_value,0,138,0.000000
phenomenainon_updb,1945_1959,asia,138,evidence_raw,raw_explicit_value,0,138,0.000000
phenomenainon_updb,1945_1959,europe,262,coordinate_evidence,normalized_field_present,262,0,100.000000
phenomenainon_updb,1945_1959,europe,262,source_coordinates,qualified_value,0,262,0.000000
phenomenainon_updb,1945_1959,europe,262,coordinate_precision,normalized_field_present,262,0,100.000000
phenomenainon_updb,1945_1959,europe,262,coordinate_pile_review_state,normalized_field_present,0,262,0.000000
phenomenainon_updb,1945_1959,europe,262,occurrence_date_role,raw_field_present,262,0,100.000000
phenomenainon_updb,1945_1959,europe,262,exact_date,qualified_value,262,0,100.000000
phenomenainon_updb,1945_1959,europe,262,time_of_day_raw,raw_field_present,262,0,100.000000
phenomenainon_updb,1945_1959,europe,262,time_of_day_normalized,qualified_value,0,262,0.000000
phenomenainon_updb,1945_1959,europe,262,reported_date_role,raw_field_present,0,262,0.000000
phenomenainon_updb,1945_1959,europe,262,reporting_delay_estimable,qualified_value,0,262,0.000000
phenomenainon_updb,1945_1959,europe,262,craft_normalized,normalized_field_present,147,115,56.106870
phenomenainon_updb,1945_1959,europe,262,craft_confidence,qualified_value,116,146,44.274809
phenomenainon_updb,1945_1959,europe,262,craft_classification_source,normalized_field_present,147,115,56.106870
phenomenainon_updb,1945_1959,europe,262,same_day_suitability,qualified_value,96,166,36.641221
phenomenainon_updb,1945_1959,europe,262,duplicate_lineage,normalized_field_present,262,0,100.000000
phenomenainon_updb,1945_1959,europe,262,publisher_lineage,normalized_field_present,262,0,100.000000
phenomenainon_updb,1945_1959,europe,262,independent_source_identity,normalized_field_present,262,0,100.000000
phenomenainon_updb,1945_1959,europe,262,country_assignment,derived_field_present,262,0,100.000000
phenomenainon_updb,1945_1959,europe,262,administrative_region,normalized_field_present,0,262,0.000000
phenomenainon_updb,1945_1959,europe,262,boundary_assignment_provenance,derived_field_present,262,0,100.000000
phenomenainon_updb,1945_1959,europe,262,duration_raw,raw_field_present,0,262,0.000000
phenomenainon_updb,1945_1959,europe,262,witness_count_raw,raw_explicit_value,0,262,0.000000
phenomenainon_updb,1945_1959,europe,262,sound_raw,raw_explicit_value,0,262,0.000000
phenomenainon_updb,1945_1959,europe,262,color_raw,raw_explicit_value,0,262,0.000000
phenomenainon_updb,1945_1959,europe,262,light_positive_mention,raw_positive_mention,0,262,0.000000
phenomenainon_updb,1945_1959,europe,262,behavior_raw,raw_explicit_value,0,262,0.000000
phenomenainon_updb,1945_1959,europe,262,evidence_raw,raw_explicit_value,0,262,0.000000
phenomenainon_updb,1945_1959,latin_america_caribbean,59,coordinate_evidence,normalized_field_present,59,0,100.000000
phenomenainon_updb,1945_1959,latin_america_caribbean,59,source_coordinates,qualified_value,0,59,0.000000
phenomenainon_updb,1945_1959,latin_america_caribbean,59,coordinate_precision,normalized_field_present,59,0,100.000000
phenomenainon_updb,1945_1959,latin_america_caribbean,59,coordinate_pile_review_state,normalized_field_present,0,59,0.000000
phenomenainon_updb,1945_1959,latin_america_caribbean,59,occurrence_date_role,raw_field_present,59,0,100.000000
phenomenainon_updb,1945_1959,latin_america_caribbean,59,exact_date,qualified_value,59,0,100.000000
phenomenainon_updb,1945_1959,latin_america_caribbean,59,time_of_day_raw,raw_field_present,59,0,100.000000
phenomenainon_updb,1945_1959,latin_america_caribbean,59,time_of_day_normalized,qualified_value,0,59,0.000000
phenomenainon_updb,1945_1959,latin_america_caribbean,59,reported_date_role,raw_field_present,0,59,0.000000
phenomenainon_updb,1945_1959,latin_america_caribbean,59,reporting_delay_estimable,qualified_value,0,59,0.000000
phenomenainon_updb,1945_1959,latin_america_caribbean,59,craft_normalized,normalized_field_present,37,22,62.711864
phenomenainon_updb,1945_1959,latin_america_caribbean,59,craft_confidence,qualified_value,29,30,49.152542
phenomenainon_updb,1945_1959,latin_america_caribbean,59,craft_classification_source,normalized_field_present,37,22,62.711864
phenomenainon_updb,1945_1959,latin_america_caribbean,59,same_day_suitability,qualified_value,29,30,49.152542
phenomenainon_updb,1945_1959,latin_america_caribbean,59,duplicate_lineage,normalized_field_present,59,0,100.000000
phenomenainon_updb,1945_1959,latin_america_caribbean,59,publisher_lineage,normalized_field_present,59,0,100.000000
phenomenainon_updb,1945_1959,latin_america_caribbean,59,independent_source_identity,normalized_field_present,59,0,100.000000
phenomenainon_updb,1945_1959,latin_america_caribbean,59,country_assignment,derived_field_present,59,0,100.000000
phenomenainon_updb,1945_1959,latin_america_caribbean,59,administrative_region,normalized_field_present,0,59,0.000000
phenomenainon_updb,1945_1959,latin_america_caribbean,59,boundary_assignment_provenance,derived_field_present,59,0,100.000000
phenomenainon_updb,1945_1959,latin_america_caribbean,59,duration_raw,raw_field_present,0,59,0.000000
phenomenainon_updb,1945_1959,latin_america_caribbean,59,witness_count_raw,raw_explicit_value,0,59,0.000000
phenomenainon_updb,1945_1959,latin_america_caribbean,59,sound_raw,raw_explicit_value,0,59,0.000000
phenomenainon_updb,1945_1959,latin_america_caribbean,59,color_raw,raw_explicit_value,0,59,0.000000
phenomenainon_updb,1945_1959,latin_america_caribbean,59,light_positive_mention,raw_positive_mention,0,59,0.000000
phenomenainon_updb,1945_1959,latin_america_caribbean,59,behavior_raw,raw_explicit_value,0,59,0.000000
phenomenainon_updb,1945_1959,latin_america_caribbean,59,evidence_raw,raw_explicit_value,0,59,0.000000
phenomenainon_updb,1945_1959,northern_america,2880,coordinate_evidence,normalized_field_present,2880,0,100.000000
phenomenainon_updb,1945_1959,northern_america,2880,source_coordinates,qualified_value,0,2880,0.000000
phenomenainon_updb,1945_1959,northern_america,2880,coordinate_precision,normalized_field_present,2880,0,100.000000
phenomenainon_updb,1945_1959,northern_america,2880,coordinate_pile_review_state,normalized_field_present,0,2880,0.000000
phenomenainon_updb,1945_1959,northern_america,2880,occurrence_date_role,raw_field_present,2880,0,100.000000
phenomenainon_updb,1945_1959,northern_america,2880,exact_date,qualified_value,2880,0,100.000000
phenomenainon_updb,1945_1959,northern_america,2880,time_of_day_raw,raw_field_present,2880,0,100.000000
phenomenainon_updb,1945_1959,northern_america,2880,time_of_day_normalized,qualified_value,0,2880,0.000000
phenomenainon_updb,1945_1959,northern_america,2880,reported_date_role,raw_field_present,0,2880,0.000000
phenomenainon_updb,1945_1959,northern_america,2880,reporting_delay_estimable,qualified_value,0,2880,0.000000
phenomenainon_updb,1945_1959,northern_america,2880,craft_normalized,normalized_field_present,1669,1211,57.951389
phenomenainon_updb,1945_1959,northern_america,2880,craft_confidence,qualified_value,1396,1484,48.472222
phenomenainon_updb,1945_1959,northern_america,2880,craft_classification_source,normalized_field_present,1669,1211,57.951389
phenomenainon_updb,1945_1959,northern_america,2880,same_day_suitability,qualified_value,1099,1781,38.159722
phenomenainon_updb,1945_1959,northern_america,2880,duplicate_lineage,normalized_field_present,2880,0,100.000000
phenomenainon_updb,1945_1959,northern_america,2880,publisher_lineage,normalized_field_present,2880,0,100.000000
phenomenainon_updb,1945_1959,northern_america,2880,independent_source_identity,normalized_field_present,2880,0,100.000000
phenomenainon_updb,1945_1959,northern_america,2880,country_assignment,derived_field_present,2880,0,100.000000
phenomenainon_updb,1945_1959,northern_america,2880,administrative_region,normalized_field_present,0,2880,0.000000
phenomenainon_updb,1945_1959,northern_america,2880,boundary_assignment_provenance,derived_field_present,2880,0,100.000000
phenomenainon_updb,1945_1959,northern_america,2880,duration_raw,raw_field_present,0,2880,0.000000
phenomenainon_updb,1945_1959,northern_america,2880,witness_count_raw,raw_explicit_value,0,2880,0.000000
phenomenainon_updb,1945_1959,northern_america,2880,sound_raw,raw_explicit_value,0,2880,0.000000
phenomenainon_updb,1945_1959,northern_america,2880,color_raw,raw_explicit_value,0,2880,0.000000
phenomenainon_updb,1945_1959,northern_america,2880,light_positive_mention,raw_positive_mention,0,2880,0.000000
phenomenainon_updb,1945_1959,northern_america,2880,behavior_raw,raw_explicit_value,0,2880,0.000000
phenomenainon_updb,1945_1959,northern_america,2880,evidence_raw,raw_explicit_value,0,2880,0.000000
phenomenainon_updb,1945_1959,oceania,75,coordinate_evidence,normalized_field_present,75,0,100.000000
phenomenainon_updb,1945_1959,oceania,75,source_coordinates,qualified_value,0,75,0.000000
phenomenainon_updb,1945_1959,oceania,75,coordinate_precision,normalized_field_present,75,0,100.000000
phenomenainon_updb,1945_1959,oceania,75,coordinate_pile_review_state,normalized_field_present,0,75,0.000000
phenomenainon_updb,1945_1959,oceania,75,occurrence_date_role,raw_field_present,75,0,100.000000
phenomenainon_updb,1945_1959,oceania,75,exact_date,qualified_value,75,0,100.000000
phenomenainon_updb,1945_1959,oceania,75,time_of_day_raw,raw_field_present,75,0,100.000000
phenomenainon_updb,1945_1959,oceania,75,time_of_day_normalized,qualified_value,0,75,0.000000
phenomenainon_updb,1945_1959,oceania,75,reported_date_role,raw_field_present,0,75,0.000000
phenomenainon_updb,1945_1959,oceania,75,reporting_delay_estimable,qualified_value,0,75,0.000000
phenomenainon_updb,1945_1959,oceania,75,craft_normalized,normalized_field_present,32,43,42.666667
phenomenainon_updb,1945_1959,oceania,75,craft_confidence,qualified_value,26,49,34.666667
phenomenainon_updb,1945_1959,oceania,75,craft_classification_source,normalized_field_present,32,43,42.666667
phenomenainon_updb,1945_1959,oceania,75,same_day_suitability,qualified_value,22,53,29.333333
phenomenainon_updb,1945_1959,oceania,75,duplicate_lineage,normalized_field_present,75,0,100.000000
phenomenainon_updb,1945_1959,oceania,75,publisher_lineage,normalized_field_present,75,0,100.000000
phenomenainon_updb,1945_1959,oceania,75,independent_source_identity,normalized_field_present,75,0,100.000000
phenomenainon_updb,1945_1959,oceania,75,country_assignment,derived_field_present,75,0,100.000000
phenomenainon_updb,1945_1959,oceania,75,administrative_region,normalized_field_present,0,75,0.000000
phenomenainon_updb,1945_1959,oceania,75,boundary_assignment_provenance,derived_field_present,75,0,100.000000
phenomenainon_updb,1945_1959,oceania,75,duration_raw,raw_field_present,0,75,0.000000
phenomenainon_updb,1945_1959,oceania,75,witness_count_raw,raw_explicit_value,0,75,0.000000
phenomenainon_updb,1945_1959,oceania,75,sound_raw,raw_explicit_value,0,75,0.000000
phenomenainon_updb,1945_1959,oceania,75,color_raw,raw_explicit_value,0,75,0.000000
phenomenainon_updb,1945_1959,oceania,75,light_positive_mention,raw_positive_mention,0,75,0.000000
phenomenainon_updb,1945_1959,oceania,75,behavior_raw,raw_explicit_value,0,75,0.000000
phenomenainon_updb,1945_1959,oceania,75,evidence_raw,raw_explicit_value,0,75,0.000000
phenomenainon_updb,1945_1959,unknown,4168,coordinate_evidence,normalized_field_present,4168,0,100.000000
phenomenainon_updb,1945_1959,unknown,4168,source_coordinates,qualified_value,0,4168,0.000000
phenomenainon_updb,1945_1959,unknown,4168,coordinate_precision,normalized_field_present,3676,492,88.195777
phenomenainon_updb,1945_1959,unknown,4168,coordinate_pile_review_state,normalized_field_present,0,4168,0.000000
phenomenainon_updb,1945_1959,unknown,4168,occurrence_date_role,raw_field_present,4168,0,100.000000
phenomenainon_updb,1945_1959,unknown,4168,exact_date,qualified_value,4168,0,100.000000
phenomenainon_updb,1945_1959,unknown,4168,time_of_day_raw,raw_field_present,4168,0,100.000000
phenomenainon_updb,1945_1959,unknown,4168,time_of_day_normalized,qualified_value,0,4168,0.000000
phenomenainon_updb,1945_1959,unknown,4168,reported_date_role,raw_field_present,0,4168,0.000000
phenomenainon_updb,1945_1959,unknown,4168,reporting_delay_estimable,qualified_value,0,4168,0.000000
phenomenainon_updb,1945_1959,unknown,4168,craft_normalized,normalized_field_present,2178,1990,52.255278
phenomenainon_updb,1945_1959,unknown,4168,craft_confidence,qualified_value,1847,2321,44.313820
phenomenainon_updb,1945_1959,unknown,4168,craft_classification_source,normalized_field_present,2178,1990,52.255278
phenomenainon_updb,1945_1959,unknown,4168,same_day_suitability,qualified_value,1074,3094,25.767754
phenomenainon_updb,1945_1959,unknown,4168,duplicate_lineage,normalized_field_present,4168,0,100.000000
phenomenainon_updb,1945_1959,unknown,4168,publisher_lineage,normalized_field_present,4168,0,100.000000
phenomenainon_updb,1945_1959,unknown,4168,independent_source_identity,normalized_field_present,4168,0,100.000000
phenomenainon_updb,1945_1959,unknown,4168,country_assignment,derived_field_present,0,4168,0.000000
phenomenainon_updb,1945_1959,unknown,4168,administrative_region,normalized_field_present,0,4168,0.000000
phenomenainon_updb,1945_1959,unknown,4168,boundary_assignment_provenance,derived_field_present,89,4079,2.135317
phenomenainon_updb,1945_1959,unknown,4168,duration_raw,raw_field_present,0,4168,0.000000
phenomenainon_updb,1945_1959,unknown,4168,witness_count_raw,raw_explicit_value,0,4168,0.000000
phenomenainon_updb,1945_1959,unknown,4168,sound_raw,raw_explicit_value,0,4168,0.000000
phenomenainon_updb,1945_1959,unknown,4168,color_raw,raw_explicit_value,0,4168,0.000000
phenomenainon_updb,1945_1959,unknown,4168,light_positive_mention,raw_positive_mention,0,4168,0.000000
phenomenainon_updb,1945_1959,unknown,4168,behavior_raw,raw_explicit_value,0,4168,0.000000
phenomenainon_updb,1945_1959,unknown,4168,evidence_raw,raw_explicit_value,0,4168,0.000000
phenomenainon_updb,1960_1979,africa,28,coordinate_evidence,normalized_field_present,28,0,100.000000
phenomenainon_updb,1960_1979,africa,28,source_coordinates,qualified_value,0,28,0.000000
phenomenainon_updb,1960_1979,africa,28,coordinate_precision,normalized_field_present,28,0,100.000000
phenomenainon_updb,1960_1979,africa,28,coordinate_pile_review_state,normalized_field_present,0,28,0.000000
phenomenainon_updb,1960_1979,africa,28,occurrence_date_role,raw_field_present,28,0,100.000000
phenomenainon_updb,1960_1979,africa,28,exact_date,qualified_value,28,0,100.000000
phenomenainon_updb,1960_1979,africa,28,time_of_day_raw,raw_field_present,28,0,100.000000
phenomenainon_updb,1960_1979,africa,28,time_of_day_normalized,qualified_value,0,28,0.000000
phenomenainon_updb,1960_1979,africa,28,reported_date_role,raw_field_present,0,28,0.000000
phenomenainon_updb,1960_1979,africa,28,reporting_delay_estimable,qualified_value,0,28,0.000000
phenomenainon_updb,1960_1979,africa,28,craft_normalized,normalized_field_present,18,10,64.285714
phenomenainon_updb,1960_1979,africa,28,craft_confidence,qualified_value,14,14,50.000000
phenomenainon_updb,1960_1979,africa,28,craft_classification_source,normalized_field_present,18,10,64.285714
phenomenainon_updb,1960_1979,africa,28,same_day_suitability,qualified_value,14,14,50.000000
phenomenainon_updb,1960_1979,africa,28,duplicate_lineage,normalized_field_present,28,0,100.000000
phenomenainon_updb,1960_1979,africa,28,publisher_lineage,normalized_field_present,28,0,100.000000
phenomenainon_updb,1960_1979,africa,28,independent_source_identity,normalized_field_present,28,0,100.000000
phenomenainon_updb,1960_1979,africa,28,country_assignment,derived_field_present,28,0,100.000000
phenomenainon_updb,1960_1979,africa,28,administrative_region,normalized_field_present,0,28,0.000000
phenomenainon_updb,1960_1979,africa,28,boundary_assignment_provenance,derived_field_present,28,0,100.000000
phenomenainon_updb,1960_1979,africa,28,duration_raw,raw_field_present,0,28,0.000000
phenomenainon_updb,1960_1979,africa,28,witness_count_raw,raw_explicit_value,0,28,0.000000
phenomenainon_updb,1960_1979,africa,28,sound_raw,raw_explicit_value,0,28,0.000000
phenomenainon_updb,1960_1979,africa,28,color_raw,raw_explicit_value,0,28,0.000000
phenomenainon_updb,1960_1979,africa,28,light_positive_mention,raw_positive_mention,0,28,0.000000
phenomenainon_updb,1960_1979,africa,28,behavior_raw,raw_explicit_value,0,28,0.000000
phenomenainon_updb,1960_1979,africa,28,evidence_raw,raw_explicit_value,0,28,0.000000
phenomenainon_updb,1960_1979,asia,100,coordinate_evidence,normalized_field_present,100,0,100.000000
phenomenainon_updb,1960_1979,asia,100,source_coordinates,qualified_value,0,100,0.000000
phenomenainon_updb,1960_1979,asia,100,coordinate_precision,normalized_field_present,100,0,100.000000
phenomenainon_updb,1960_1979,asia,100,coordinate_pile_review_state,normalized_field_present,0,100,0.000000
phenomenainon_updb,1960_1979,asia,100,occurrence_date_role,raw_field_present,100,0,100.000000
phenomenainon_updb,1960_1979,asia,100,exact_date,qualified_value,100,0,100.000000
phenomenainon_updb,1960_1979,asia,100,time_of_day_raw,raw_field_present,100,0,100.000000
phenomenainon_updb,1960_1979,asia,100,time_of_day_normalized,qualified_value,0,100,0.000000
phenomenainon_updb,1960_1979,asia,100,reported_date_role,raw_field_present,0,100,0.000000
phenomenainon_updb,1960_1979,asia,100,reporting_delay_estimable,qualified_value,0,100,0.000000
phenomenainon_updb,1960_1979,asia,100,craft_normalized,normalized_field_present,64,36,64.000000
phenomenainon_updb,1960_1979,asia,100,craft_confidence,qualified_value,49,51,49.000000
phenomenainon_updb,1960_1979,asia,100,craft_classification_source,normalized_field_present,64,36,64.000000
phenomenainon_updb,1960_1979,asia,100,same_day_suitability,qualified_value,44,56,44.000000
phenomenainon_updb,1960_1979,asia,100,duplicate_lineage,normalized_field_present,100,0,100.000000
phenomenainon_updb,1960_1979,asia,100,publisher_lineage,normalized_field_present,100,0,100.000000
phenomenainon_updb,1960_1979,asia,100,independent_source_identity,normalized_field_present,100,0,100.000000
phenomenainon_updb,1960_1979,asia,100,country_assignment,derived_field_present,100,0,100.000000
phenomenainon_updb,1960_1979,asia,100,administrative_region,normalized_field_present,0,100,0.000000
phenomenainon_updb,1960_1979,asia,100,boundary_assignment_provenance,derived_field_present,100,0,100.000000
phenomenainon_updb,1960_1979,asia,100,duration_raw,raw_field_present,0,100,0.000000
phenomenainon_updb,1960_1979,asia,100,witness_count_raw,raw_explicit_value,0,100,0.000000
phenomenainon_updb,1960_1979,asia,100,sound_raw,raw_explicit_value,0,100,0.000000
phenomenainon_updb,1960_1979,asia,100,color_raw,raw_explicit_value,0,100,0.000000
phenomenainon_updb,1960_1979,asia,100,light_positive_mention,raw_positive_mention,0,100,0.000000
phenomenainon_updb,1960_1979,asia,100,behavior_raw,raw_explicit_value,0,100,0.000000
phenomenainon_updb,1960_1979,asia,100,evidence_raw,raw_explicit_value,0,100,0.000000
phenomenainon_updb,1960_1979,europe,707,coordinate_evidence,normalized_field_present,707,0,100.000000
phenomenainon_updb,1960_1979,europe,707,source_coordinates,qualified_value,0,707,0.000000
phenomenainon_updb,1960_1979,europe,707,coordinate_precision,normalized_field_present,707,0,100.000000
phenomenainon_updb,1960_1979,europe,707,coordinate_pile_review_state,normalized_field_present,0,707,0.000000
phenomenainon_updb,1960_1979,europe,707,occurrence_date_role,raw_field_present,707,0,100.000000
phenomenainon_updb,1960_1979,europe,707,exact_date,qualified_value,707,0,100.000000
phenomenainon_updb,1960_1979,europe,707,time_of_day_raw,raw_field_present,707,0,100.000000
phenomenainon_updb,1960_1979,europe,707,time_of_day_normalized,qualified_value,0,707,0.000000
phenomenainon_updb,1960_1979,europe,707,reported_date_role,raw_field_present,0,707,0.000000
phenomenainon_updb,1960_1979,europe,707,reporting_delay_estimable,qualified_value,0,707,0.000000
phenomenainon_updb,1960_1979,europe,707,craft_normalized,normalized_field_present,514,193,72.701556
phenomenainon_updb,1960_1979,europe,707,craft_confidence,qualified_value,425,282,60.113154
phenomenainon_updb,1960_1979,europe,707,craft_classification_source,normalized_field_present,514,193,72.701556
phenomenainon_updb,1960_1979,europe,707,same_day_suitability,qualified_value,411,296,58.132956
phenomenainon_updb,1960_1979,europe,707,duplicate_lineage,normalized_field_present,707,0,100.000000
phenomenainon_updb,1960_1979,europe,707,publisher_lineage,normalized_field_present,707,0,100.000000
phenomenainon_updb,1960_1979,europe,707,independent_source_identity,normalized_field_present,707,0,100.000000
phenomenainon_updb,1960_1979,europe,707,country_assignment,derived_field_present,707,0,100.000000
phenomenainon_updb,1960_1979,europe,707,administrative_region,normalized_field_present,0,707,0.000000
phenomenainon_updb,1960_1979,europe,707,boundary_assignment_provenance,derived_field_present,707,0,100.000000
phenomenainon_updb,1960_1979,europe,707,duration_raw,raw_field_present,0,707,0.000000
phenomenainon_updb,1960_1979,europe,707,witness_count_raw,raw_explicit_value,0,707,0.000000
phenomenainon_updb,1960_1979,europe,707,sound_raw,raw_explicit_value,0,707,0.000000
phenomenainon_updb,1960_1979,europe,707,color_raw,raw_explicit_value,0,707,0.000000
phenomenainon_updb,1960_1979,europe,707,light_positive_mention,raw_positive_mention,0,707,0.000000
phenomenainon_updb,1960_1979,europe,707,behavior_raw,raw_explicit_value,0,707,0.000000
phenomenainon_updb,1960_1979,europe,707,evidence_raw,raw_explicit_value,0,707,0.000000
phenomenainon_updb,1960_1979,latin_america_caribbean,375,coordinate_evidence,normalized_field_present,375,0,100.000000
phenomenainon_updb,1960_1979,latin_america_caribbean,375,source_coordinates,qualified_value,0,375,0.000000
phenomenainon_updb,1960_1979,latin_america_caribbean,375,coordinate_precision,normalized_field_present,375,0,100.000000
phenomenainon_updb,1960_1979,latin_america_caribbean,375,coordinate_pile_review_state,normalized_field_present,0,375,0.000000
phenomenainon_updb,1960_1979,latin_america_caribbean,375,occurrence_date_role,raw_field_present,375,0,100.000000
phenomenainon_updb,1960_1979,latin_america_caribbean,375,exact_date,qualified_value,375,0,100.000000
phenomenainon_updb,1960_1979,latin_america_caribbean,375,time_of_day_raw,raw_field_present,375,0,100.000000
phenomenainon_updb,1960_1979,latin_america_caribbean,375,time_of_day_normalized,qualified_value,0,375,0.000000
phenomenainon_updb,1960_1979,latin_america_caribbean,375,reported_date_role,raw_field_present,0,375,0.000000
phenomenainon_updb,1960_1979,latin_america_caribbean,375,reporting_delay_estimable,qualified_value,0,375,0.000000
phenomenainon_updb,1960_1979,latin_america_caribbean,375,craft_normalized,normalized_field_present,288,87,76.800000
phenomenainon_updb,1960_1979,latin_america_caribbean,375,craft_confidence,qualified_value,138,237,36.800000
phenomenainon_updb,1960_1979,latin_america_caribbean,375,craft_classification_source,normalized_field_present,288,87,76.800000
phenomenainon_updb,1960_1979,latin_america_caribbean,375,same_day_suitability,qualified_value,137,238,36.533333
phenomenainon_updb,1960_1979,latin_america_caribbean,375,duplicate_lineage,normalized_field_present,375,0,100.000000
phenomenainon_updb,1960_1979,latin_america_caribbean,375,publisher_lineage,normalized_field_present,375,0,100.000000
phenomenainon_updb,1960_1979,latin_america_caribbean,375,independent_source_identity,normalized_field_present,375,0,100.000000
phenomenainon_updb,1960_1979,latin_america_caribbean,375,country_assignment,derived_field_present,375,0,100.000000
phenomenainon_updb,1960_1979,latin_america_caribbean,375,administrative_region,normalized_field_present,0,375,0.000000
phenomenainon_updb,1960_1979,latin_america_caribbean,375,boundary_assignment_provenance,derived_field_present,375,0,100.000000
phenomenainon_updb,1960_1979,latin_america_caribbean,375,duration_raw,raw_field_present,0,375,0.000000
phenomenainon_updb,1960_1979,latin_america_caribbean,375,witness_count_raw,raw_explicit_value,0,375,0.000000
phenomenainon_updb,1960_1979,latin_america_caribbean,375,sound_raw,raw_explicit_value,0,375,0.000000
phenomenainon_updb,1960_1979,latin_america_caribbean,375,color_raw,raw_explicit_value,0,375,0.000000
phenomenainon_updb,1960_1979,latin_america_caribbean,375,light_positive_mention,raw_positive_mention,0,375,0.000000
phenomenainon_updb,1960_1979,latin_america_caribbean,375,behavior_raw,raw_explicit_value,0,375,0.000000
phenomenainon_updb,1960_1979,latin_america_caribbean,375,evidence_raw,raw_explicit_value,0,375,0.000000
phenomenainon_updb,1960_1979,northern_america,7187,coordinate_evidence,normalized_field_present,7187,0,100.000000
phenomenainon_updb,1960_1979,northern_america,7187,source_coordinates,qualified_value,0,7187,0.000000
phenomenainon_updb,1960_1979,northern_america,7187,coordinate_precision,normalized_field_present,7187,0,100.000000
phenomenainon_updb,1960_1979,northern_america,7187,coordinate_pile_review_state,normalized_field_present,0,7187,0.000000
phenomenainon_updb,1960_1979,northern_america,7187,occurrence_date_role,raw_field_present,7187,0,100.000000
phenomenainon_updb,1960_1979,northern_america,7187,exact_date,qualified_value,7187,0,100.000000
phenomenainon_updb,1960_1979,northern_america,7187,time_of_day_raw,raw_field_present,7187,0,100.000000
phenomenainon_updb,1960_1979,northern_america,7187,time_of_day_normalized,qualified_value,0,7187,0.000000
phenomenainon_updb,1960_1979,northern_america,7187,reported_date_role,raw_field_present,0,7187,0.000000
phenomenainon_updb,1960_1979,northern_america,7187,reporting_delay_estimable,qualified_value,0,7187,0.000000
phenomenainon_updb,1960_1979,northern_america,7187,craft_normalized,normalized_field_present,4722,2465,65.701962
phenomenainon_updb,1960_1979,northern_america,7187,craft_confidence,qualified_value,3708,3479,51.593154
phenomenainon_updb,1960_1979,northern_america,7187,craft_classification_source,normalized_field_present,4722,2465,65.701962
phenomenainon_updb,1960_1979,northern_america,7187,same_day_suitability,qualified_value,3376,3811,46.973703
phenomenainon_updb,1960_1979,northern_america,7187,duplicate_lineage,normalized_field_present,7187,0,100.000000
phenomenainon_updb,1960_1979,northern_america,7187,publisher_lineage,normalized_field_present,7187,0,100.000000
phenomenainon_updb,1960_1979,northern_america,7187,independent_source_identity,normalized_field_present,7187,0,100.000000
phenomenainon_updb,1960_1979,northern_america,7187,country_assignment,derived_field_present,7187,0,100.000000
phenomenainon_updb,1960_1979,northern_america,7187,administrative_region,normalized_field_present,0,7187,0.000000
phenomenainon_updb,1960_1979,northern_america,7187,boundary_assignment_provenance,derived_field_present,7187,0,100.000000
phenomenainon_updb,1960_1979,northern_america,7187,duration_raw,raw_field_present,0,7187,0.000000
phenomenainon_updb,1960_1979,northern_america,7187,witness_count_raw,raw_explicit_value,0,7187,0.000000
phenomenainon_updb,1960_1979,northern_america,7187,sound_raw,raw_explicit_value,0,7187,0.000000
phenomenainon_updb,1960_1979,northern_america,7187,color_raw,raw_explicit_value,0,7187,0.000000
phenomenainon_updb,1960_1979,northern_america,7187,light_positive_mention,raw_positive_mention,0,7187,0.000000
phenomenainon_updb,1960_1979,northern_america,7187,behavior_raw,raw_explicit_value,0,7187,0.000000
phenomenainon_updb,1960_1979,northern_america,7187,evidence_raw,raw_explicit_value,0,7187,0.000000
phenomenainon_updb,1960_1979,oceania,419,coordinate_evidence,normalized_field_present,419,0,100.000000
phenomenainon_updb,1960_1979,oceania,419,source_coordinates,qualified_value,0,419,0.000000
phenomenainon_updb,1960_1979,oceania,419,coordinate_precision,normalized_field_present,419,0,100.000000
phenomenainon_updb,1960_1979,oceania,419,coordinate_pile_review_state,normalized_field_present,0,419,0.000000
phenomenainon_updb,1960_1979,oceania,419,occurrence_date_role,raw_field_present,419,0,100.000000
phenomenainon_updb,1960_1979,oceania,419,exact_date,qualified_value,419,0,100.000000
phenomenainon_updb,1960_1979,oceania,419,time_of_day_raw,raw_field_present,419,0,100.000000
phenomenainon_updb,1960_1979,oceania,419,time_of_day_normalized,qualified_value,0,419,0.000000
phenomenainon_updb,1960_1979,oceania,419,reported_date_role,raw_field_present,0,419,0.000000
phenomenainon_updb,1960_1979,oceania,419,reporting_delay_estimable,qualified_value,0,419,0.000000
phenomenainon_updb,1960_1979,oceania,419,craft_normalized,normalized_field_present,176,243,42.004773
phenomenainon_updb,1960_1979,oceania,419,craft_confidence,qualified_value,138,281,32.935561
phenomenainon_updb,1960_1979,oceania,419,craft_classification_source,normalized_field_present,176,243,42.004773
phenomenainon_updb,1960_1979,oceania,419,same_day_suitability,qualified_value,116,303,27.684964
phenomenainon_updb,1960_1979,oceania,419,duplicate_lineage,normalized_field_present,419,0,100.000000
phenomenainon_updb,1960_1979,oceania,419,publisher_lineage,normalized_field_present,419,0,100.000000
phenomenainon_updb,1960_1979,oceania,419,independent_source_identity,normalized_field_present,419,0,100.000000
phenomenainon_updb,1960_1979,oceania,419,country_assignment,derived_field_present,419,0,100.000000
phenomenainon_updb,1960_1979,oceania,419,administrative_region,normalized_field_present,0,419,0.000000
phenomenainon_updb,1960_1979,oceania,419,boundary_assignment_provenance,derived_field_present,419,0,100.000000
phenomenainon_updb,1960_1979,oceania,419,duration_raw,raw_field_present,0,419,0.000000
phenomenainon_updb,1960_1979,oceania,419,witness_count_raw,raw_explicit_value,0,419,0.000000
phenomenainon_updb,1960_1979,oceania,419,sound_raw,raw_explicit_value,0,419,0.000000
phenomenainon_updb,1960_1979,oceania,419,color_raw,raw_explicit_value,0,419,0.000000
phenomenainon_updb,1960_1979,oceania,419,light_positive_mention,raw_positive_mention,0,419,0.000000
phenomenainon_updb,1960_1979,oceania,419,behavior_raw,raw_explicit_value,0,419,0.000000
phenomenainon_updb,1960_1979,oceania,419,evidence_raw,raw_explicit_value,0,419,0.000000
phenomenainon_updb,1960_1979,unknown,9115,coordinate_evidence,normalized_field_present,9115,0,100.000000
phenomenainon_updb,1960_1979,unknown,9115,source_coordinates,qualified_value,0,9115,0.000000
phenomenainon_updb,1960_1979,unknown,9115,coordinate_precision,normalized_field_present,8617,498,94.536478
phenomenainon_updb,1960_1979,unknown,9115,coordinate_pile_review_state,normalized_field_present,0,9115,0.000000
phenomenainon_updb,1960_1979,unknown,9115,occurrence_date_role,raw_field_present,9115,0,100.000000
phenomenainon_updb,1960_1979,unknown,9115,exact_date,qualified_value,9115,0,100.000000
phenomenainon_updb,1960_1979,unknown,9115,time_of_day_raw,raw_field_present,9115,0,100.000000
phenomenainon_updb,1960_1979,unknown,9115,time_of_day_normalized,qualified_value,0,9115,0.000000
phenomenainon_updb,1960_1979,unknown,9115,reported_date_role,raw_field_present,0,9115,0.000000
phenomenainon_updb,1960_1979,unknown,9115,reporting_delay_estimable,qualified_value,0,9115,0.000000
phenomenainon_updb,1960_1979,unknown,9115,craft_normalized,normalized_field_present,4792,4323,52.572682
phenomenainon_updb,1960_1979,unknown,9115,craft_confidence,qualified_value,3821,5294,41.919912
phenomenainon_updb,1960_1979,unknown,9115,craft_classification_source,normalized_field_present,4792,4323,52.572682
phenomenainon_updb,1960_1979,unknown,9115,same_day_suitability,qualified_value,2872,6243,31.508502
phenomenainon_updb,1960_1979,unknown,9115,duplicate_lineage,normalized_field_present,9115,0,100.000000
phenomenainon_updb,1960_1979,unknown,9115,publisher_lineage,normalized_field_present,9115,0,100.000000
phenomenainon_updb,1960_1979,unknown,9115,independent_source_identity,normalized_field_present,9115,0,100.000000
phenomenainon_updb,1960_1979,unknown,9115,country_assignment,derived_field_present,0,9115,0.000000
phenomenainon_updb,1960_1979,unknown,9115,administrative_region,normalized_field_present,0,9115,0.000000
phenomenainon_updb,1960_1979,unknown,9115,boundary_assignment_provenance,derived_field_present,153,8962,1.678552
phenomenainon_updb,1960_1979,unknown,9115,duration_raw,raw_field_present,0,9115,0.000000
phenomenainon_updb,1960_1979,unknown,9115,witness_count_raw,raw_explicit_value,0,9115,0.000000
phenomenainon_updb,1960_1979,unknown,9115,sound_raw,raw_explicit_value,0,9115,0.000000
phenomenainon_updb,1960_1979,unknown,9115,color_raw,raw_explicit_value,0,9115,0.000000
phenomenainon_updb,1960_1979,unknown,9115,light_positive_mention,raw_positive_mention,0,9115,0.000000
phenomenainon_updb,1960_1979,unknown,9115,behavior_raw,raw_explicit_value,0,9115,0.000000
phenomenainon_updb,1960_1979,unknown,9115,evidence_raw,raw_explicit_value,0,9115,0.000000
phenomenainon_updb,1980_1999,africa,19,coordinate_evidence,normalized_field_present,19,0,100.000000
phenomenainon_updb,1980_1999,africa,19,source_coordinates,qualified_value,0,19,0.000000
phenomenainon_updb,1980_1999,africa,19,coordinate_precision,normalized_field_present,19,0,100.000000
phenomenainon_updb,1980_1999,africa,19,coordinate_pile_review_state,normalized_field_present,0,19,0.000000
phenomenainon_updb,1980_1999,africa,19,occurrence_date_role,raw_field_present,19,0,100.000000
phenomenainon_updb,1980_1999,africa,19,exact_date,qualified_value,19,0,100.000000
phenomenainon_updb,1980_1999,africa,19,time_of_day_raw,raw_field_present,19,0,100.000000
phenomenainon_updb,1980_1999,africa,19,time_of_day_normalized,qualified_value,0,19,0.000000
phenomenainon_updb,1980_1999,africa,19,reported_date_role,raw_field_present,0,19,0.000000
phenomenainon_updb,1980_1999,africa,19,reporting_delay_estimable,qualified_value,0,19,0.000000
phenomenainon_updb,1980_1999,africa,19,craft_normalized,normalized_field_present,15,4,78.947368
phenomenainon_updb,1980_1999,africa,19,craft_confidence,qualified_value,11,8,57.894737
phenomenainon_updb,1980_1999,africa,19,craft_classification_source,normalized_field_present,15,4,78.947368
phenomenainon_updb,1980_1999,africa,19,same_day_suitability,qualified_value,11,8,57.894737
phenomenainon_updb,1980_1999,africa,19,duplicate_lineage,normalized_field_present,19,0,100.000000
phenomenainon_updb,1980_1999,africa,19,publisher_lineage,normalized_field_present,19,0,100.000000
phenomenainon_updb,1980_1999,africa,19,independent_source_identity,normalized_field_present,19,0,100.000000
phenomenainon_updb,1980_1999,africa,19,country_assignment,derived_field_present,19,0,100.000000
phenomenainon_updb,1980_1999,africa,19,administrative_region,normalized_field_present,0,19,0.000000
phenomenainon_updb,1980_1999,africa,19,boundary_assignment_provenance,derived_field_present,19,0,100.000000
phenomenainon_updb,1980_1999,africa,19,duration_raw,raw_field_present,0,19,0.000000
phenomenainon_updb,1980_1999,africa,19,witness_count_raw,raw_explicit_value,0,19,0.000000
phenomenainon_updb,1980_1999,africa,19,sound_raw,raw_explicit_value,0,19,0.000000
phenomenainon_updb,1980_1999,africa,19,color_raw,raw_explicit_value,0,19,0.000000
phenomenainon_updb,1980_1999,africa,19,light_positive_mention,raw_positive_mention,0,19,0.000000
phenomenainon_updb,1980_1999,africa,19,behavior_raw,raw_explicit_value,0,19,0.000000
phenomenainon_updb,1980_1999,africa,19,evidence_raw,raw_explicit_value,0,19,0.000000
phenomenainon_updb,1980_1999,asia,123,coordinate_evidence,normalized_field_present,123,0,100.000000
phenomenainon_updb,1980_1999,asia,123,source_coordinates,qualified_value,0,123,0.000000
phenomenainon_updb,1980_1999,asia,123,coordinate_precision,normalized_field_present,123,0,100.000000
phenomenainon_updb,1980_1999,asia,123,coordinate_pile_review_state,normalized_field_present,0,123,0.000000
phenomenainon_updb,1980_1999,asia,123,occurrence_date_role,raw_field_present,123,0,100.000000
phenomenainon_updb,1980_1999,asia,123,exact_date,qualified_value,123,0,100.000000
phenomenainon_updb,1980_1999,asia,123,time_of_day_raw,raw_field_present,123,0,100.000000
phenomenainon_updb,1980_1999,asia,123,time_of_day_normalized,qualified_value,0,123,0.000000
phenomenainon_updb,1980_1999,asia,123,reported_date_role,raw_field_present,0,123,0.000000
phenomenainon_updb,1980_1999,asia,123,reporting_delay_estimable,qualified_value,0,123,0.000000
phenomenainon_updb,1980_1999,asia,123,craft_normalized,normalized_field_present,102,21,82.926829
phenomenainon_updb,1980_1999,asia,123,craft_confidence,qualified_value,84,39,68.292683
phenomenainon_updb,1980_1999,asia,123,craft_classification_source,normalized_field_present,102,21,82.926829
phenomenainon_updb,1980_1999,asia,123,same_day_suitability,qualified_value,80,43,65.040650
phenomenainon_updb,1980_1999,asia,123,duplicate_lineage,normalized_field_present,123,0,100.000000
phenomenainon_updb,1980_1999,asia,123,publisher_lineage,normalized_field_present,123,0,100.000000
phenomenainon_updb,1980_1999,asia,123,independent_source_identity,normalized_field_present,123,0,100.000000
phenomenainon_updb,1980_1999,asia,123,country_assignment,derived_field_present,123,0,100.000000
phenomenainon_updb,1980_1999,asia,123,administrative_region,normalized_field_present,0,123,0.000000
phenomenainon_updb,1980_1999,asia,123,boundary_assignment_provenance,derived_field_present,123,0,100.000000
phenomenainon_updb,1980_1999,asia,123,duration_raw,raw_field_present,0,123,0.000000
phenomenainon_updb,1980_1999,asia,123,witness_count_raw,raw_explicit_value,0,123,0.000000
phenomenainon_updb,1980_1999,asia,123,sound_raw,raw_explicit_value,0,123,0.000000
phenomenainon_updb,1980_1999,asia,123,color_raw,raw_explicit_value,0,123,0.000000
phenomenainon_updb,1980_1999,asia,123,light_positive_mention,raw_positive_mention,0,123,0.000000
phenomenainon_updb,1980_1999,asia,123,behavior_raw,raw_explicit_value,0,123,0.000000
phenomenainon_updb,1980_1999,asia,123,evidence_raw,raw_explicit_value,0,123,0.000000
phenomenainon_updb,1980_1999,europe,1609,coordinate_evidence,normalized_field_present,1609,0,100.000000
phenomenainon_updb,1980_1999,europe,1609,source_coordinates,qualified_value,0,1609,0.000000
phenomenainon_updb,1980_1999,europe,1609,coordinate_precision,normalized_field_present,1609,0,100.000000
phenomenainon_updb,1980_1999,europe,1609,coordinate_pile_review_state,normalized_field_present,0,1609,0.000000
phenomenainon_updb,1980_1999,europe,1609,occurrence_date_role,raw_field_present,1609,0,100.000000
phenomenainon_updb,1980_1999,europe,1609,exact_date,qualified_value,1609,0,100.000000
phenomenainon_updb,1980_1999,europe,1609,time_of_day_raw,raw_field_present,1609,0,100.000000
phenomenainon_updb,1980_1999,europe,1609,time_of_day_normalized,qualified_value,0,1609,0.000000
phenomenainon_updb,1980_1999,europe,1609,reported_date_role,raw_field_present,0,1609,0.000000
phenomenainon_updb,1980_1999,europe,1609,reporting_delay_estimable,qualified_value,0,1609,0.000000
phenomenainon_updb,1980_1999,europe,1609,craft_normalized,normalized_field_present,1283,326,79.738968
phenomenainon_updb,1980_1999,europe,1609,craft_confidence,qualified_value,900,709,55.935364
phenomenainon_updb,1980_1999,europe,1609,craft_classification_source,normalized_field_present,1283,326,79.738968
phenomenainon_updb,1980_1999,europe,1609,same_day_suitability,qualified_value,877,732,54.505904
phenomenainon_updb,1980_1999,europe,1609,duplicate_lineage,normalized_field_present,1609,0,100.000000
phenomenainon_updb,1980_1999,europe,1609,publisher_lineage,normalized_field_present,1609,0,100.000000
phenomenainon_updb,1980_1999,europe,1609,independent_source_identity,normalized_field_present,1609,0,100.000000
phenomenainon_updb,1980_1999,europe,1609,country_assignment,derived_field_present,1609,0,100.000000
phenomenainon_updb,1980_1999,europe,1609,administrative_region,normalized_field_present,0,1609,0.000000
phenomenainon_updb,1980_1999,europe,1609,boundary_assignment_provenance,derived_field_present,1609,0,100.000000
phenomenainon_updb,1980_1999,europe,1609,duration_raw,raw_field_present,0,1609,0.000000
phenomenainon_updb,1980_1999,europe,1609,witness_count_raw,raw_explicit_value,0,1609,0.000000
phenomenainon_updb,1980_1999,europe,1609,sound_raw,raw_explicit_value,0,1609,0.000000
phenomenainon_updb,1980_1999,europe,1609,color_raw,raw_explicit_value,0,1609,0.000000
phenomenainon_updb,1980_1999,europe,1609,light_positive_mention,raw_positive_mention,0,1609,0.000000
phenomenainon_updb,1980_1999,europe,1609,behavior_raw,raw_explicit_value,0,1609,0.000000
phenomenainon_updb,1980_1999,europe,1609,evidence_raw,raw_explicit_value,0,1609,0.000000
phenomenainon_updb,1980_1999,latin_america_caribbean,226,coordinate_evidence,normalized_field_present,226,0,100.000000
phenomenainon_updb,1980_1999,latin_america_caribbean,226,source_coordinates,qualified_value,0,226,0.000000
phenomenainon_updb,1980_1999,latin_america_caribbean,226,coordinate_precision,normalized_field_present,226,0,100.000000
phenomenainon_updb,1980_1999,latin_america_caribbean,226,coordinate_pile_review_state,normalized_field_present,0,226,0.000000
phenomenainon_updb,1980_1999,latin_america_caribbean,226,occurrence_date_role,raw_field_present,226,0,100.000000
phenomenainon_updb,1980_1999,latin_america_caribbean,226,exact_date,qualified_value,226,0,100.000000
phenomenainon_updb,1980_1999,latin_america_caribbean,226,time_of_day_raw,raw_field_present,226,0,100.000000
phenomenainon_updb,1980_1999,latin_america_caribbean,226,time_of_day_normalized,qualified_value,0,226,0.000000
phenomenainon_updb,1980_1999,latin_america_caribbean,226,reported_date_role,raw_field_present,0,226,0.000000
phenomenainon_updb,1980_1999,latin_america_caribbean,226,reporting_delay_estimable,qualified_value,0,226,0.000000
phenomenainon_updb,1980_1999,latin_america_caribbean,226,craft_normalized,normalized_field_present,162,64,71.681416
phenomenainon_updb,1980_1999,latin_america_caribbean,226,craft_confidence,qualified_value,118,108,52.212389
phenomenainon_updb,1980_1999,latin_america_caribbean,226,craft_classification_source,normalized_field_present,162,64,71.681416
phenomenainon_updb,1980_1999,latin_america_caribbean,226,same_day_suitability,qualified_value,117,109,51.769912
phenomenainon_updb,1980_1999,latin_america_caribbean,226,duplicate_lineage,normalized_field_present,226,0,100.000000
phenomenainon_updb,1980_1999,latin_america_caribbean,226,publisher_lineage,normalized_field_present,226,0,100.000000
phenomenainon_updb,1980_1999,latin_america_caribbean,226,independent_source_identity,normalized_field_present,226,0,100.000000
phenomenainon_updb,1980_1999,latin_america_caribbean,226,country_assignment,derived_field_present,226,0,100.000000
phenomenainon_updb,1980_1999,latin_america_caribbean,226,administrative_region,normalized_field_present,0,226,0.000000
phenomenainon_updb,1980_1999,latin_america_caribbean,226,boundary_assignment_provenance,derived_field_present,226,0,100.000000
phenomenainon_updb,1980_1999,latin_america_caribbean,226,duration_raw,raw_field_present,0,226,0.000000
phenomenainon_updb,1980_1999,latin_america_caribbean,226,witness_count_raw,raw_explicit_value,0,226,0.000000
phenomenainon_updb,1980_1999,latin_america_caribbean,226,sound_raw,raw_explicit_value,0,226,0.000000
phenomenainon_updb,1980_1999,latin_america_caribbean,226,color_raw,raw_explicit_value,0,226,0.000000
phenomenainon_updb,1980_1999,latin_america_caribbean,226,light_positive_mention,raw_positive_mention,0,226,0.000000
phenomenainon_updb,1980_1999,latin_america_caribbean,226,behavior_raw,raw_explicit_value,0,226,0.000000
phenomenainon_updb,1980_1999,latin_america_caribbean,226,evidence_raw,raw_explicit_value,0,226,0.000000
phenomenainon_updb,1980_1999,northern_america,7910,coordinate_evidence,normalized_field_present,7910,0,100.000000
phenomenainon_updb,1980_1999,northern_america,7910,source_coordinates,qualified_value,0,7910,0.000000
phenomenainon_updb,1980_1999,northern_america,7910,coordinate_precision,normalized_field_present,7910,0,100.000000
phenomenainon_updb,1980_1999,northern_america,7910,coordinate_pile_review_state,normalized_field_present,0,7910,0.000000
phenomenainon_updb,1980_1999,northern_america,7910,occurrence_date_role,raw_field_present,7910,0,100.000000
phenomenainon_updb,1980_1999,northern_america,7910,exact_date,qualified_value,7910,0,100.000000
phenomenainon_updb,1980_1999,northern_america,7910,time_of_day_raw,raw_field_present,7910,0,100.000000
phenomenainon_updb,1980_1999,northern_america,7910,time_of_day_normalized,qualified_value,0,7910,0.000000
phenomenainon_updb,1980_1999,northern_america,7910,reported_date_role,raw_field_present,0,7910,0.000000
phenomenainon_updb,1980_1999,northern_america,7910,reporting_delay_estimable,qualified_value,0,7910,0.000000
phenomenainon_updb,1980_1999,northern_america,7910,craft_normalized,normalized_field_present,6771,1139,85.600506
phenomenainon_updb,1980_1999,northern_america,7910,craft_confidence,qualified_value,5266,2644,66.573957
phenomenainon_updb,1980_1999,northern_america,7910,craft_classification_source,normalized_field_present,6771,1139,85.600506
phenomenainon_updb,1980_1999,northern_america,7910,same_day_suitability,qualified_value,5000,2910,63.211125
phenomenainon_updb,1980_1999,northern_america,7910,duplicate_lineage,normalized_field_present,7910,0,100.000000
phenomenainon_updb,1980_1999,northern_america,7910,publisher_lineage,normalized_field_present,7910,0,100.000000
phenomenainon_updb,1980_1999,northern_america,7910,independent_source_identity,normalized_field_present,7910,0,100.000000
phenomenainon_updb,1980_1999,northern_america,7910,country_assignment,derived_field_present,7910,0,100.000000
phenomenainon_updb,1980_1999,northern_america,7910,administrative_region,normalized_field_present,0,7910,0.000000
phenomenainon_updb,1980_1999,northern_america,7910,boundary_assignment_provenance,derived_field_present,7910,0,100.000000
phenomenainon_updb,1980_1999,northern_america,7910,duration_raw,raw_field_present,0,7910,0.000000
phenomenainon_updb,1980_1999,northern_america,7910,witness_count_raw,raw_explicit_value,0,7910,0.000000
phenomenainon_updb,1980_1999,northern_america,7910,sound_raw,raw_explicit_value,0,7910,0.000000
phenomenainon_updb,1980_1999,northern_america,7910,color_raw,raw_explicit_value,0,7910,0.000000
phenomenainon_updb,1980_1999,northern_america,7910,light_positive_mention,raw_positive_mention,0,7910,0.000000
phenomenainon_updb,1980_1999,northern_america,7910,behavior_raw,raw_explicit_value,0,7910,0.000000
phenomenainon_updb,1980_1999,northern_america,7910,evidence_raw,raw_explicit_value,0,7910,0.000000
phenomenainon_updb,1980_1999,oceania,299,coordinate_evidence,normalized_field_present,299,0,100.000000
phenomenainon_updb,1980_1999,oceania,299,source_coordinates,qualified_value,0,299,0.000000
phenomenainon_updb,1980_1999,oceania,299,coordinate_precision,normalized_field_present,299,0,100.000000
phenomenainon_updb,1980_1999,oceania,299,coordinate_pile_review_state,normalized_field_present,0,299,0.000000
phenomenainon_updb,1980_1999,oceania,299,occurrence_date_role,raw_field_present,299,0,100.000000
phenomenainon_updb,1980_1999,oceania,299,exact_date,qualified_value,299,0,100.000000
phenomenainon_updb,1980_1999,oceania,299,time_of_day_raw,raw_field_present,299,0,100.000000
phenomenainon_updb,1980_1999,oceania,299,time_of_day_normalized,qualified_value,0,299,0.000000
phenomenainon_updb,1980_1999,oceania,299,reported_date_role,raw_field_present,0,299,0.000000
phenomenainon_updb,1980_1999,oceania,299,reporting_delay_estimable,qualified_value,0,299,0.000000
phenomenainon_updb,1980_1999,oceania,299,craft_normalized,normalized_field_present,236,63,78.929766
phenomenainon_updb,1980_1999,oceania,299,craft_confidence,qualified_value,141,158,47.157191
phenomenainon_updb,1980_1999,oceania,299,craft_classification_source,normalized_field_present,236,63,78.929766
phenomenainon_updb,1980_1999,oceania,299,same_day_suitability,qualified_value,138,161,46.153846
phenomenainon_updb,1980_1999,oceania,299,duplicate_lineage,normalized_field_present,299,0,100.000000
phenomenainon_updb,1980_1999,oceania,299,publisher_lineage,normalized_field_present,299,0,100.000000
phenomenainon_updb,1980_1999,oceania,299,independent_source_identity,normalized_field_present,299,0,100.000000
phenomenainon_updb,1980_1999,oceania,299,country_assignment,derived_field_present,299,0,100.000000
phenomenainon_updb,1980_1999,oceania,299,administrative_region,normalized_field_present,0,299,0.000000
phenomenainon_updb,1980_1999,oceania,299,boundary_assignment_provenance,derived_field_present,299,0,100.000000
phenomenainon_updb,1980_1999,oceania,299,duration_raw,raw_field_present,0,299,0.000000
phenomenainon_updb,1980_1999,oceania,299,witness_count_raw,raw_explicit_value,0,299,0.000000
phenomenainon_updb,1980_1999,oceania,299,sound_raw,raw_explicit_value,0,299,0.000000
phenomenainon_updb,1980_1999,oceania,299,color_raw,raw_explicit_value,0,299,0.000000
phenomenainon_updb,1980_1999,oceania,299,light_positive_mention,raw_positive_mention,0,299,0.000000
phenomenainon_updb,1980_1999,oceania,299,behavior_raw,raw_explicit_value,0,299,0.000000
phenomenainon_updb,1980_1999,oceania,299,evidence_raw,raw_explicit_value,0,299,0.000000
phenomenainon_updb,1980_1999,unknown,8808,coordinate_evidence,normalized_field_present,8808,0,100.000000
phenomenainon_updb,1980_1999,unknown,8808,source_coordinates,qualified_value,0,8808,0.000000
phenomenainon_updb,1980_1999,unknown,8808,coordinate_precision,normalized_field_present,8689,119,98.648955
phenomenainon_updb,1980_1999,unknown,8808,coordinate_pile_review_state,normalized_field_present,0,8808,0.000000
phenomenainon_updb,1980_1999,unknown,8808,occurrence_date_role,raw_field_present,8808,0,100.000000
phenomenainon_updb,1980_1999,unknown,8808,exact_date,qualified_value,8808,0,100.000000
phenomenainon_updb,1980_1999,unknown,8808,time_of_day_raw,raw_field_present,8808,0,100.000000
phenomenainon_updb,1980_1999,unknown,8808,time_of_day_normalized,qualified_value,0,8808,0.000000
phenomenainon_updb,1980_1999,unknown,8808,reported_date_role,raw_field_present,0,8808,0.000000
phenomenainon_updb,1980_1999,unknown,8808,reporting_delay_estimable,qualified_value,0,8808,0.000000
phenomenainon_updb,1980_1999,unknown,8808,craft_normalized,normalized_field_present,6793,2015,77.123070
phenomenainon_updb,1980_1999,unknown,8808,craft_confidence,qualified_value,4959,3849,56.301090
phenomenainon_updb,1980_1999,unknown,8808,craft_classification_source,normalized_field_present,6793,2015,77.123070
phenomenainon_updb,1980_1999,unknown,8808,same_day_suitability,qualified_value,4706,4102,53.428701
phenomenainon_updb,1980_1999,unknown,8808,duplicate_lineage,normalized_field_present,8808,0,100.000000
phenomenainon_updb,1980_1999,unknown,8808,publisher_lineage,normalized_field_present,8808,0,100.000000
phenomenainon_updb,1980_1999,unknown,8808,independent_source_identity,normalized_field_present,8808,0,100.000000
phenomenainon_updb,1980_1999,unknown,8808,country_assignment,derived_field_present,0,8808,0.000000
phenomenainon_updb,1980_1999,unknown,8808,administrative_region,normalized_field_present,0,8808,0.000000
phenomenainon_updb,1980_1999,unknown,8808,boundary_assignment_provenance,derived_field_present,273,8535,3.099455
phenomenainon_updb,1980_1999,unknown,8808,duration_raw,raw_field_present,0,8808,0.000000
phenomenainon_updb,1980_1999,unknown,8808,witness_count_raw,raw_explicit_value,0,8808,0.000000
phenomenainon_updb,1980_1999,unknown,8808,sound_raw,raw_explicit_value,0,8808,0.000000
phenomenainon_updb,1980_1999,unknown,8808,color_raw,raw_explicit_value,0,8808,0.000000
phenomenainon_updb,1980_1999,unknown,8808,light_positive_mention,raw_positive_mention,0,8808,0.000000
phenomenainon_updb,1980_1999,unknown,8808,behavior_raw,raw_explicit_value,0,8808,0.000000
phenomenainon_updb,1980_1999,unknown,8808,evidence_raw,raw_explicit_value,0,8808,0.000000
phenomenainon_updb,2000_2009,africa,63,coordinate_evidence,normalized_field_present,63,0,100.000000
phenomenainon_updb,2000_2009,africa,63,source_coordinates,qualified_value,0,63,0.000000
phenomenainon_updb,2000_2009,africa,63,coordinate_precision,normalized_field_present,63,0,100.000000
phenomenainon_updb,2000_2009,africa,63,coordinate_pile_review_state,normalized_field_present,0,63,0.000000
phenomenainon_updb,2000_2009,africa,63,occurrence_date_role,raw_field_present,63,0,100.000000
phenomenainon_updb,2000_2009,africa,63,exact_date,qualified_value,63,0,100.000000
phenomenainon_updb,2000_2009,africa,63,time_of_day_raw,raw_field_present,63,0,100.000000
phenomenainon_updb,2000_2009,africa,63,time_of_day_normalized,qualified_value,0,63,0.000000
phenomenainon_updb,2000_2009,africa,63,reported_date_role,raw_field_present,0,63,0.000000
phenomenainon_updb,2000_2009,africa,63,reporting_delay_estimable,qualified_value,0,63,0.000000
phenomenainon_updb,2000_2009,africa,63,craft_normalized,normalized_field_present,59,4,93.650794
phenomenainon_updb,2000_2009,africa,63,craft_confidence,qualified_value,50,13,79.365079
phenomenainon_updb,2000_2009,africa,63,craft_classification_source,normalized_field_present,59,4,93.650794
phenomenainon_updb,2000_2009,africa,63,same_day_suitability,qualified_value,46,17,73.015873
phenomenainon_updb,2000_2009,africa,63,duplicate_lineage,normalized_field_present,63,0,100.000000
phenomenainon_updb,2000_2009,africa,63,publisher_lineage,normalized_field_present,63,0,100.000000
phenomenainon_updb,2000_2009,africa,63,independent_source_identity,normalized_field_present,63,0,100.000000
phenomenainon_updb,2000_2009,africa,63,country_assignment,derived_field_present,63,0,100.000000
phenomenainon_updb,2000_2009,africa,63,administrative_region,normalized_field_present,0,63,0.000000
phenomenainon_updb,2000_2009,africa,63,boundary_assignment_provenance,derived_field_present,63,0,100.000000
phenomenainon_updb,2000_2009,africa,63,duration_raw,raw_field_present,0,63,0.000000
phenomenainon_updb,2000_2009,africa,63,witness_count_raw,raw_explicit_value,0,63,0.000000
phenomenainon_updb,2000_2009,africa,63,sound_raw,raw_explicit_value,0,63,0.000000
phenomenainon_updb,2000_2009,africa,63,color_raw,raw_explicit_value,0,63,0.000000
phenomenainon_updb,2000_2009,africa,63,light_positive_mention,raw_positive_mention,0,63,0.000000
phenomenainon_updb,2000_2009,africa,63,behavior_raw,raw_explicit_value,0,63,0.000000
phenomenainon_updb,2000_2009,africa,63,evidence_raw,raw_explicit_value,0,63,0.000000
phenomenainon_updb,2000_2009,asia,356,coordinate_evidence,normalized_field_present,356,0,100.000000
phenomenainon_updb,2000_2009,asia,356,source_coordinates,qualified_value,0,356,0.000000
phenomenainon_updb,2000_2009,asia,356,coordinate_precision,normalized_field_present,356,0,100.000000
phenomenainon_updb,2000_2009,asia,356,coordinate_pile_review_state,normalized_field_present,0,356,0.000000
phenomenainon_updb,2000_2009,asia,356,occurrence_date_role,raw_field_present,356,0,100.000000
phenomenainon_updb,2000_2009,asia,356,exact_date,qualified_value,356,0,100.000000
phenomenainon_updb,2000_2009,asia,356,time_of_day_raw,raw_field_present,356,0,100.000000
phenomenainon_updb,2000_2009,asia,356,time_of_day_normalized,qualified_value,0,356,0.000000
phenomenainon_updb,2000_2009,asia,356,reported_date_role,raw_field_present,0,356,0.000000
phenomenainon_updb,2000_2009,asia,356,reporting_delay_estimable,qualified_value,0,356,0.000000
phenomenainon_updb,2000_2009,asia,356,craft_normalized,normalized_field_present,318,38,89.325843
phenomenainon_updb,2000_2009,asia,356,craft_confidence,qualified_value,246,110,69.101124
phenomenainon_updb,2000_2009,asia,356,craft_classification_source,normalized_field_present,318,38,89.325843
phenomenainon_updb,2000_2009,asia,356,same_day_suitability,qualified_value,234,122,65.730337
phenomenainon_updb,2000_2009,asia,356,duplicate_lineage,normalized_field_present,356,0,100.000000
phenomenainon_updb,2000_2009,asia,356,publisher_lineage,normalized_field_present,356,0,100.000000
phenomenainon_updb,2000_2009,asia,356,independent_source_identity,normalized_field_present,356,0,100.000000
phenomenainon_updb,2000_2009,asia,356,country_assignment,derived_field_present,356,0,100.000000
phenomenainon_updb,2000_2009,asia,356,administrative_region,normalized_field_present,0,356,0.000000
phenomenainon_updb,2000_2009,asia,356,boundary_assignment_provenance,derived_field_present,356,0,100.000000
phenomenainon_updb,2000_2009,asia,356,duration_raw,raw_field_present,0,356,0.000000
phenomenainon_updb,2000_2009,asia,356,witness_count_raw,raw_explicit_value,0,356,0.000000
phenomenainon_updb,2000_2009,asia,356,sound_raw,raw_explicit_value,0,356,0.000000
phenomenainon_updb,2000_2009,asia,356,color_raw,raw_explicit_value,0,356,0.000000
phenomenainon_updb,2000_2009,asia,356,light_positive_mention,raw_positive_mention,0,356,0.000000
phenomenainon_updb,2000_2009,asia,356,behavior_raw,raw_explicit_value,0,356,0.000000
phenomenainon_updb,2000_2009,asia,356,evidence_raw,raw_explicit_value,0,356,0.000000
phenomenainon_updb,2000_2009,europe,1959,coordinate_evidence,normalized_field_present,1959,0,100.000000
phenomenainon_updb,2000_2009,europe,1959,source_coordinates,qualified_value,0,1959,0.000000
phenomenainon_updb,2000_2009,europe,1959,coordinate_precision,normalized_field_present,1959,0,100.000000
phenomenainon_updb,2000_2009,europe,1959,coordinate_pile_review_state,normalized_field_present,0,1959,0.000000
phenomenainon_updb,2000_2009,europe,1959,occurrence_date_role,raw_field_present,1959,0,100.000000
phenomenainon_updb,2000_2009,europe,1959,exact_date,qualified_value,1959,0,100.000000
phenomenainon_updb,2000_2009,europe,1959,time_of_day_raw,raw_field_present,1959,0,100.000000
phenomenainon_updb,2000_2009,europe,1959,time_of_day_normalized,qualified_value,0,1959,0.000000
phenomenainon_updb,2000_2009,europe,1959,reported_date_role,raw_field_present,0,1959,0.000000
phenomenainon_updb,2000_2009,europe,1959,reporting_delay_estimable,qualified_value,0,1959,0.000000
phenomenainon_updb,2000_2009,europe,1959,craft_normalized,normalized_field_present,1799,160,91.832568
phenomenainon_updb,2000_2009,europe,1959,craft_confidence,qualified_value,1397,562,71.311894
phenomenainon_updb,2000_2009,europe,1959,craft_classification_source,normalized_field_present,1799,160,91.832568
phenomenainon_updb,2000_2009,europe,1959,same_day_suitability,qualified_value,1329,630,67.840735
phenomenainon_updb,2000_2009,europe,1959,duplicate_lineage,normalized_field_present,1959,0,100.000000
phenomenainon_updb,2000_2009,europe,1959,publisher_lineage,normalized_field_present,1959,0,100.000000
phenomenainon_updb,2000_2009,europe,1959,independent_source_identity,normalized_field_present,1959,0,100.000000
phenomenainon_updb,2000_2009,europe,1959,country_assignment,derived_field_present,1959,0,100.000000
phenomenainon_updb,2000_2009,europe,1959,administrative_region,normalized_field_present,0,1959,0.000000
phenomenainon_updb,2000_2009,europe,1959,boundary_assignment_provenance,derived_field_present,1959,0,100.000000
phenomenainon_updb,2000_2009,europe,1959,duration_raw,raw_field_present,0,1959,0.000000
phenomenainon_updb,2000_2009,europe,1959,witness_count_raw,raw_explicit_value,0,1959,0.000000
phenomenainon_updb,2000_2009,europe,1959,sound_raw,raw_explicit_value,0,1959,0.000000
phenomenainon_updb,2000_2009,europe,1959,color_raw,raw_explicit_value,0,1959,0.000000
phenomenainon_updb,2000_2009,europe,1959,light_positive_mention,raw_positive_mention,0,1959,0.000000
phenomenainon_updb,2000_2009,europe,1959,behavior_raw,raw_explicit_value,0,1959,0.000000
phenomenainon_updb,2000_2009,europe,1959,evidence_raw,raw_explicit_value,0,1959,0.000000
phenomenainon_updb,2000_2009,latin_america_caribbean,362,coordinate_evidence,normalized_field_present,362,0,100.000000
phenomenainon_updb,2000_2009,latin_america_caribbean,362,source_coordinates,qualified_value,0,362,0.000000
phenomenainon_updb,2000_2009,latin_america_caribbean,362,coordinate_precision,normalized_field_present,362,0,100.000000
phenomenainon_updb,2000_2009,latin_america_caribbean,362,coordinate_pile_review_state,normalized_field_present,0,362,0.000000
phenomenainon_updb,2000_2009,latin_america_caribbean,362,occurrence_date_role,raw_field_present,362,0,100.000000
phenomenainon_updb,2000_2009,latin_america_caribbean,362,exact_date,qualified_value,362,0,100.000000
phenomenainon_updb,2000_2009,latin_america_caribbean,362,time_of_day_raw,raw_field_present,362,0,100.000000
phenomenainon_updb,2000_2009,latin_america_caribbean,362,time_of_day_normalized,qualified_value,0,362,0.000000
phenomenainon_updb,2000_2009,latin_america_caribbean,362,reported_date_role,raw_field_present,0,362,0.000000
phenomenainon_updb,2000_2009,latin_america_caribbean,362,reporting_delay_estimable,qualified_value,0,362,0.000000
phenomenainon_updb,2000_2009,latin_america_caribbean,362,craft_normalized,normalized_field_present,294,68,81.215470
phenomenainon_updb,2000_2009,latin_america_caribbean,362,craft_confidence,qualified_value,228,134,62.983425
phenomenainon_updb,2000_2009,latin_america_caribbean,362,craft_classification_source,normalized_field_present,294,68,81.215470
phenomenainon_updb,2000_2009,latin_america_caribbean,362,same_day_suitability,qualified_value,218,144,60.220994
phenomenainon_updb,2000_2009,latin_america_caribbean,362,duplicate_lineage,normalized_field_present,362,0,100.000000
phenomenainon_updb,2000_2009,latin_america_caribbean,362,publisher_lineage,normalized_field_present,362,0,100.000000
phenomenainon_updb,2000_2009,latin_america_caribbean,362,independent_source_identity,normalized_field_present,362,0,100.000000
phenomenainon_updb,2000_2009,latin_america_caribbean,362,country_assignment,derived_field_present,362,0,100.000000
phenomenainon_updb,2000_2009,latin_america_caribbean,362,administrative_region,normalized_field_present,0,362,0.000000
phenomenainon_updb,2000_2009,latin_america_caribbean,362,boundary_assignment_provenance,derived_field_present,362,0,100.000000
phenomenainon_updb,2000_2009,latin_america_caribbean,362,duration_raw,raw_field_present,0,362,0.000000
phenomenainon_updb,2000_2009,latin_america_caribbean,362,witness_count_raw,raw_explicit_value,0,362,0.000000
phenomenainon_updb,2000_2009,latin_america_caribbean,362,sound_raw,raw_explicit_value,0,362,0.000000
phenomenainon_updb,2000_2009,latin_america_caribbean,362,color_raw,raw_explicit_value,0,362,0.000000
phenomenainon_updb,2000_2009,latin_america_caribbean,362,light_positive_mention,raw_positive_mention,0,362,0.000000
phenomenainon_updb,2000_2009,latin_america_caribbean,362,behavior_raw,raw_explicit_value,0,362,0.000000
phenomenainon_updb,2000_2009,latin_america_caribbean,362,evidence_raw,raw_explicit_value,0,362,0.000000
phenomenainon_updb,2000_2009,northern_america,15739,coordinate_evidence,normalized_field_present,15739,0,100.000000
phenomenainon_updb,2000_2009,northern_america,15739,source_coordinates,qualified_value,0,15739,0.000000
phenomenainon_updb,2000_2009,northern_america,15739,coordinate_precision,normalized_field_present,15739,0,100.000000
phenomenainon_updb,2000_2009,northern_america,15739,coordinate_pile_review_state,normalized_field_present,0,15739,0.000000
phenomenainon_updb,2000_2009,northern_america,15739,occurrence_date_role,raw_field_present,15739,0,100.000000
phenomenainon_updb,2000_2009,northern_america,15739,exact_date,qualified_value,15739,0,100.000000
phenomenainon_updb,2000_2009,northern_america,15739,time_of_day_raw,raw_field_present,15739,0,100.000000
phenomenainon_updb,2000_2009,northern_america,15739,time_of_day_normalized,qualified_value,0,15739,0.000000
phenomenainon_updb,2000_2009,northern_america,15739,reported_date_role,raw_field_present,0,15739,0.000000
phenomenainon_updb,2000_2009,northern_america,15739,reporting_delay_estimable,qualified_value,0,15739,0.000000
phenomenainon_updb,2000_2009,northern_america,15739,craft_normalized,normalized_field_present,14551,1188,92.451871
phenomenainon_updb,2000_2009,northern_america,15739,craft_confidence,qualified_value,10904,4835,69.280132
phenomenainon_updb,2000_2009,northern_america,15739,craft_classification_source,normalized_field_present,14551,1188,92.451871
phenomenainon_updb,2000_2009,northern_america,15739,same_day_suitability,qualified_value,9941,5798,63.161573
phenomenainon_updb,2000_2009,northern_america,15739,duplicate_lineage,normalized_field_present,15739,0,100.000000
phenomenainon_updb,2000_2009,northern_america,15739,publisher_lineage,normalized_field_present,15739,0,100.000000
phenomenainon_updb,2000_2009,northern_america,15739,independent_source_identity,normalized_field_present,15739,0,100.000000
phenomenainon_updb,2000_2009,northern_america,15739,country_assignment,derived_field_present,15739,0,100.000000
phenomenainon_updb,2000_2009,northern_america,15739,administrative_region,normalized_field_present,0,15739,0.000000
phenomenainon_updb,2000_2009,northern_america,15739,boundary_assignment_provenance,derived_field_present,15739,0,100.000000
phenomenainon_updb,2000_2009,northern_america,15739,duration_raw,raw_field_present,0,15739,0.000000
phenomenainon_updb,2000_2009,northern_america,15739,witness_count_raw,raw_explicit_value,0,15739,0.000000
phenomenainon_updb,2000_2009,northern_america,15739,sound_raw,raw_explicit_value,0,15739,0.000000
phenomenainon_updb,2000_2009,northern_america,15739,color_raw,raw_explicit_value,0,15739,0.000000
phenomenainon_updb,2000_2009,northern_america,15739,light_positive_mention,raw_positive_mention,0,15739,0.000000
phenomenainon_updb,2000_2009,northern_america,15739,behavior_raw,raw_explicit_value,0,15739,0.000000
phenomenainon_updb,2000_2009,northern_america,15739,evidence_raw,raw_explicit_value,0,15739,0.000000
phenomenainon_updb,2000_2009,oceania,270,coordinate_evidence,normalized_field_present,270,0,100.000000
phenomenainon_updb,2000_2009,oceania,270,source_coordinates,qualified_value,0,270,0.000000
phenomenainon_updb,2000_2009,oceania,270,coordinate_precision,normalized_field_present,270,0,100.000000
phenomenainon_updb,2000_2009,oceania,270,coordinate_pile_review_state,normalized_field_present,0,270,0.000000
phenomenainon_updb,2000_2009,oceania,270,occurrence_date_role,raw_field_present,270,0,100.000000
phenomenainon_updb,2000_2009,oceania,270,exact_date,qualified_value,270,0,100.000000
phenomenainon_updb,2000_2009,oceania,270,time_of_day_raw,raw_field_present,270,0,100.000000
phenomenainon_updb,2000_2009,oceania,270,time_of_day_normalized,qualified_value,0,270,0.000000
phenomenainon_updb,2000_2009,oceania,270,reported_date_role,raw_field_present,0,270,0.000000
phenomenainon_updb,2000_2009,oceania,270,reporting_delay_estimable,qualified_value,0,270,0.000000
phenomenainon_updb,2000_2009,oceania,270,craft_normalized,normalized_field_present,240,30,88.888889
phenomenainon_updb,2000_2009,oceania,270,craft_confidence,qualified_value,175,95,64.814815
phenomenainon_updb,2000_2009,oceania,270,craft_classification_source,normalized_field_present,240,30,88.888889
phenomenainon_updb,2000_2009,oceania,270,same_day_suitability,qualified_value,161,109,59.629630
phenomenainon_updb,2000_2009,oceania,270,duplicate_lineage,normalized_field_present,270,0,100.000000
phenomenainon_updb,2000_2009,oceania,270,publisher_lineage,normalized_field_present,270,0,100.000000
phenomenainon_updb,2000_2009,oceania,270,independent_source_identity,normalized_field_present,270,0,100.000000
phenomenainon_updb,2000_2009,oceania,270,country_assignment,derived_field_present,270,0,100.000000
phenomenainon_updb,2000_2009,oceania,270,administrative_region,normalized_field_present,0,270,0.000000
phenomenainon_updb,2000_2009,oceania,270,boundary_assignment_provenance,derived_field_present,270,0,100.000000
phenomenainon_updb,2000_2009,oceania,270,duration_raw,raw_field_present,0,270,0.000000
phenomenainon_updb,2000_2009,oceania,270,witness_count_raw,raw_explicit_value,0,270,0.000000
phenomenainon_updb,2000_2009,oceania,270,sound_raw,raw_explicit_value,0,270,0.000000
phenomenainon_updb,2000_2009,oceania,270,color_raw,raw_explicit_value,0,270,0.000000
phenomenainon_updb,2000_2009,oceania,270,light_positive_mention,raw_positive_mention,0,270,0.000000
phenomenainon_updb,2000_2009,oceania,270,behavior_raw,raw_explicit_value,0,270,0.000000
phenomenainon_updb,2000_2009,oceania,270,evidence_raw,raw_explicit_value,0,270,0.000000
phenomenainon_updb,2000_2009,unknown,7974,coordinate_evidence,normalized_field_present,7974,0,100.000000
phenomenainon_updb,2000_2009,unknown,7974,source_coordinates,qualified_value,0,7974,0.000000
phenomenainon_updb,2000_2009,unknown,7974,coordinate_precision,normalized_field_present,7795,179,97.755204
phenomenainon_updb,2000_2009,unknown,7974,coordinate_pile_review_state,normalized_field_present,0,7974,0.000000
phenomenainon_updb,2000_2009,unknown,7974,occurrence_date_role,raw_field_present,7974,0,100.000000
phenomenainon_updb,2000_2009,unknown,7974,exact_date,qualified_value,7974,0,100.000000
phenomenainon_updb,2000_2009,unknown,7974,time_of_day_raw,raw_field_present,7974,0,100.000000
phenomenainon_updb,2000_2009,unknown,7974,time_of_day_normalized,qualified_value,0,7974,0.000000
phenomenainon_updb,2000_2009,unknown,7974,reported_date_role,raw_field_present,0,7974,0.000000
phenomenainon_updb,2000_2009,unknown,7974,reporting_delay_estimable,qualified_value,0,7974,0.000000
phenomenainon_updb,2000_2009,unknown,7974,craft_normalized,normalized_field_present,7111,863,89.177326
phenomenainon_updb,2000_2009,unknown,7974,craft_confidence,qualified_value,5347,2627,67.055430
phenomenainon_updb,2000_2009,unknown,7974,craft_classification_source,normalized_field_present,7111,863,89.177326
phenomenainon_updb,2000_2009,unknown,7974,same_day_suitability,qualified_value,5030,2944,63.080010
phenomenainon_updb,2000_2009,unknown,7974,duplicate_lineage,normalized_field_present,7974,0,100.000000
phenomenainon_updb,2000_2009,unknown,7974,publisher_lineage,normalized_field_present,7974,0,100.000000
phenomenainon_updb,2000_2009,unknown,7974,independent_source_identity,normalized_field_present,7974,0,100.000000
phenomenainon_updb,2000_2009,unknown,7974,country_assignment,derived_field_present,0,7974,0.000000
phenomenainon_updb,2000_2009,unknown,7974,administrative_region,normalized_field_present,0,7974,0.000000
phenomenainon_updb,2000_2009,unknown,7974,boundary_assignment_provenance,derived_field_present,518,7456,6.496112
phenomenainon_updb,2000_2009,unknown,7974,duration_raw,raw_field_present,0,7974,0.000000
phenomenainon_updb,2000_2009,unknown,7974,witness_count_raw,raw_explicit_value,0,7974,0.000000
phenomenainon_updb,2000_2009,unknown,7974,sound_raw,raw_explicit_value,0,7974,0.000000
phenomenainon_updb,2000_2009,unknown,7974,color_raw,raw_explicit_value,0,7974,0.000000
phenomenainon_updb,2000_2009,unknown,7974,light_positive_mention,raw_positive_mention,0,7974,0.000000
phenomenainon_updb,2000_2009,unknown,7974,behavior_raw,raw_explicit_value,0,7974,0.000000
phenomenainon_updb,2000_2009,unknown,7974,evidence_raw,raw_explicit_value,0,7974,0.000000
phenomenainon_updb,2010_2019,africa,171,coordinate_evidence,normalized_field_present,171,0,100.000000
phenomenainon_updb,2010_2019,africa,171,source_coordinates,qualified_value,0,171,0.000000
phenomenainon_updb,2010_2019,africa,171,coordinate_precision,normalized_field_present,171,0,100.000000
phenomenainon_updb,2010_2019,africa,171,coordinate_pile_review_state,normalized_field_present,0,171,0.000000
phenomenainon_updb,2010_2019,africa,171,occurrence_date_role,raw_field_present,171,0,100.000000
phenomenainon_updb,2010_2019,africa,171,exact_date,qualified_value,171,0,100.000000
phenomenainon_updb,2010_2019,africa,171,time_of_day_raw,raw_field_present,171,0,100.000000
phenomenainon_updb,2010_2019,africa,171,time_of_day_normalized,qualified_value,0,171,0.000000
phenomenainon_updb,2010_2019,africa,171,reported_date_role,raw_field_present,0,171,0.000000
phenomenainon_updb,2010_2019,africa,171,reporting_delay_estimable,qualified_value,0,171,0.000000
phenomenainon_updb,2010_2019,africa,171,craft_normalized,normalized_field_present,133,38,77.777778
phenomenainon_updb,2010_2019,africa,171,craft_confidence,qualified_value,105,66,61.403509
phenomenainon_updb,2010_2019,africa,171,craft_classification_source,normalized_field_present,133,38,77.777778
phenomenainon_updb,2010_2019,africa,171,same_day_suitability,qualified_value,98,73,57.309942
phenomenainon_updb,2010_2019,africa,171,duplicate_lineage,normalized_field_present,171,0,100.000000
phenomenainon_updb,2010_2019,africa,171,publisher_lineage,normalized_field_present,171,0,100.000000
phenomenainon_updb,2010_2019,africa,171,independent_source_identity,normalized_field_present,171,0,100.000000
phenomenainon_updb,2010_2019,africa,171,country_assignment,derived_field_present,171,0,100.000000
phenomenainon_updb,2010_2019,africa,171,administrative_region,normalized_field_present,0,171,0.000000
phenomenainon_updb,2010_2019,africa,171,boundary_assignment_provenance,derived_field_present,171,0,100.000000
phenomenainon_updb,2010_2019,africa,171,duration_raw,raw_field_present,0,171,0.000000
phenomenainon_updb,2010_2019,africa,171,witness_count_raw,raw_explicit_value,0,171,0.000000
phenomenainon_updb,2010_2019,africa,171,sound_raw,raw_explicit_value,0,171,0.000000
phenomenainon_updb,2010_2019,africa,171,color_raw,raw_explicit_value,0,171,0.000000
phenomenainon_updb,2010_2019,africa,171,light_positive_mention,raw_positive_mention,0,171,0.000000
phenomenainon_updb,2010_2019,africa,171,behavior_raw,raw_explicit_value,0,171,0.000000
phenomenainon_updb,2010_2019,africa,171,evidence_raw,raw_explicit_value,0,171,0.000000
phenomenainon_updb,2010_2019,asia,1080,coordinate_evidence,normalized_field_present,1080,0,100.000000
phenomenainon_updb,2010_2019,asia,1080,source_coordinates,qualified_value,0,1080,0.000000
phenomenainon_updb,2010_2019,asia,1080,coordinate_precision,normalized_field_present,1080,0,100.000000
phenomenainon_updb,2010_2019,asia,1080,coordinate_pile_review_state,normalized_field_present,0,1080,0.000000
phenomenainon_updb,2010_2019,asia,1080,occurrence_date_role,raw_field_present,1080,0,100.000000
phenomenainon_updb,2010_2019,asia,1080,exact_date,qualified_value,1080,0,100.000000
phenomenainon_updb,2010_2019,asia,1080,time_of_day_raw,raw_field_present,1080,0,100.000000
phenomenainon_updb,2010_2019,asia,1080,time_of_day_normalized,qualified_value,0,1080,0.000000
phenomenainon_updb,2010_2019,asia,1080,reported_date_role,raw_field_present,0,1080,0.000000
phenomenainon_updb,2010_2019,asia,1080,reporting_delay_estimable,qualified_value,0,1080,0.000000
phenomenainon_updb,2010_2019,asia,1080,craft_normalized,normalized_field_present,868,212,80.370370
phenomenainon_updb,2010_2019,asia,1080,craft_confidence,qualified_value,568,512,52.592593
phenomenainon_updb,2010_2019,asia,1080,craft_classification_source,normalized_field_present,868,212,80.370370
phenomenainon_updb,2010_2019,asia,1080,same_day_suitability,qualified_value,538,542,49.814815
phenomenainon_updb,2010_2019,asia,1080,duplicate_lineage,normalized_field_present,1080,0,100.000000
phenomenainon_updb,2010_2019,asia,1080,publisher_lineage,normalized_field_present,1080,0,100.000000
phenomenainon_updb,2010_2019,asia,1080,independent_source_identity,normalized_field_present,1080,0,100.000000
phenomenainon_updb,2010_2019,asia,1080,country_assignment,derived_field_present,1080,0,100.000000
phenomenainon_updb,2010_2019,asia,1080,administrative_region,normalized_field_present,0,1080,0.000000
phenomenainon_updb,2010_2019,asia,1080,boundary_assignment_provenance,derived_field_present,1080,0,100.000000
phenomenainon_updb,2010_2019,asia,1080,duration_raw,raw_field_present,0,1080,0.000000
phenomenainon_updb,2010_2019,asia,1080,witness_count_raw,raw_explicit_value,0,1080,0.000000
phenomenainon_updb,2010_2019,asia,1080,sound_raw,raw_explicit_value,0,1080,0.000000
phenomenainon_updb,2010_2019,asia,1080,color_raw,raw_explicit_value,0,1080,0.000000
phenomenainon_updb,2010_2019,asia,1080,light_positive_mention,raw_positive_mention,0,1080,0.000000
phenomenainon_updb,2010_2019,asia,1080,behavior_raw,raw_explicit_value,0,1080,0.000000
phenomenainon_updb,2010_2019,asia,1080,evidence_raw,raw_explicit_value,0,1080,0.000000
phenomenainon_updb,2010_2019,europe,4088,coordinate_evidence,normalized_field_present,4088,0,100.000000
phenomenainon_updb,2010_2019,europe,4088,source_coordinates,qualified_value,0,4088,0.000000
phenomenainon_updb,2010_2019,europe,4088,coordinate_precision,normalized_field_present,4088,0,100.000000
phenomenainon_updb,2010_2019,europe,4088,coordinate_pile_review_state,normalized_field_present,0,4088,0.000000
phenomenainon_updb,2010_2019,europe,4088,occurrence_date_role,raw_field_present,4088,0,100.000000
phenomenainon_updb,2010_2019,europe,4088,exact_date,qualified_value,4088,0,100.000000
phenomenainon_updb,2010_2019,europe,4088,time_of_day_raw,raw_field_present,4088,0,100.000000
phenomenainon_updb,2010_2019,europe,4088,time_of_day_normalized,qualified_value,0,4088,0.000000
phenomenainon_updb,2010_2019,europe,4088,reported_date_role,raw_field_present,0,4088,0.000000
phenomenainon_updb,2010_2019,europe,4088,reporting_delay_estimable,qualified_value,0,4088,0.000000
phenomenainon_updb,2010_2019,europe,4088,craft_normalized,normalized_field_present,3430,658,83.904110
phenomenainon_updb,2010_2019,europe,4088,craft_confidence,qualified_value,2428,1660,59.393346
phenomenainon_updb,2010_2019,europe,4088,craft_classification_source,normalized_field_present,3430,658,83.904110
phenomenainon_updb,2010_2019,europe,4088,same_day_suitability,qualified_value,2350,1738,57.485323
phenomenainon_updb,2010_2019,europe,4088,duplicate_lineage,normalized_field_present,4088,0,100.000000
phenomenainon_updb,2010_2019,europe,4088,publisher_lineage,normalized_field_present,4088,0,100.000000
phenomenainon_updb,2010_2019,europe,4088,independent_source_identity,normalized_field_present,4088,0,100.000000
phenomenainon_updb,2010_2019,europe,4088,country_assignment,derived_field_present,4088,0,100.000000
phenomenainon_updb,2010_2019,europe,4088,administrative_region,normalized_field_present,0,4088,0.000000
phenomenainon_updb,2010_2019,europe,4088,boundary_assignment_provenance,derived_field_present,4088,0,100.000000
phenomenainon_updb,2010_2019,europe,4088,duration_raw,raw_field_present,0,4088,0.000000
phenomenainon_updb,2010_2019,europe,4088,witness_count_raw,raw_explicit_value,0,4088,0.000000
phenomenainon_updb,2010_2019,europe,4088,sound_raw,raw_explicit_value,0,4088,0.000000
phenomenainon_updb,2010_2019,europe,4088,color_raw,raw_explicit_value,0,4088,0.000000
phenomenainon_updb,2010_2019,europe,4088,light_positive_mention,raw_positive_mention,0,4088,0.000000
phenomenainon_updb,2010_2019,europe,4088,behavior_raw,raw_explicit_value,0,4088,0.000000
phenomenainon_updb,2010_2019,europe,4088,evidence_raw,raw_explicit_value,0,4088,0.000000
phenomenainon_updb,2010_2019,latin_america_caribbean,1181,coordinate_evidence,normalized_field_present,1181,0,100.000000
phenomenainon_updb,2010_2019,latin_america_caribbean,1181,source_coordinates,qualified_value,0,1181,0.000000
phenomenainon_updb,2010_2019,latin_america_caribbean,1181,coordinate_precision,normalized_field_present,1181,0,100.000000
phenomenainon_updb,2010_2019,latin_america_caribbean,1181,coordinate_pile_review_state,normalized_field_present,0,1181,0.000000
phenomenainon_updb,2010_2019,latin_america_caribbean,1181,occurrence_date_role,raw_field_present,1181,0,100.000000
phenomenainon_updb,2010_2019,latin_america_caribbean,1181,exact_date,qualified_value,1181,0,100.000000
phenomenainon_updb,2010_2019,latin_america_caribbean,1181,time_of_day_raw,raw_field_present,1181,0,100.000000
phenomenainon_updb,2010_2019,latin_america_caribbean,1181,time_of_day_normalized,qualified_value,0,1181,0.000000
phenomenainon_updb,2010_2019,latin_america_caribbean,1181,reported_date_role,raw_field_present,0,1181,0.000000
phenomenainon_updb,2010_2019,latin_america_caribbean,1181,reporting_delay_estimable,qualified_value,0,1181,0.000000
phenomenainon_updb,2010_2019,latin_america_caribbean,1181,craft_normalized,normalized_field_present,835,346,70.702794
phenomenainon_updb,2010_2019,latin_america_caribbean,1181,craft_confidence,qualified_value,593,588,50.211685
phenomenainon_updb,2010_2019,latin_america_caribbean,1181,craft_classification_source,normalized_field_present,835,346,70.702794
phenomenainon_updb,2010_2019,latin_america_caribbean,1181,same_day_suitability,qualified_value,572,609,48.433531
phenomenainon_updb,2010_2019,latin_america_caribbean,1181,duplicate_lineage,normalized_field_present,1181,0,100.000000
phenomenainon_updb,2010_2019,latin_america_caribbean,1181,publisher_lineage,normalized_field_present,1181,0,100.000000
phenomenainon_updb,2010_2019,latin_america_caribbean,1181,independent_source_identity,normalized_field_present,1181,0,100.000000
phenomenainon_updb,2010_2019,latin_america_caribbean,1181,country_assignment,derived_field_present,1181,0,100.000000
phenomenainon_updb,2010_2019,latin_america_caribbean,1181,administrative_region,normalized_field_present,0,1181,0.000000
phenomenainon_updb,2010_2019,latin_america_caribbean,1181,boundary_assignment_provenance,derived_field_present,1181,0,100.000000
phenomenainon_updb,2010_2019,latin_america_caribbean,1181,duration_raw,raw_field_present,0,1181,0.000000
phenomenainon_updb,2010_2019,latin_america_caribbean,1181,witness_count_raw,raw_explicit_value,0,1181,0.000000
phenomenainon_updb,2010_2019,latin_america_caribbean,1181,sound_raw,raw_explicit_value,0,1181,0.000000
phenomenainon_updb,2010_2019,latin_america_caribbean,1181,color_raw,raw_explicit_value,0,1181,0.000000
phenomenainon_updb,2010_2019,latin_america_caribbean,1181,light_positive_mention,raw_positive_mention,0,1181,0.000000
phenomenainon_updb,2010_2019,latin_america_caribbean,1181,behavior_raw,raw_explicit_value,0,1181,0.000000
phenomenainon_updb,2010_2019,latin_america_caribbean,1181,evidence_raw,raw_explicit_value,0,1181,0.000000
phenomenainon_updb,2010_2019,northern_america,52877,coordinate_evidence,normalized_field_present,52877,0,100.000000
phenomenainon_updb,2010_2019,northern_america,52877,source_coordinates,qualified_value,0,52877,0.000000
phenomenainon_updb,2010_2019,northern_america,52877,coordinate_precision,normalized_field_present,52877,0,100.000000
phenomenainon_updb,2010_2019,northern_america,52877,coordinate_pile_review_state,normalized_field_present,0,52877,0.000000
phenomenainon_updb,2010_2019,northern_america,52877,occurrence_date_role,raw_field_present,52877,0,100.000000
phenomenainon_updb,2010_2019,northern_america,52877,exact_date,qualified_value,52877,0,100.000000
phenomenainon_updb,2010_2019,northern_america,52877,time_of_day_raw,raw_field_present,52877,0,100.000000
phenomenainon_updb,2010_2019,northern_america,52877,time_of_day_normalized,qualified_value,0,52877,0.000000
phenomenainon_updb,2010_2019,northern_america,52877,reported_date_role,raw_field_present,0,52877,0.000000
phenomenainon_updb,2010_2019,northern_america,52877,reporting_delay_estimable,qualified_value,0,52877,0.000000
phenomenainon_updb,2010_2019,northern_america,52877,craft_normalized,normalized_field_present,46721,6156,88.357887
phenomenainon_updb,2010_2019,northern_america,52877,craft_confidence,qualified_value,33243,19634,62.868544
phenomenainon_updb,2010_2019,northern_america,52877,craft_classification_source,normalized_field_present,46721,6156,88.357887
phenomenainon_updb,2010_2019,northern_america,52877,same_day_suitability,qualified_value,31912,20965,60.351382
phenomenainon_updb,2010_2019,northern_america,52877,duplicate_lineage,normalized_field_present,52877,0,100.000000
phenomenainon_updb,2010_2019,northern_america,52877,publisher_lineage,normalized_field_present,52877,0,100.000000
phenomenainon_updb,2010_2019,northern_america,52877,independent_source_identity,normalized_field_present,52877,0,100.000000
phenomenainon_updb,2010_2019,northern_america,52877,country_assignment,derived_field_present,52877,0,100.000000
phenomenainon_updb,2010_2019,northern_america,52877,administrative_region,normalized_field_present,0,52877,0.000000
phenomenainon_updb,2010_2019,northern_america,52877,boundary_assignment_provenance,derived_field_present,52877,0,100.000000
phenomenainon_updb,2010_2019,northern_america,52877,duration_raw,raw_field_present,0,52877,0.000000
phenomenainon_updb,2010_2019,northern_america,52877,witness_count_raw,raw_explicit_value,0,52877,0.000000
phenomenainon_updb,2010_2019,northern_america,52877,sound_raw,raw_explicit_value,0,52877,0.000000
phenomenainon_updb,2010_2019,northern_america,52877,color_raw,raw_explicit_value,0,52877,0.000000
phenomenainon_updb,2010_2019,northern_america,52877,light_positive_mention,raw_positive_mention,0,52877,0.000000
phenomenainon_updb,2010_2019,northern_america,52877,behavior_raw,raw_explicit_value,0,52877,0.000000
phenomenainon_updb,2010_2019,northern_america,52877,evidence_raw,raw_explicit_value,0,52877,0.000000
phenomenainon_updb,2010_2019,oceania,642,coordinate_evidence,normalized_field_present,642,0,100.000000
phenomenainon_updb,2010_2019,oceania,642,source_coordinates,qualified_value,0,642,0.000000
phenomenainon_updb,2010_2019,oceania,642,coordinate_precision,normalized_field_present,642,0,100.000000
phenomenainon_updb,2010_2019,oceania,642,coordinate_pile_review_state,normalized_field_present,0,642,0.000000
phenomenainon_updb,2010_2019,oceania,642,occurrence_date_role,raw_field_present,642,0,100.000000
phenomenainon_updb,2010_2019,oceania,642,exact_date,qualified_value,642,0,100.000000
phenomenainon_updb,2010_2019,oceania,642,time_of_day_raw,raw_field_present,642,0,100.000000
phenomenainon_updb,2010_2019,oceania,642,time_of_day_normalized,qualified_value,0,642,0.000000
phenomenainon_updb,2010_2019,oceania,642,reported_date_role,raw_field_present,0,642,0.000000
phenomenainon_updb,2010_2019,oceania,642,reporting_delay_estimable,qualified_value,0,642,0.000000
phenomenainon_updb,2010_2019,oceania,642,craft_normalized,normalized_field_present,529,113,82.398754
phenomenainon_updb,2010_2019,oceania,642,craft_confidence,qualified_value,370,272,57.632399
phenomenainon_updb,2010_2019,oceania,642,craft_classification_source,normalized_field_present,529,113,82.398754
phenomenainon_updb,2010_2019,oceania,642,same_day_suitability,qualified_value,358,284,55.763240
phenomenainon_updb,2010_2019,oceania,642,duplicate_lineage,normalized_field_present,642,0,100.000000
phenomenainon_updb,2010_2019,oceania,642,publisher_lineage,normalized_field_present,642,0,100.000000
phenomenainon_updb,2010_2019,oceania,642,independent_source_identity,normalized_field_present,642,0,100.000000
phenomenainon_updb,2010_2019,oceania,642,country_assignment,derived_field_present,642,0,100.000000
phenomenainon_updb,2010_2019,oceania,642,administrative_region,normalized_field_present,0,642,0.000000
phenomenainon_updb,2010_2019,oceania,642,boundary_assignment_provenance,derived_field_present,642,0,100.000000
phenomenainon_updb,2010_2019,oceania,642,duration_raw,raw_field_present,0,642,0.000000
phenomenainon_updb,2010_2019,oceania,642,witness_count_raw,raw_explicit_value,0,642,0.000000
phenomenainon_updb,2010_2019,oceania,642,sound_raw,raw_explicit_value,0,642,0.000000
phenomenainon_updb,2010_2019,oceania,642,color_raw,raw_explicit_value,0,642,0.000000
phenomenainon_updb,2010_2019,oceania,642,light_positive_mention,raw_positive_mention,0,642,0.000000
phenomenainon_updb,2010_2019,oceania,642,behavior_raw,raw_explicit_value,0,642,0.000000
phenomenainon_updb,2010_2019,oceania,642,evidence_raw,raw_explicit_value,0,642,0.000000
phenomenainon_updb,2010_2019,unknown,13181,coordinate_evidence,normalized_field_present,13181,0,100.000000
phenomenainon_updb,2010_2019,unknown,13181,source_coordinates,qualified_value,0,13181,0.000000
phenomenainon_updb,2010_2019,unknown,13181,coordinate_precision,normalized_field_present,13060,121,99.082012
phenomenainon_updb,2010_2019,unknown,13181,coordinate_pile_review_state,normalized_field_present,0,13181,0.000000
phenomenainon_updb,2010_2019,unknown,13181,occurrence_date_role,raw_field_present,13181,0,100.000000
phenomenainon_updb,2010_2019,unknown,13181,exact_date,qualified_value,13181,0,100.000000
phenomenainon_updb,2010_2019,unknown,13181,time_of_day_raw,raw_field_present,13181,0,100.000000
phenomenainon_updb,2010_2019,unknown,13181,time_of_day_normalized,qualified_value,0,13181,0.000000
phenomenainon_updb,2010_2019,unknown,13181,reported_date_role,raw_field_present,0,13181,0.000000
phenomenainon_updb,2010_2019,unknown,13181,reporting_delay_estimable,qualified_value,0,13181,0.000000
phenomenainon_updb,2010_2019,unknown,13181,craft_normalized,normalized_field_present,10928,2253,82.907215
phenomenainon_updb,2010_2019,unknown,13181,craft_confidence,qualified_value,7918,5263,60.071315
phenomenainon_updb,2010_2019,unknown,13181,craft_classification_source,normalized_field_present,10928,2253,82.907215
phenomenainon_updb,2010_2019,unknown,13181,same_day_suitability,qualified_value,7545,5636,57.241484
phenomenainon_updb,2010_2019,unknown,13181,duplicate_lineage,normalized_field_present,13181,0,100.000000
phenomenainon_updb,2010_2019,unknown,13181,publisher_lineage,normalized_field_present,13181,0,100.000000
phenomenainon_updb,2010_2019,unknown,13181,independent_source_identity,normalized_field_present,13181,0,100.000000
phenomenainon_updb,2010_2019,unknown,13181,country_assignment,derived_field_present,0,13181,0.000000
phenomenainon_updb,2010_2019,unknown,13181,administrative_region,normalized_field_present,0,13181,0.000000
phenomenainon_updb,2010_2019,unknown,13181,boundary_assignment_provenance,derived_field_present,1412,11769,10.712389
phenomenainon_updb,2010_2019,unknown,13181,duration_raw,raw_field_present,0,13181,0.000000
phenomenainon_updb,2010_2019,unknown,13181,witness_count_raw,raw_explicit_value,0,13181,0.000000
phenomenainon_updb,2010_2019,unknown,13181,sound_raw,raw_explicit_value,0,13181,0.000000
phenomenainon_updb,2010_2019,unknown,13181,color_raw,raw_explicit_value,0,13181,0.000000
phenomenainon_updb,2010_2019,unknown,13181,light_positive_mention,raw_positive_mention,0,13181,0.000000
phenomenainon_updb,2010_2019,unknown,13181,behavior_raw,raw_explicit_value,0,13181,0.000000
phenomenainon_updb,2010_2019,unknown,13181,evidence_raw,raw_explicit_value,0,13181,0.000000
phenomenainon_updb,2020_plus,africa,27,coordinate_evidence,normalized_field_present,27,0,100.000000
phenomenainon_updb,2020_plus,africa,27,source_coordinates,qualified_value,0,27,0.000000
phenomenainon_updb,2020_plus,africa,27,coordinate_precision,normalized_field_present,27,0,100.000000
phenomenainon_updb,2020_plus,africa,27,coordinate_pile_review_state,normalized_field_present,0,27,0.000000
phenomenainon_updb,2020_plus,africa,27,occurrence_date_role,raw_field_present,27,0,100.000000
phenomenainon_updb,2020_plus,africa,27,exact_date,qualified_value,27,0,100.000000
phenomenainon_updb,2020_plus,africa,27,time_of_day_raw,raw_field_present,27,0,100.000000
phenomenainon_updb,2020_plus,africa,27,time_of_day_normalized,qualified_value,0,27,0.000000
phenomenainon_updb,2020_plus,africa,27,reported_date_role,raw_field_present,0,27,0.000000
phenomenainon_updb,2020_plus,africa,27,reporting_delay_estimable,qualified_value,0,27,0.000000
phenomenainon_updb,2020_plus,africa,27,craft_normalized,normalized_field_present,23,4,85.185185
phenomenainon_updb,2020_plus,africa,27,craft_confidence,qualified_value,13,14,48.148148
phenomenainon_updb,2020_plus,africa,27,craft_classification_source,normalized_field_present,23,4,85.185185
phenomenainon_updb,2020_plus,africa,27,same_day_suitability,qualified_value,13,14,48.148148
phenomenainon_updb,2020_plus,africa,27,duplicate_lineage,normalized_field_present,27,0,100.000000
phenomenainon_updb,2020_plus,africa,27,publisher_lineage,normalized_field_present,27,0,100.000000
phenomenainon_updb,2020_plus,africa,27,independent_source_identity,normalized_field_present,27,0,100.000000
phenomenainon_updb,2020_plus,africa,27,country_assignment,derived_field_present,27,0,100.000000
phenomenainon_updb,2020_plus,africa,27,administrative_region,normalized_field_present,0,27,0.000000
phenomenainon_updb,2020_plus,africa,27,boundary_assignment_provenance,derived_field_present,27,0,100.000000
phenomenainon_updb,2020_plus,africa,27,duration_raw,raw_field_present,0,27,0.000000
phenomenainon_updb,2020_plus,africa,27,witness_count_raw,raw_explicit_value,0,27,0.000000
phenomenainon_updb,2020_plus,africa,27,sound_raw,raw_explicit_value,0,27,0.000000
phenomenainon_updb,2020_plus,africa,27,color_raw,raw_explicit_value,0,27,0.000000
phenomenainon_updb,2020_plus,africa,27,light_positive_mention,raw_positive_mention,0,27,0.000000
phenomenainon_updb,2020_plus,africa,27,behavior_raw,raw_explicit_value,0,27,0.000000
phenomenainon_updb,2020_plus,africa,27,evidence_raw,raw_explicit_value,0,27,0.000000
phenomenainon_updb,2020_plus,asia,102,coordinate_evidence,normalized_field_present,102,0,100.000000
phenomenainon_updb,2020_plus,asia,102,source_coordinates,qualified_value,0,102,0.000000
phenomenainon_updb,2020_plus,asia,102,coordinate_precision,normalized_field_present,102,0,100.000000
phenomenainon_updb,2020_plus,asia,102,coordinate_pile_review_state,normalized_field_present,0,102,0.000000
phenomenainon_updb,2020_plus,asia,102,occurrence_date_role,raw_field_present,102,0,100.000000
phenomenainon_updb,2020_plus,asia,102,exact_date,qualified_value,102,0,100.000000
phenomenainon_updb,2020_plus,asia,102,time_of_day_raw,raw_field_present,102,0,100.000000
phenomenainon_updb,2020_plus,asia,102,time_of_day_normalized,qualified_value,0,102,0.000000
phenomenainon_updb,2020_plus,asia,102,reported_date_role,raw_field_present,0,102,0.000000
phenomenainon_updb,2020_plus,asia,102,reporting_delay_estimable,qualified_value,0,102,0.000000
phenomenainon_updb,2020_plus,asia,102,craft_normalized,normalized_field_present,74,28,72.549020
phenomenainon_updb,2020_plus,asia,102,craft_confidence,qualified_value,53,49,51.960784
phenomenainon_updb,2020_plus,asia,102,craft_classification_source,normalized_field_present,74,28,72.549020
phenomenainon_updb,2020_plus,asia,102,same_day_suitability,qualified_value,51,51,50.000000
phenomenainon_updb,2020_plus,asia,102,duplicate_lineage,normalized_field_present,102,0,100.000000
phenomenainon_updb,2020_plus,asia,102,publisher_lineage,normalized_field_present,102,0,100.000000
phenomenainon_updb,2020_plus,asia,102,independent_source_identity,normalized_field_present,102,0,100.000000
phenomenainon_updb,2020_plus,asia,102,country_assignment,derived_field_present,102,0,100.000000
phenomenainon_updb,2020_plus,asia,102,administrative_region,normalized_field_present,0,102,0.000000
phenomenainon_updb,2020_plus,asia,102,boundary_assignment_provenance,derived_field_present,102,0,100.000000
phenomenainon_updb,2020_plus,asia,102,duration_raw,raw_field_present,0,102,0.000000
phenomenainon_updb,2020_plus,asia,102,witness_count_raw,raw_explicit_value,0,102,0.000000
phenomenainon_updb,2020_plus,asia,102,sound_raw,raw_explicit_value,0,102,0.000000
phenomenainon_updb,2020_plus,asia,102,color_raw,raw_explicit_value,0,102,0.000000
phenomenainon_updb,2020_plus,asia,102,light_positive_mention,raw_positive_mention,0,102,0.000000
phenomenainon_updb,2020_plus,asia,102,behavior_raw,raw_explicit_value,0,102,0.000000
phenomenainon_updb,2020_plus,asia,102,evidence_raw,raw_explicit_value,0,102,0.000000
phenomenainon_updb,2020_plus,europe,765,coordinate_evidence,normalized_field_present,765,0,100.000000
phenomenainon_updb,2020_plus,europe,765,source_coordinates,qualified_value,0,765,0.000000
phenomenainon_updb,2020_plus,europe,765,coordinate_precision,normalized_field_present,765,0,100.000000
phenomenainon_updb,2020_plus,europe,765,coordinate_pile_review_state,normalized_field_present,0,765,0.000000
phenomenainon_updb,2020_plus,europe,765,occurrence_date_role,raw_field_present,765,0,100.000000
phenomenainon_updb,2020_plus,europe,765,exact_date,qualified_value,765,0,100.000000
phenomenainon_updb,2020_plus,europe,765,time_of_day_raw,raw_field_present,765,0,100.000000
phenomenainon_updb,2020_plus,europe,765,time_of_day_normalized,qualified_value,0,765,0.000000
phenomenainon_updb,2020_plus,europe,765,reported_date_role,raw_field_present,0,765,0.000000
phenomenainon_updb,2020_plus,europe,765,reporting_delay_estimable,qualified_value,0,765,0.000000
phenomenainon_updb,2020_plus,europe,765,craft_normalized,normalized_field_present,605,160,79.084967
phenomenainon_updb,2020_plus,europe,765,craft_confidence,qualified_value,394,371,51.503268
phenomenainon_updb,2020_plus,europe,765,craft_classification_source,normalized_field_present,605,160,79.084967
phenomenainon_updb,2020_plus,europe,765,same_day_suitability,qualified_value,388,377,50.718954
phenomenainon_updb,2020_plus,europe,765,duplicate_lineage,normalized_field_present,765,0,100.000000
phenomenainon_updb,2020_plus,europe,765,publisher_lineage,normalized_field_present,765,0,100.000000
phenomenainon_updb,2020_plus,europe,765,independent_source_identity,normalized_field_present,765,0,100.000000
phenomenainon_updb,2020_plus,europe,765,country_assignment,derived_field_present,765,0,100.000000
phenomenainon_updb,2020_plus,europe,765,administrative_region,normalized_field_present,0,765,0.000000
phenomenainon_updb,2020_plus,europe,765,boundary_assignment_provenance,derived_field_present,765,0,100.000000
phenomenainon_updb,2020_plus,europe,765,duration_raw,raw_field_present,0,765,0.000000
phenomenainon_updb,2020_plus,europe,765,witness_count_raw,raw_explicit_value,0,765,0.000000
phenomenainon_updb,2020_plus,europe,765,sound_raw,raw_explicit_value,0,765,0.000000
phenomenainon_updb,2020_plus,europe,765,color_raw,raw_explicit_value,0,765,0.000000
phenomenainon_updb,2020_plus,europe,765,light_positive_mention,raw_positive_mention,0,765,0.000000
phenomenainon_updb,2020_plus,europe,765,behavior_raw,raw_explicit_value,0,765,0.000000
phenomenainon_updb,2020_plus,europe,765,evidence_raw,raw_explicit_value,0,765,0.000000
phenomenainon_updb,2020_plus,latin_america_caribbean,140,coordinate_evidence,normalized_field_present,140,0,100.000000
phenomenainon_updb,2020_plus,latin_america_caribbean,140,source_coordinates,qualified_value,0,140,0.000000
phenomenainon_updb,2020_plus,latin_america_caribbean,140,coordinate_precision,normalized_field_present,140,0,100.000000
phenomenainon_updb,2020_plus,latin_america_caribbean,140,coordinate_pile_review_state,normalized_field_present,0,140,0.000000
phenomenainon_updb,2020_plus,latin_america_caribbean,140,occurrence_date_role,raw_field_present,140,0,100.000000
phenomenainon_updb,2020_plus,latin_america_caribbean,140,exact_date,qualified_value,140,0,100.000000
phenomenainon_updb,2020_plus,latin_america_caribbean,140,time_of_day_raw,raw_field_present,140,0,100.000000
phenomenainon_updb,2020_plus,latin_america_caribbean,140,time_of_day_normalized,qualified_value,0,140,0.000000
phenomenainon_updb,2020_plus,latin_america_caribbean,140,reported_date_role,raw_field_present,0,140,0.000000
phenomenainon_updb,2020_plus,latin_america_caribbean,140,reporting_delay_estimable,qualified_value,0,140,0.000000
phenomenainon_updb,2020_plus,latin_america_caribbean,140,craft_normalized,normalized_field_present,103,37,73.571429
phenomenainon_updb,2020_plus,latin_america_caribbean,140,craft_confidence,qualified_value,64,76,45.714286
phenomenainon_updb,2020_plus,latin_america_caribbean,140,craft_classification_source,normalized_field_present,103,37,73.571429
phenomenainon_updb,2020_plus,latin_america_caribbean,140,same_day_suitability,qualified_value,63,77,45.000000
phenomenainon_updb,2020_plus,latin_america_caribbean,140,duplicate_lineage,normalized_field_present,140,0,100.000000
phenomenainon_updb,2020_plus,latin_america_caribbean,140,publisher_lineage,normalized_field_present,140,0,100.000000
phenomenainon_updb,2020_plus,latin_america_caribbean,140,independent_source_identity,normalized_field_present,140,0,100.000000
phenomenainon_updb,2020_plus,latin_america_caribbean,140,country_assignment,derived_field_present,140,0,100.000000
phenomenainon_updb,2020_plus,latin_america_caribbean,140,administrative_region,normalized_field_present,0,140,0.000000
phenomenainon_updb,2020_plus,latin_america_caribbean,140,boundary_assignment_provenance,derived_field_present,140,0,100.000000
phenomenainon_updb,2020_plus,latin_america_caribbean,140,duration_raw,raw_field_present,0,140,0.000000
phenomenainon_updb,2020_plus,latin_america_caribbean,140,witness_count_raw,raw_explicit_value,0,140,0.000000
phenomenainon_updb,2020_plus,latin_america_caribbean,140,sound_raw,raw_explicit_value,0,140,0.000000
phenomenainon_updb,2020_plus,latin_america_caribbean,140,color_raw,raw_explicit_value,0,140,0.000000
phenomenainon_updb,2020_plus,latin_america_caribbean,140,light_positive_mention,raw_positive_mention,0,140,0.000000
phenomenainon_updb,2020_plus,latin_america_caribbean,140,behavior_raw,raw_explicit_value,0,140,0.000000
phenomenainon_updb,2020_plus,latin_america_caribbean,140,evidence_raw,raw_explicit_value,0,140,0.000000
phenomenainon_updb,2020_plus,northern_america,10756,coordinate_evidence,normalized_field_present,10756,0,100.000000
phenomenainon_updb,2020_plus,northern_america,10756,source_coordinates,qualified_value,0,10756,0.000000
phenomenainon_updb,2020_plus,northern_america,10756,coordinate_precision,normalized_field_present,10756,0,100.000000
phenomenainon_updb,2020_plus,northern_america,10756,coordinate_pile_review_state,normalized_field_present,0,10756,0.000000
phenomenainon_updb,2020_plus,northern_america,10756,occurrence_date_role,raw_field_present,10756,0,100.000000
phenomenainon_updb,2020_plus,northern_america,10756,exact_date,qualified_value,10756,0,100.000000
phenomenainon_updb,2020_plus,northern_america,10756,time_of_day_raw,raw_field_present,10756,0,100.000000
phenomenainon_updb,2020_plus,northern_america,10756,time_of_day_normalized,qualified_value,0,10756,0.000000
phenomenainon_updb,2020_plus,northern_america,10756,reported_date_role,raw_field_present,0,10756,0.000000
phenomenainon_updb,2020_plus,northern_america,10756,reporting_delay_estimable,qualified_value,0,10756,0.000000
phenomenainon_updb,2020_plus,northern_america,10756,craft_normalized,normalized_field_present,9125,1631,84.836370
phenomenainon_updb,2020_plus,northern_america,10756,craft_confidence,qualified_value,6364,4392,59.166977
phenomenainon_updb,2020_plus,northern_america,10756,craft_classification_source,normalized_field_present,9125,1631,84.836370
phenomenainon_updb,2020_plus,northern_america,10756,same_day_suitability,qualified_value,6198,4558,57.623652
phenomenainon_updb,2020_plus,northern_america,10756,duplicate_lineage,normalized_field_present,10756,0,100.000000
phenomenainon_updb,2020_plus,northern_america,10756,publisher_lineage,normalized_field_present,10756,0,100.000000
phenomenainon_updb,2020_plus,northern_america,10756,independent_source_identity,normalized_field_present,10756,0,100.000000
phenomenainon_updb,2020_plus,northern_america,10756,country_assignment,derived_field_present,10756,0,100.000000
phenomenainon_updb,2020_plus,northern_america,10756,administrative_region,normalized_field_present,0,10756,0.000000
phenomenainon_updb,2020_plus,northern_america,10756,boundary_assignment_provenance,derived_field_present,10756,0,100.000000
phenomenainon_updb,2020_plus,northern_america,10756,duration_raw,raw_field_present,0,10756,0.000000
phenomenainon_updb,2020_plus,northern_america,10756,witness_count_raw,raw_explicit_value,0,10756,0.000000
phenomenainon_updb,2020_plus,northern_america,10756,sound_raw,raw_explicit_value,0,10756,0.000000
phenomenainon_updb,2020_plus,northern_america,10756,color_raw,raw_explicit_value,0,10756,0.000000
phenomenainon_updb,2020_plus,northern_america,10756,light_positive_mention,raw_positive_mention,0,10756,0.000000
phenomenainon_updb,2020_plus,northern_america,10756,behavior_raw,raw_explicit_value,0,10756,0.000000
phenomenainon_updb,2020_plus,northern_america,10756,evidence_raw,raw_explicit_value,0,10756,0.000000
phenomenainon_updb,2020_plus,oceania,88,coordinate_evidence,normalized_field_present,88,0,100.000000
phenomenainon_updb,2020_plus,oceania,88,source_coordinates,qualified_value,0,88,0.000000
phenomenainon_updb,2020_plus,oceania,88,coordinate_precision,normalized_field_present,88,0,100.000000
phenomenainon_updb,2020_plus,oceania,88,coordinate_pile_review_state,normalized_field_present,0,88,0.000000
phenomenainon_updb,2020_plus,oceania,88,occurrence_date_role,raw_field_present,88,0,100.000000
phenomenainon_updb,2020_plus,oceania,88,exact_date,qualified_value,88,0,100.000000
phenomenainon_updb,2020_plus,oceania,88,time_of_day_raw,raw_field_present,88,0,100.000000
phenomenainon_updb,2020_plus,oceania,88,time_of_day_normalized,qualified_value,0,88,0.000000
phenomenainon_updb,2020_plus,oceania,88,reported_date_role,raw_field_present,0,88,0.000000
phenomenainon_updb,2020_plus,oceania,88,reporting_delay_estimable,qualified_value,0,88,0.000000
phenomenainon_updb,2020_plus,oceania,88,craft_normalized,normalized_field_present,69,19,78.409091
phenomenainon_updb,2020_plus,oceania,88,craft_confidence,qualified_value,42,46,47.727273
phenomenainon_updb,2020_plus,oceania,88,craft_classification_source,normalized_field_present,69,19,78.409091
phenomenainon_updb,2020_plus,oceania,88,same_day_suitability,qualified_value,40,48,45.454545
phenomenainon_updb,2020_plus,oceania,88,duplicate_lineage,normalized_field_present,88,0,100.000000
phenomenainon_updb,2020_plus,oceania,88,publisher_lineage,normalized_field_present,88,0,100.000000
phenomenainon_updb,2020_plus,oceania,88,independent_source_identity,normalized_field_present,88,0,100.000000
phenomenainon_updb,2020_plus,oceania,88,country_assignment,derived_field_present,88,0,100.000000
phenomenainon_updb,2020_plus,oceania,88,administrative_region,normalized_field_present,0,88,0.000000
phenomenainon_updb,2020_plus,oceania,88,boundary_assignment_provenance,derived_field_present,88,0,100.000000
phenomenainon_updb,2020_plus,oceania,88,duration_raw,raw_field_present,0,88,0.000000
phenomenainon_updb,2020_plus,oceania,88,witness_count_raw,raw_explicit_value,0,88,0.000000
phenomenainon_updb,2020_plus,oceania,88,sound_raw,raw_explicit_value,0,88,0.000000
phenomenainon_updb,2020_plus,oceania,88,color_raw,raw_explicit_value,0,88,0.000000
phenomenainon_updb,2020_plus,oceania,88,light_positive_mention,raw_positive_mention,0,88,0.000000
phenomenainon_updb,2020_plus,oceania,88,behavior_raw,raw_explicit_value,0,88,0.000000
phenomenainon_updb,2020_plus,oceania,88,evidence_raw,raw_explicit_value,0,88,0.000000
phenomenainon_updb,2020_plus,unknown,3194,coordinate_evidence,normalized_field_present,3194,0,100.000000
phenomenainon_updb,2020_plus,unknown,3194,source_coordinates,qualified_value,0,3194,0.000000
phenomenainon_updb,2020_plus,unknown,3194,coordinate_precision,normalized_field_present,3165,29,99.092048
phenomenainon_updb,2020_plus,unknown,3194,coordinate_pile_review_state,normalized_field_present,0,3194,0.000000
phenomenainon_updb,2020_plus,unknown,3194,occurrence_date_role,raw_field_present,3194,0,100.000000
phenomenainon_updb,2020_plus,unknown,3194,exact_date,qualified_value,3194,0,100.000000
phenomenainon_updb,2020_plus,unknown,3194,time_of_day_raw,raw_field_present,3194,0,100.000000
phenomenainon_updb,2020_plus,unknown,3194,time_of_day_normalized,qualified_value,0,3194,0.000000
phenomenainon_updb,2020_plus,unknown,3194,reported_date_role,raw_field_present,0,3194,0.000000
phenomenainon_updb,2020_plus,unknown,3194,reporting_delay_estimable,qualified_value,0,3194,0.000000
phenomenainon_updb,2020_plus,unknown,3194,craft_normalized,normalized_field_present,2374,820,74.326863
phenomenainon_updb,2020_plus,unknown,3194,craft_confidence,qualified_value,1711,1483,53.569192
phenomenainon_updb,2020_plus,unknown,3194,craft_classification_source,normalized_field_present,2374,820,74.326863
phenomenainon_updb,2020_plus,unknown,3194,same_day_suitability,qualified_value,1674,1520,52.410770
phenomenainon_updb,2020_plus,unknown,3194,duplicate_lineage,normalized_field_present,3194,0,100.000000
phenomenainon_updb,2020_plus,unknown,3194,publisher_lineage,normalized_field_present,3194,0,100.000000
phenomenainon_updb,2020_plus,unknown,3194,independent_source_identity,normalized_field_present,3194,0,100.000000
phenomenainon_updb,2020_plus,unknown,3194,country_assignment,derived_field_present,0,3194,0.000000
phenomenainon_updb,2020_plus,unknown,3194,administrative_region,normalized_field_present,0,3194,0.000000
phenomenainon_updb,2020_plus,unknown,3194,boundary_assignment_provenance,derived_field_present,289,2905,9.048215
phenomenainon_updb,2020_plus,unknown,3194,duration_raw,raw_field_present,0,3194,0.000000
phenomenainon_updb,2020_plus,unknown,3194,witness_count_raw,raw_explicit_value,0,3194,0.000000
phenomenainon_updb,2020_plus,unknown,3194,sound_raw,raw_explicit_value,0,3194,0.000000
phenomenainon_updb,2020_plus,unknown,3194,color_raw,raw_explicit_value,0,3194,0.000000
phenomenainon_updb,2020_plus,unknown,3194,light_positive_mention,raw_positive_mention,0,3194,0.000000
phenomenainon_updb,2020_plus,unknown,3194,behavior_raw,raw_explicit_value,0,3194,0.000000
phenomenainon_updb,2020_plus,unknown,3194,evidence_raw,raw_explicit_value,0,3194,0.000000
phenomenainon_updb,pre_1945,africa,4,coordinate_evidence,normalized_field_present,4,0,100.000000
phenomenainon_updb,pre_1945,africa,4,source_coordinates,qualified_value,0,4,0.000000
phenomenainon_updb,pre_1945,africa,4,coordinate_precision,normalized_field_present,4,0,100.000000
phenomenainon_updb,pre_1945,africa,4,coordinate_pile_review_state,normalized_field_present,0,4,0.000000
phenomenainon_updb,pre_1945,africa,4,occurrence_date_role,raw_field_present,4,0,100.000000
phenomenainon_updb,pre_1945,africa,4,exact_date,qualified_value,4,0,100.000000
phenomenainon_updb,pre_1945,africa,4,time_of_day_raw,raw_field_present,4,0,100.000000
phenomenainon_updb,pre_1945,africa,4,time_of_day_normalized,qualified_value,0,4,0.000000
phenomenainon_updb,pre_1945,africa,4,reported_date_role,raw_field_present,0,4,0.000000
phenomenainon_updb,pre_1945,africa,4,reporting_delay_estimable,qualified_value,0,4,0.000000
phenomenainon_updb,pre_1945,africa,4,craft_normalized,normalized_field_present,2,2,50.000000
phenomenainon_updb,pre_1945,africa,4,craft_confidence,qualified_value,0,4,0.000000
phenomenainon_updb,pre_1945,africa,4,craft_classification_source,normalized_field_present,2,2,50.000000
phenomenainon_updb,pre_1945,africa,4,same_day_suitability,qualified_value,0,4,0.000000
phenomenainon_updb,pre_1945,africa,4,duplicate_lineage,normalized_field_present,4,0,100.000000
phenomenainon_updb,pre_1945,africa,4,publisher_lineage,normalized_field_present,4,0,100.000000
phenomenainon_updb,pre_1945,africa,4,independent_source_identity,normalized_field_present,4,0,100.000000
phenomenainon_updb,pre_1945,africa,4,country_assignment,derived_field_present,4,0,100.000000
phenomenainon_updb,pre_1945,africa,4,administrative_region,normalized_field_present,0,4,0.000000
phenomenainon_updb,pre_1945,africa,4,boundary_assignment_provenance,derived_field_present,4,0,100.000000
phenomenainon_updb,pre_1945,africa,4,duration_raw,raw_field_present,0,4,0.000000
phenomenainon_updb,pre_1945,africa,4,witness_count_raw,raw_explicit_value,0,4,0.000000
phenomenainon_updb,pre_1945,africa,4,sound_raw,raw_explicit_value,0,4,0.000000
phenomenainon_updb,pre_1945,africa,4,color_raw,raw_explicit_value,0,4,0.000000
phenomenainon_updb,pre_1945,africa,4,light_positive_mention,raw_positive_mention,0,4,0.000000
phenomenainon_updb,pre_1945,africa,4,behavior_raw,raw_explicit_value,0,4,0.000000
phenomenainon_updb,pre_1945,africa,4,evidence_raw,raw_explicit_value,0,4,0.000000
phenomenainon_updb,pre_1945,asia,11,coordinate_evidence,normalized_field_present,11,0,100.000000
phenomenainon_updb,pre_1945,asia,11,source_coordinates,qualified_value,0,11,0.000000
phenomenainon_updb,pre_1945,asia,11,coordinate_precision,normalized_field_present,11,0,100.000000
phenomenainon_updb,pre_1945,asia,11,coordinate_pile_review_state,normalized_field_present,0,11,0.000000
phenomenainon_updb,pre_1945,asia,11,occurrence_date_role,raw_field_present,11,0,100.000000
phenomenainon_updb,pre_1945,asia,11,exact_date,qualified_value,11,0,100.000000
phenomenainon_updb,pre_1945,asia,11,time_of_day_raw,raw_field_present,11,0,100.000000
phenomenainon_updb,pre_1945,asia,11,time_of_day_normalized,qualified_value,0,11,0.000000
phenomenainon_updb,pre_1945,asia,11,reported_date_role,raw_field_present,0,11,0.000000
phenomenainon_updb,pre_1945,asia,11,reporting_delay_estimable,qualified_value,0,11,0.000000
phenomenainon_updb,pre_1945,asia,11,craft_normalized,normalized_field_present,7,4,63.636364
phenomenainon_updb,pre_1945,asia,11,craft_confidence,qualified_value,5,6,45.454545
phenomenainon_updb,pre_1945,asia,11,craft_classification_source,normalized_field_present,7,4,63.636364
phenomenainon_updb,pre_1945,asia,11,same_day_suitability,qualified_value,5,6,45.454545
phenomenainon_updb,pre_1945,asia,11,duplicate_lineage,normalized_field_present,11,0,100.000000
phenomenainon_updb,pre_1945,asia,11,publisher_lineage,normalized_field_present,11,0,100.000000
phenomenainon_updb,pre_1945,asia,11,independent_source_identity,normalized_field_present,11,0,100.000000
phenomenainon_updb,pre_1945,asia,11,country_assignment,derived_field_present,11,0,100.000000
phenomenainon_updb,pre_1945,asia,11,administrative_region,normalized_field_present,0,11,0.000000
phenomenainon_updb,pre_1945,asia,11,boundary_assignment_provenance,derived_field_present,11,0,100.000000
phenomenainon_updb,pre_1945,asia,11,duration_raw,raw_field_present,0,11,0.000000
phenomenainon_updb,pre_1945,asia,11,witness_count_raw,raw_explicit_value,0,11,0.000000
phenomenainon_updb,pre_1945,asia,11,sound_raw,raw_explicit_value,0,11,0.000000
phenomenainon_updb,pre_1945,asia,11,color_raw,raw_explicit_value,0,11,0.000000
phenomenainon_updb,pre_1945,asia,11,light_positive_mention,raw_positive_mention,0,11,0.000000
phenomenainon_updb,pre_1945,asia,11,behavior_raw,raw_explicit_value,0,11,0.000000
phenomenainon_updb,pre_1945,asia,11,evidence_raw,raw_explicit_value,0,11,0.000000
phenomenainon_updb,pre_1945,europe,120,coordinate_evidence,normalized_field_present,120,0,100.000000
phenomenainon_updb,pre_1945,europe,120,source_coordinates,qualified_value,0,120,0.000000
phenomenainon_updb,pre_1945,europe,120,coordinate_precision,normalized_field_present,120,0,100.000000
phenomenainon_updb,pre_1945,europe,120,coordinate_pile_review_state,normalized_field_present,0,120,0.000000
phenomenainon_updb,pre_1945,europe,120,occurrence_date_role,raw_field_present,120,0,100.000000
phenomenainon_updb,pre_1945,europe,120,exact_date,qualified_value,120,0,100.000000
phenomenainon_updb,pre_1945,europe,120,time_of_day_raw,raw_field_present,120,0,100.000000
phenomenainon_updb,pre_1945,europe,120,time_of_day_normalized,qualified_value,0,120,0.000000
phenomenainon_updb,pre_1945,europe,120,reported_date_role,raw_field_present,0,120,0.000000
phenomenainon_updb,pre_1945,europe,120,reporting_delay_estimable,qualified_value,0,120,0.000000
phenomenainon_updb,pre_1945,europe,120,craft_normalized,normalized_field_present,77,43,64.166667
phenomenainon_updb,pre_1945,europe,120,craft_confidence,qualified_value,55,65,45.833333
phenomenainon_updb,pre_1945,europe,120,craft_classification_source,normalized_field_present,77,43,64.166667
phenomenainon_updb,pre_1945,europe,120,same_day_suitability,qualified_value,51,69,42.500000
phenomenainon_updb,pre_1945,europe,120,duplicate_lineage,normalized_field_present,120,0,100.000000
phenomenainon_updb,pre_1945,europe,120,publisher_lineage,normalized_field_present,120,0,100.000000
phenomenainon_updb,pre_1945,europe,120,independent_source_identity,normalized_field_present,120,0,100.000000
phenomenainon_updb,pre_1945,europe,120,country_assignment,derived_field_present,120,0,100.000000
phenomenainon_updb,pre_1945,europe,120,administrative_region,normalized_field_present,0,120,0.000000
phenomenainon_updb,pre_1945,europe,120,boundary_assignment_provenance,derived_field_present,120,0,100.000000
phenomenainon_updb,pre_1945,europe,120,duration_raw,raw_field_present,0,120,0.000000
phenomenainon_updb,pre_1945,europe,120,witness_count_raw,raw_explicit_value,0,120,0.000000
phenomenainon_updb,pre_1945,europe,120,sound_raw,raw_explicit_value,0,120,0.000000
phenomenainon_updb,pre_1945,europe,120,color_raw,raw_explicit_value,0,120,0.000000
phenomenainon_updb,pre_1945,europe,120,light_positive_mention,raw_positive_mention,0,120,0.000000
phenomenainon_updb,pre_1945,europe,120,behavior_raw,raw_explicit_value,0,120,0.000000
phenomenainon_updb,pre_1945,europe,120,evidence_raw,raw_explicit_value,0,120,0.000000
phenomenainon_updb,pre_1945,latin_america_caribbean,9,coordinate_evidence,normalized_field_present,9,0,100.000000
phenomenainon_updb,pre_1945,latin_america_caribbean,9,source_coordinates,qualified_value,0,9,0.000000
phenomenainon_updb,pre_1945,latin_america_caribbean,9,coordinate_precision,normalized_field_present,9,0,100.000000
phenomenainon_updb,pre_1945,latin_america_caribbean,9,coordinate_pile_review_state,normalized_field_present,0,9,0.000000
phenomenainon_updb,pre_1945,latin_america_caribbean,9,occurrence_date_role,raw_field_present,9,0,100.000000
phenomenainon_updb,pre_1945,latin_america_caribbean,9,exact_date,qualified_value,9,0,100.000000
phenomenainon_updb,pre_1945,latin_america_caribbean,9,time_of_day_raw,raw_field_present,9,0,100.000000
phenomenainon_updb,pre_1945,latin_america_caribbean,9,time_of_day_normalized,qualified_value,0,9,0.000000
phenomenainon_updb,pre_1945,latin_america_caribbean,9,reported_date_role,raw_field_present,0,9,0.000000
phenomenainon_updb,pre_1945,latin_america_caribbean,9,reporting_delay_estimable,qualified_value,0,9,0.000000
phenomenainon_updb,pre_1945,latin_america_caribbean,9,craft_normalized,normalized_field_present,6,3,66.666667
phenomenainon_updb,pre_1945,latin_america_caribbean,9,craft_confidence,qualified_value,4,5,44.444444
phenomenainon_updb,pre_1945,latin_america_caribbean,9,craft_classification_source,normalized_field_present,6,3,66.666667
phenomenainon_updb,pre_1945,latin_america_caribbean,9,same_day_suitability,qualified_value,4,5,44.444444
phenomenainon_updb,pre_1945,latin_america_caribbean,9,duplicate_lineage,normalized_field_present,9,0,100.000000
phenomenainon_updb,pre_1945,latin_america_caribbean,9,publisher_lineage,normalized_field_present,9,0,100.000000
phenomenainon_updb,pre_1945,latin_america_caribbean,9,independent_source_identity,normalized_field_present,9,0,100.000000
phenomenainon_updb,pre_1945,latin_america_caribbean,9,country_assignment,derived_field_present,9,0,100.000000
phenomenainon_updb,pre_1945,latin_america_caribbean,9,administrative_region,normalized_field_present,0,9,0.000000
phenomenainon_updb,pre_1945,latin_america_caribbean,9,boundary_assignment_provenance,derived_field_present,9,0,100.000000
phenomenainon_updb,pre_1945,latin_america_caribbean,9,duration_raw,raw_field_present,0,9,0.000000
phenomenainon_updb,pre_1945,latin_america_caribbean,9,witness_count_raw,raw_explicit_value,0,9,0.000000
phenomenainon_updb,pre_1945,latin_america_caribbean,9,sound_raw,raw_explicit_value,0,9,0.000000
phenomenainon_updb,pre_1945,latin_america_caribbean,9,color_raw,raw_explicit_value,0,9,0.000000
phenomenainon_updb,pre_1945,latin_america_caribbean,9,light_positive_mention,raw_positive_mention,0,9,0.000000
phenomenainon_updb,pre_1945,latin_america_caribbean,9,behavior_raw,raw_explicit_value,0,9,0.000000
phenomenainon_updb,pre_1945,latin_america_caribbean,9,evidence_raw,raw_explicit_value,0,9,0.000000
phenomenainon_updb,pre_1945,northern_america,496,coordinate_evidence,normalized_field_present,496,0,100.000000
phenomenainon_updb,pre_1945,northern_america,496,source_coordinates,qualified_value,1,495,0.201613
phenomenainon_updb,pre_1945,northern_america,496,coordinate_precision,normalized_field_present,496,0,100.000000
phenomenainon_updb,pre_1945,northern_america,496,coordinate_pile_review_state,normalized_field_present,0,496,0.000000
phenomenainon_updb,pre_1945,northern_america,496,occurrence_date_role,raw_field_present,496,0,100.000000
phenomenainon_updb,pre_1945,northern_america,496,exact_date,qualified_value,496,0,100.000000
phenomenainon_updb,pre_1945,northern_america,496,time_of_day_raw,raw_field_present,496,0,100.000000
phenomenainon_updb,pre_1945,northern_america,496,time_of_day_normalized,qualified_value,0,496,0.000000
phenomenainon_updb,pre_1945,northern_america,496,reported_date_role,raw_field_present,0,496,0.000000
phenomenainon_updb,pre_1945,northern_america,496,reporting_delay_estimable,qualified_value,0,496,0.000000
phenomenainon_updb,pre_1945,northern_america,496,craft_normalized,normalized_field_present,308,188,62.096774
phenomenainon_updb,pre_1945,northern_america,496,craft_confidence,qualified_value,257,239,51.814516
phenomenainon_updb,pre_1945,northern_america,496,craft_classification_source,normalized_field_present,308,188,62.096774
phenomenainon_updb,pre_1945,northern_america,496,same_day_suitability,qualified_value,242,254,48.790323
phenomenainon_updb,pre_1945,northern_america,496,duplicate_lineage,normalized_field_present,496,0,100.000000
phenomenainon_updb,pre_1945,northern_america,496,publisher_lineage,normalized_field_present,496,0,100.000000
phenomenainon_updb,pre_1945,northern_america,496,independent_source_identity,normalized_field_present,496,0,100.000000
phenomenainon_updb,pre_1945,northern_america,496,country_assignment,derived_field_present,496,0,100.000000
phenomenainon_updb,pre_1945,northern_america,496,administrative_region,normalized_field_present,0,496,0.000000
phenomenainon_updb,pre_1945,northern_america,496,boundary_assignment_provenance,derived_field_present,496,0,100.000000
phenomenainon_updb,pre_1945,northern_america,496,duration_raw,raw_field_present,0,496,0.000000
phenomenainon_updb,pre_1945,northern_america,496,witness_count_raw,raw_explicit_value,0,496,0.000000
phenomenainon_updb,pre_1945,northern_america,496,sound_raw,raw_explicit_value,0,496,0.000000
phenomenainon_updb,pre_1945,northern_america,496,color_raw,raw_explicit_value,0,496,0.000000
phenomenainon_updb,pre_1945,northern_america,496,light_positive_mention,raw_positive_mention,0,496,0.000000
phenomenainon_updb,pre_1945,northern_america,496,behavior_raw,raw_explicit_value,0,496,0.000000
phenomenainon_updb,pre_1945,northern_america,496,evidence_raw,raw_explicit_value,0,496,0.000000
phenomenainon_updb,pre_1945,oceania,16,coordinate_evidence,normalized_field_present,16,0,100.000000
phenomenainon_updb,pre_1945,oceania,16,source_coordinates,qualified_value,0,16,0.000000
phenomenainon_updb,pre_1945,oceania,16,coordinate_precision,normalized_field_present,16,0,100.000000
phenomenainon_updb,pre_1945,oceania,16,coordinate_pile_review_state,normalized_field_present,0,16,0.000000
phenomenainon_updb,pre_1945,oceania,16,occurrence_date_role,raw_field_present,16,0,100.000000
phenomenainon_updb,pre_1945,oceania,16,exact_date,qualified_value,16,0,100.000000
phenomenainon_updb,pre_1945,oceania,16,time_of_day_raw,raw_field_present,16,0,100.000000
phenomenainon_updb,pre_1945,oceania,16,time_of_day_normalized,qualified_value,0,16,0.000000
phenomenainon_updb,pre_1945,oceania,16,reported_date_role,raw_field_present,0,16,0.000000
phenomenainon_updb,pre_1945,oceania,16,reporting_delay_estimable,qualified_value,0,16,0.000000
phenomenainon_updb,pre_1945,oceania,16,craft_normalized,normalized_field_present,7,9,43.750000
phenomenainon_updb,pre_1945,oceania,16,craft_confidence,qualified_value,6,10,37.500000
phenomenainon_updb,pre_1945,oceania,16,craft_classification_source,normalized_field_present,7,9,43.750000
phenomenainon_updb,pre_1945,oceania,16,same_day_suitability,qualified_value,6,10,37.500000
phenomenainon_updb,pre_1945,oceania,16,duplicate_lineage,normalized_field_present,16,0,100.000000
phenomenainon_updb,pre_1945,oceania,16,publisher_lineage,normalized_field_present,16,0,100.000000
phenomenainon_updb,pre_1945,oceania,16,independent_source_identity,normalized_field_present,16,0,100.000000
phenomenainon_updb,pre_1945,oceania,16,country_assignment,derived_field_present,16,0,100.000000
phenomenainon_updb,pre_1945,oceania,16,administrative_region,normalized_field_present,0,16,0.000000
phenomenainon_updb,pre_1945,oceania,16,boundary_assignment_provenance,derived_field_present,16,0,100.000000
phenomenainon_updb,pre_1945,oceania,16,duration_raw,raw_field_present,0,16,0.000000
phenomenainon_updb,pre_1945,oceania,16,witness_count_raw,raw_explicit_value,0,16,0.000000
phenomenainon_updb,pre_1945,oceania,16,sound_raw,raw_explicit_value,0,16,0.000000
phenomenainon_updb,pre_1945,oceania,16,color_raw,raw_explicit_value,0,16,0.000000
phenomenainon_updb,pre_1945,oceania,16,light_positive_mention,raw_positive_mention,0,16,0.000000
phenomenainon_updb,pre_1945,oceania,16,behavior_raw,raw_explicit_value,0,16,0.000000
phenomenainon_updb,pre_1945,oceania,16,evidence_raw,raw_explicit_value,0,16,0.000000
phenomenainon_updb,pre_1945,unknown,831,coordinate_evidence,normalized_field_present,831,0,100.000000
phenomenainon_updb,pre_1945,unknown,831,source_coordinates,qualified_value,0,831,0.000000
phenomenainon_updb,pre_1945,unknown,831,coordinate_precision,normalized_field_present,736,95,88.567990
phenomenainon_updb,pre_1945,unknown,831,coordinate_pile_review_state,normalized_field_present,0,831,0.000000
phenomenainon_updb,pre_1945,unknown,831,occurrence_date_role,raw_field_present,831,0,100.000000
phenomenainon_updb,pre_1945,unknown,831,exact_date,qualified_value,831,0,100.000000
phenomenainon_updb,pre_1945,unknown,831,time_of_day_raw,raw_field_present,831,0,100.000000
phenomenainon_updb,pre_1945,unknown,831,time_of_day_normalized,qualified_value,0,831,0.000000
phenomenainon_updb,pre_1945,unknown,831,reported_date_role,raw_field_present,0,831,0.000000
phenomenainon_updb,pre_1945,unknown,831,reporting_delay_estimable,qualified_value,0,831,0.000000
phenomenainon_updb,pre_1945,unknown,831,craft_normalized,normalized_field_present,385,446,46.329723
phenomenainon_updb,pre_1945,unknown,831,craft_confidence,qualified_value,304,527,36.582431
phenomenainon_updb,pre_1945,unknown,831,craft_classification_source,normalized_field_present,385,446,46.329723
phenomenainon_updb,pre_1945,unknown,831,same_day_suitability,qualified_value,222,609,26.714801
phenomenainon_updb,pre_1945,unknown,831,duplicate_lineage,normalized_field_present,831,0,100.000000
phenomenainon_updb,pre_1945,unknown,831,publisher_lineage,normalized_field_present,831,0,100.000000
phenomenainon_updb,pre_1945,unknown,831,independent_source_identity,normalized_field_present,831,0,100.000000
phenomenainon_updb,pre_1945,unknown,831,country_assignment,derived_field_present,0,831,0.000000
phenomenainon_updb,pre_1945,unknown,831,administrative_region,normalized_field_present,0,831,0.000000
phenomenainon_updb,pre_1945,unknown,831,boundary_assignment_provenance,derived_field_present,13,818,1.564380
phenomenainon_updb,pre_1945,unknown,831,duration_raw,raw_field_present,0,831,0.000000
phenomenainon_updb,pre_1945,unknown,831,witness_count_raw,raw_explicit_value,0,831,0.000000
phenomenainon_updb,pre_1945,unknown,831,sound_raw,raw_explicit_value,0,831,0.000000
phenomenainon_updb,pre_1945,unknown,831,color_raw,raw_explicit_value,0,831,0.000000
phenomenainon_updb,pre_1945,unknown,831,light_positive_mention,raw_positive_mention,0,831,0.000000
phenomenainon_updb,pre_1945,unknown,831,behavior_raw,raw_explicit_value,0,831,0.000000
phenomenainon_updb,pre_1945,unknown,831,evidence_raw,raw_explicit_value,0,831,0.000000
ufocat,1945_1959,africa,246,coordinate_evidence,normalized_field_present,246,0,100.000000
ufocat,1945_1959,africa,246,source_coordinates,qualified_value,246,0,100.000000
ufocat,1945_1959,africa,246,coordinate_precision,normalized_field_present,246,0,100.000000
ufocat,1945_1959,africa,246,coordinate_pile_review_state,normalized_field_present,0,246,0.000000
ufocat,1945_1959,africa,246,occurrence_date_role,raw_field_present,246,0,100.000000
ufocat,1945_1959,africa,246,exact_date,qualified_value,209,37,84.959350
ufocat,1945_1959,africa,246,time_of_day_raw,raw_field_present,170,76,69.105691
ufocat,1945_1959,africa,246,time_of_day_normalized,qualified_value,2,244,0.813008
ufocat,1945_1959,africa,246,reported_date_role,raw_field_present,0,246,0.000000
ufocat,1945_1959,africa,246,reporting_delay_estimable,qualified_value,0,246,0.000000
ufocat,1945_1959,africa,246,craft_normalized,normalized_field_present,127,119,51.626016
ufocat,1945_1959,africa,246,craft_confidence,qualified_value,113,133,45.934959
ufocat,1945_1959,africa,246,craft_classification_source,normalized_field_present,138,108,56.097561
ufocat,1945_1959,africa,246,same_day_suitability,qualified_value,98,148,39.837398
ufocat,1945_1959,africa,246,duplicate_lineage,normalized_field_present,246,0,100.000000
ufocat,1945_1959,africa,246,publisher_lineage,normalized_field_present,246,0,100.000000
ufocat,1945_1959,africa,246,independent_source_identity,normalized_field_present,246,0,100.000000
ufocat,1945_1959,africa,246,country_assignment,derived_field_present,246,0,100.000000
ufocat,1945_1959,africa,246,administrative_region,normalized_field_present,0,246,0.000000
ufocat,1945_1959,africa,246,boundary_assignment_provenance,derived_field_present,246,0,100.000000
ufocat,1945_1959,africa,246,duration_raw,raw_field_present,79,167,32.113821
ufocat,1945_1959,africa,246,witness_count_raw,raw_explicit_value,0,246,0.000000
ufocat,1945_1959,africa,246,sound_raw,raw_explicit_value,18,228,7.317073
ufocat,1945_1959,africa,246,color_raw,raw_explicit_value,36,210,14.634146
ufocat,1945_1959,africa,246,light_positive_mention,raw_positive_mention,0,246,0.000000
ufocat,1945_1959,africa,246,behavior_raw,raw_explicit_value,0,246,0.000000
ufocat,1945_1959,africa,246,evidence_raw,raw_explicit_value,0,246,0.000000
ufocat,1945_1959,antarctica,2,coordinate_evidence,normalized_field_present,2,0,100.000000
ufocat,1945_1959,antarctica,2,source_coordinates,qualified_value,2,0,100.000000
ufocat,1945_1959,antarctica,2,coordinate_precision,normalized_field_present,2,0,100.000000
ufocat,1945_1959,antarctica,2,coordinate_pile_review_state,normalized_field_present,0,2,0.000000
ufocat,1945_1959,antarctica,2,occurrence_date_role,raw_field_present,2,0,100.000000
ufocat,1945_1959,antarctica,2,exact_date,qualified_value,2,0,100.000000
ufocat,1945_1959,antarctica,2,time_of_day_raw,raw_field_present,2,0,100.000000
ufocat,1945_1959,antarctica,2,time_of_day_normalized,qualified_value,1,1,50.000000
ufocat,1945_1959,antarctica,2,reported_date_role,raw_field_present,0,2,0.000000
ufocat,1945_1959,antarctica,2,reporting_delay_estimable,qualified_value,0,2,0.000000
ufocat,1945_1959,antarctica,2,craft_normalized,normalized_field_present,1,1,50.000000
ufocat,1945_1959,antarctica,2,craft_confidence,qualified_value,1,1,50.000000
ufocat,1945_1959,antarctica,2,craft_classification_source,normalized_field_present,2,0,100.000000
ufocat,1945_1959,antarctica,2,same_day_suitability,qualified_value,1,1,50.000000
ufocat,1945_1959,antarctica,2,duplicate_lineage,normalized_field_present,2,0,100.000000
ufocat,1945_1959,antarctica,2,publisher_lineage,normalized_field_present,2,0,100.000000
ufocat,1945_1959,antarctica,2,independent_source_identity,normalized_field_present,2,0,100.000000
ufocat,1945_1959,antarctica,2,country_assignment,derived_field_present,2,0,100.000000
ufocat,1945_1959,antarctica,2,administrative_region,normalized_field_present,0,2,0.000000
ufocat,1945_1959,antarctica,2,boundary_assignment_provenance,derived_field_present,2,0,100.000000
ufocat,1945_1959,antarctica,2,duration_raw,raw_field_present,1,1,50.000000
ufocat,1945_1959,antarctica,2,witness_count_raw,raw_explicit_value,0,2,0.000000
ufocat,1945_1959,antarctica,2,sound_raw,raw_explicit_value,0,2,0.000000
ufocat,1945_1959,antarctica,2,color_raw,raw_explicit_value,1,1,50.000000
ufocat,1945_1959,antarctica,2,light_positive_mention,raw_positive_mention,0,2,0.000000
ufocat,1945_1959,antarctica,2,behavior_raw,raw_explicit_value,0,2,0.000000
ufocat,1945_1959,antarctica,2,evidence_raw,raw_explicit_value,0,2,0.000000
ufocat,1945_1959,asia,223,coordinate_evidence,normalized_field_present,223,0,100.000000
ufocat,1945_1959,asia,223,source_coordinates,qualified_value,222,1,99.551570
ufocat,1945_1959,asia,223,coordinate_precision,normalized_field_present,223,0,100.000000
ufocat,1945_1959,asia,223,coordinate_pile_review_state,normalized_field_present,0,223,0.000000
ufocat,1945_1959,asia,223,occurrence_date_role,raw_field_present,223,0,100.000000
ufocat,1945_1959,asia,223,exact_date,qualified_value,201,22,90.134529
ufocat,1945_1959,asia,223,time_of_day_raw,raw_field_present,135,88,60.538117
ufocat,1945_1959,asia,223,time_of_day_normalized,qualified_value,4,219,1.793722
ufocat,1945_1959,asia,223,reported_date_role,raw_field_present,0,223,0.000000
ufocat,1945_1959,asia,223,reporting_delay_estimable,qualified_value,0,223,0.000000
ufocat,1945_1959,asia,223,craft_normalized,normalized_field_present,119,104,53.363229
ufocat,1945_1959,asia,223,craft_confidence,qualified_value,94,129,42.152466
ufocat,1945_1959,asia,223,craft_classification_source,normalized_field_present,123,100,55.156951
ufocat,1945_1959,asia,223,same_day_suitability,qualified_value,54,169,24.215247
ufocat,1945_1959,asia,223,duplicate_lineage,normalized_field_present,223,0,100.000000
ufocat,1945_1959,asia,223,publisher_lineage,normalized_field_present,223,0,100.000000
ufocat,1945_1959,asia,223,independent_source_identity,normalized_field_present,223,0,100.000000
ufocat,1945_1959,asia,223,country_assignment,derived_field_present,223,0,100.000000
ufocat,1945_1959,asia,223,administrative_region,normalized_field_present,0,223,0.000000
ufocat,1945_1959,asia,223,boundary_assignment_provenance,derived_field_present,223,0,100.000000
ufocat,1945_1959,asia,223,duration_raw,raw_field_present,71,152,31.838565
ufocat,1945_1959,asia,223,witness_count_raw,raw_explicit_value,0,223,0.000000
ufocat,1945_1959,asia,223,sound_raw,raw_explicit_value,8,215,3.587444
ufocat,1945_1959,asia,223,color_raw,raw_explicit_value,42,181,18.834081
ufocat,1945_1959,asia,223,light_positive_mention,raw_positive_mention,0,223,0.000000
ufocat,1945_1959,asia,223,behavior_raw,raw_explicit_value,0,223,0.000000
ufocat,1945_1959,asia,223,evidence_raw,raw_explicit_value,0,223,0.000000
ufocat,1945_1959,europe,4168,coordinate_evidence,normalized_field_present,4168,0,100.000000
ufocat,1945_1959,europe,4168,source_coordinates,qualified_value,3919,249,94.025912
ufocat,1945_1959,europe,4168,coordinate_precision,normalized_field_present,4168,0,100.000000
ufocat,1945_1959,europe,4168,coordinate_pile_review_state,normalized_field_present,0,4168,0.000000
ufocat,1945_1959,europe,4168,occurrence_date_role,raw_field_present,4168,0,100.000000
ufocat,1945_1959,europe,4168,exact_date,qualified_value,3456,712,82.917466
ufocat,1945_1959,europe,4168,time_of_day_raw,raw_field_present,2939,1229,70.513436
ufocat,1945_1959,europe,4168,time_of_day_normalized,qualified_value,113,4055,2.711132
ufocat,1945_1959,europe,4168,reported_date_role,raw_field_present,0,4168,0.000000
ufocat,1945_1959,europe,4168,reporting_delay_estimable,qualified_value,0,4168,0.000000
ufocat,1945_1959,europe,4168,craft_normalized,normalized_field_present,2190,1978,52.543186
ufocat,1945_1959,europe,4168,craft_confidence,qualified_value,1632,2536,39.155470
ufocat,1945_1959,europe,4168,craft_classification_source,normalized_field_present,2322,1846,55.710173
ufocat,1945_1959,europe,4168,same_day_suitability,qualified_value,1374,2794,32.965451
ufocat,1945_1959,europe,4168,duplicate_lineage,normalized_field_present,4168,0,100.000000
ufocat,1945_1959,europe,4168,publisher_lineage,normalized_field_present,4168,0,100.000000
ufocat,1945_1959,europe,4168,independent_source_identity,normalized_field_present,4168,0,100.000000
ufocat,1945_1959,europe,4168,country_assignment,derived_field_present,4168,0,100.000000
ufocat,1945_1959,europe,4168,administrative_region,normalized_field_present,0,4168,0.000000
ufocat,1945_1959,europe,4168,boundary_assignment_provenance,derived_field_present,4168,0,100.000000
ufocat,1945_1959,europe,4168,duration_raw,raw_field_present,997,3171,23.920345
ufocat,1945_1959,europe,4168,witness_count_raw,raw_explicit_value,0,4168,0.000000
ufocat,1945_1959,europe,4168,sound_raw,raw_explicit_value,214,3954,5.134357
ufocat,1945_1959,europe,4168,color_raw,raw_explicit_value,527,3641,12.643954
ufocat,1945_1959,europe,4168,light_positive_mention,raw_positive_mention,0,4168,0.000000
ufocat,1945_1959,europe,4168,behavior_raw,raw_explicit_value,0,4168,0.000000
ufocat,1945_1959,europe,4168,evidence_raw,raw_explicit_value,0,4168,0.000000
ufocat,1945_1959,latin_america_caribbean,899,coordinate_evidence,normalized_field_present,899,0,100.000000
ufocat,1945_1959,latin_america_caribbean,899,source_coordinates,qualified_value,897,2,99.777531
ufocat,1945_1959,latin_america_caribbean,899,coordinate_precision,normalized_field_present,899,0,100.000000
ufocat,1945_1959,latin_america_caribbean,899,coordinate_pile_review_state,normalized_field_present,0,899,0.000000
ufocat,1945_1959,latin_america_caribbean,899,occurrence_date_role,raw_field_present,899,0,100.000000
ufocat,1945_1959,latin_america_caribbean,899,exact_date,qualified_value,744,155,82.758621
ufocat,1945_1959,latin_america_caribbean,899,time_of_day_raw,raw_field_present,557,342,61.957731
ufocat,1945_1959,latin_america_caribbean,899,time_of_day_normalized,qualified_value,33,866,3.670745
ufocat,1945_1959,latin_america_caribbean,899,reported_date_role,raw_field_present,0,899,0.000000
ufocat,1945_1959,latin_america_caribbean,899,reporting_delay_estimable,qualified_value,0,899,0.000000
ufocat,1945_1959,latin_america_caribbean,899,craft_normalized,normalized_field_present,469,430,52.169077
ufocat,1945_1959,latin_america_caribbean,899,craft_confidence,qualified_value,348,551,38.709677
ufocat,1945_1959,latin_america_caribbean,899,craft_classification_source,normalized_field_present,521,378,57.953281
ufocat,1945_1959,latin_america_caribbean,899,same_day_suitability,qualified_value,298,601,33.147942
ufocat,1945_1959,latin_america_caribbean,899,duplicate_lineage,normalized_field_present,899,0,100.000000
ufocat,1945_1959,latin_america_caribbean,899,publisher_lineage,normalized_field_present,899,0,100.000000
ufocat,1945_1959,latin_america_caribbean,899,independent_source_identity,normalized_field_present,899,0,100.000000
ufocat,1945_1959,latin_america_caribbean,899,country_assignment,derived_field_present,899,0,100.000000
ufocat,1945_1959,latin_america_caribbean,899,administrative_region,normalized_field_present,0,899,0.000000
ufocat,1945_1959,latin_america_caribbean,899,boundary_assignment_provenance,derived_field_present,899,0,100.000000
ufocat,1945_1959,latin_america_caribbean,899,duration_raw,raw_field_present,167,732,18.576196
ufocat,1945_1959,latin_america_caribbean,899,witness_count_raw,raw_explicit_value,0,899,0.000000
ufocat,1945_1959,latin_america_caribbean,899,sound_raw,raw_explicit_value,56,843,6.229143
ufocat,1945_1959,latin_america_caribbean,899,color_raw,raw_explicit_value,110,789,12.235818
ufocat,1945_1959,latin_america_caribbean,899,light_positive_mention,raw_positive_mention,0,899,0.000000
ufocat,1945_1959,latin_america_caribbean,899,behavior_raw,raw_explicit_value,0,899,0.000000
ufocat,1945_1959,latin_america_caribbean,899,evidence_raw,raw_explicit_value,0,899,0.000000
ufocat,1945_1959,northern_america,12388,coordinate_evidence,normalized_field_present,12388,0,100.000000
ufocat,1945_1959,northern_america,12388,source_coordinates,qualified_value,5843,6545,47.166613
ufocat,1945_1959,northern_america,12388,coordinate_precision,normalized_field_present,12388,0,100.000000
ufocat,1945_1959,northern_america,12388,coordinate_pile_review_state,normalized_field_present,0,12388,0.000000
ufocat,1945_1959,northern_america,12388,occurrence_date_role,raw_field_present,12388,0,100.000000
ufocat,1945_1959,northern_america,12388,exact_date,qualified_value,10464,1924,84.468841
ufocat,1945_1959,northern_america,12388,time_of_day_raw,raw_field_present,8181,4207,66.039716
ufocat,1945_1959,northern_america,12388,time_of_day_normalized,qualified_value,362,12026,2.922183
ufocat,1945_1959,northern_america,12388,reported_date_role,raw_field_present,0,12388,0.000000
ufocat,1945_1959,northern_america,12388,reporting_delay_estimable,qualified_value,0,12388,0.000000
ufocat,1945_1959,northern_america,12388,craft_normalized,normalized_field_present,7706,4682,62.205360
ufocat,1945_1959,northern_america,12388,craft_confidence,qualified_value,6240,6148,50.371327
ufocat,1945_1959,northern_america,12388,craft_classification_source,normalized_field_present,8025,4363,64.780433
ufocat,1945_1959,northern_america,12388,same_day_suitability,qualified_value,3386,9002,27.332903
ufocat,1945_1959,northern_america,12388,duplicate_lineage,normalized_field_present,12388,0,100.000000
ufocat,1945_1959,northern_america,12388,publisher_lineage,normalized_field_present,12388,0,100.000000
ufocat,1945_1959,northern_america,12388,independent_source_identity,normalized_field_present,12388,0,100.000000
ufocat,1945_1959,northern_america,12388,country_assignment,derived_field_present,12388,0,100.000000
ufocat,1945_1959,northern_america,12388,administrative_region,normalized_field_present,0,12388,0.000000
ufocat,1945_1959,northern_america,12388,boundary_assignment_provenance,derived_field_present,12388,0,100.000000
ufocat,1945_1959,northern_america,12388,duration_raw,raw_field_present,5270,7118,42.541169
ufocat,1945_1959,northern_america,12388,witness_count_raw,raw_explicit_value,0,12388,0.000000
ufocat,1945_1959,northern_america,12388,sound_raw,raw_explicit_value,506,11882,4.084598
ufocat,1945_1959,northern_america,12388,color_raw,raw_explicit_value,1527,10861,12.326445
ufocat,1945_1959,northern_america,12388,light_positive_mention,raw_positive_mention,0,12388,0.000000
ufocat,1945_1959,northern_america,12388,behavior_raw,raw_explicit_value,0,12388,0.000000
ufocat,1945_1959,northern_america,12388,evidence_raw,raw_explicit_value,0,12388,0.000000
ufocat,1945_1959,oceania,483,coordinate_evidence,normalized_field_present,483,0,100.000000
ufocat,1945_1959,oceania,483,source_coordinates,qualified_value,347,136,71.842650
ufocat,1945_1959,oceania,483,coordinate_precision,normalized_field_present,483,0,100.000000
ufocat,1945_1959,oceania,483,coordinate_pile_review_state,normalized_field_present,0,483,0.000000
ufocat,1945_1959,oceania,483,occurrence_date_role,raw_field_present,483,0,100.000000
ufocat,1945_1959,oceania,483,exact_date,qualified_value,367,116,75.983437
ufocat,1945_1959,oceania,483,time_of_day_raw,raw_field_present,306,177,63.354037
ufocat,1945_1959,oceania,483,time_of_day_normalized,qualified_value,18,465,3.726708
ufocat,1945_1959,oceania,483,reported_date_role,raw_field_present,0,483,0.000000
ufocat,1945_1959,oceania,483,reporting_delay_estimable,qualified_value,0,483,0.000000
ufocat,1945_1959,oceania,483,craft_normalized,normalized_field_present,288,195,59.627329
ufocat,1945_1959,oceania,483,craft_confidence,qualified_value,209,274,43.271222
ufocat,1945_1959,oceania,483,craft_classification_source,normalized_field_present,303,180,62.732919
ufocat,1945_1959,oceania,483,same_day_suitability,qualified_value,171,312,35.403727
ufocat,1945_1959,oceania,483,duplicate_lineage,normalized_field_present,483,0,100.000000
ufocat,1945_1959,oceania,483,publisher_lineage,normalized_field_present,483,0,100.000000
ufocat,1945_1959,oceania,483,independent_source_identity,normalized_field_present,483,0,100.000000
ufocat,1945_1959,oceania,483,country_assignment,derived_field_present,483,0,100.000000
ufocat,1945_1959,oceania,483,administrative_region,normalized_field_present,0,483,0.000000
ufocat,1945_1959,oceania,483,boundary_assignment_provenance,derived_field_present,483,0,100.000000
ufocat,1945_1959,oceania,483,duration_raw,raw_field_present,159,324,32.919255
ufocat,1945_1959,oceania,483,witness_count_raw,raw_explicit_value,0,483,0.000000
ufocat,1945_1959,oceania,483,sound_raw,raw_explicit_value,35,448,7.246377
ufocat,1945_1959,oceania,483,color_raw,raw_explicit_value,122,361,25.258799
ufocat,1945_1959,oceania,483,light_positive_mention,raw_positive_mention,0,483,0.000000
ufocat,1945_1959,oceania,483,behavior_raw,raw_explicit_value,0,483,0.000000
ufocat,1945_1959,oceania,483,evidence_raw,raw_explicit_value,0,483,0.000000
ufocat,1945_1959,unknown,4586,coordinate_evidence,normalized_field_present,4586,0,100.000000
ufocat,1945_1959,unknown,4586,source_coordinates,qualified_value,971,3615,21.173136
ufocat,1945_1959,unknown,4586,coordinate_precision,normalized_field_present,4306,280,93.894461
ufocat,1945_1959,unknown,4586,coordinate_pile_review_state,normalized_field_present,0,4586,0.000000
ufocat,1945_1959,unknown,4586,occurrence_date_role,raw_field_present,4586,0,100.000000
ufocat,1945_1959,unknown,4586,exact_date,qualified_value,3435,1151,74.901875
ufocat,1945_1959,unknown,4586,time_of_day_raw,raw_field_present,2312,2274,50.414304
ufocat,1945_1959,unknown,4586,time_of_day_normalized,qualified_value,88,4498,1.918884
ufocat,1945_1959,unknown,4586,reported_date_role,raw_field_present,0,4586,0.000000
ufocat,1945_1959,unknown,4586,reporting_delay_estimable,qualified_value,0,4586,0.000000
ufocat,1945_1959,unknown,4586,craft_normalized,normalized_field_present,2089,2497,45.551679
ufocat,1945_1959,unknown,4586,craft_confidence,qualified_value,1723,2863,37.570868
ufocat,1945_1959,unknown,4586,craft_classification_source,normalized_field_present,2254,2332,49.149586
ufocat,1945_1959,unknown,4586,same_day_suitability,qualified_value,850,3736,18.534671
ufocat,1945_1959,unknown,4586,duplicate_lineage,normalized_field_present,4586,0,100.000000
ufocat,1945_1959,unknown,4586,publisher_lineage,normalized_field_present,4586,0,100.000000
ufocat,1945_1959,unknown,4586,independent_source_identity,normalized_field_present,4586,0,100.000000
ufocat,1945_1959,unknown,4586,country_assignment,derived_field_present,0,4586,0.000000
ufocat,1945_1959,unknown,4586,administrative_region,normalized_field_present,0,4586,0.000000
ufocat,1945_1959,unknown,4586,boundary_assignment_provenance,derived_field_present,1225,3361,26.711731
ufocat,1945_1959,unknown,4586,duration_raw,raw_field_present,849,3737,18.512865
ufocat,1945_1959,unknown,4586,witness_count_raw,raw_explicit_value,0,4586,0.000000
ufocat,1945_1959,unknown,4586,sound_raw,raw_explicit_value,87,4499,1.897078
ufocat,1945_1959,unknown,4586,color_raw,raw_explicit_value,360,4226,7.849978
ufocat,1945_1959,unknown,4586,light_positive_mention,raw_positive_mention,0,4586,0.000000
ufocat,1945_1959,unknown,4586,behavior_raw,raw_explicit_value,0,4586,0.000000
ufocat,1945_1959,unknown,4586,evidence_raw,raw_explicit_value,0,4586,0.000000
ufocat,1960_1979,africa,368,coordinate_evidence,normalized_field_present,368,0,100.000000
ufocat,1960_1979,africa,368,source_coordinates,qualified_value,368,0,100.000000
ufocat,1960_1979,africa,368,coordinate_precision,normalized_field_present,368,0,100.000000
ufocat,1960_1979,africa,368,coordinate_pile_review_state,normalized_field_present,0,368,0.000000
ufocat,1960_1979,africa,368,occurrence_date_role,raw_field_present,368,0,100.000000
ufocat,1960_1979,africa,368,exact_date,qualified_value,306,62,83.152174
ufocat,1960_1979,africa,368,time_of_day_raw,raw_field_present,284,84,77.173913
ufocat,1960_1979,africa,368,time_of_day_normalized,qualified_value,16,352,4.347826
ufocat,1960_1979,africa,368,reported_date_role,raw_field_present,0,368,0.000000
ufocat,1960_1979,africa,368,reporting_delay_estimable,qualified_value,0,368,0.000000
ufocat,1960_1979,africa,368,craft_normalized,normalized_field_present,192,176,52.173913
ufocat,1960_1979,africa,368,craft_confidence,qualified_value,136,232,36.956522
ufocat,1960_1979,africa,368,craft_classification_source,normalized_field_present,222,146,60.326087
ufocat,1960_1979,africa,368,same_day_suitability,qualified_value,122,246,33.152174
ufocat,1960_1979,africa,368,duplicate_lineage,normalized_field_present,368,0,100.000000
ufocat,1960_1979,africa,368,publisher_lineage,normalized_field_present,368,0,100.000000
ufocat,1960_1979,africa,368,independent_source_identity,normalized_field_present,368,0,100.000000
ufocat,1960_1979,africa,368,country_assignment,derived_field_present,368,0,100.000000
ufocat,1960_1979,africa,368,administrative_region,normalized_field_present,0,368,0.000000
ufocat,1960_1979,africa,368,boundary_assignment_provenance,derived_field_present,368,0,100.000000
ufocat,1960_1979,africa,368,duration_raw,raw_field_present,118,250,32.065217
ufocat,1960_1979,africa,368,witness_count_raw,raw_explicit_value,0,368,0.000000
ufocat,1960_1979,africa,368,sound_raw,raw_explicit_value,42,326,11.413043
ufocat,1960_1979,africa,368,color_raw,raw_explicit_value,67,301,18.206522
ufocat,1960_1979,africa,368,light_positive_mention,raw_positive_mention,0,368,0.000000
ufocat,1960_1979,africa,368,behavior_raw,raw_explicit_value,0,368,0.000000
ufocat,1960_1979,africa,368,evidence_raw,raw_explicit_value,0,368,0.000000
ufocat,1960_1979,antarctica,4,coordinate_evidence,normalized_field_present,4,0,100.000000
ufocat,1960_1979,antarctica,4,source_coordinates,qualified_value,4,0,100.000000
ufocat,1960_1979,antarctica,4,coordinate_precision,normalized_field_present,4,0,100.000000
ufocat,1960_1979,antarctica,4,coordinate_pile_review_state,normalized_field_present,0,4,0.000000
ufocat,1960_1979,antarctica,4,occurrence_date_role,raw_field_present,4,0,100.000000
ufocat,1960_1979,antarctica,4,exact_date,qualified_value,4,0,100.000000
ufocat,1960_1979,antarctica,4,time_of_day_raw,raw_field_present,4,0,100.000000
ufocat,1960_1979,antarctica,4,time_of_day_normalized,qualified_value,0,4,0.000000
ufocat,1960_1979,antarctica,4,reported_date_role,raw_field_present,0,4,0.000000
ufocat,1960_1979,antarctica,4,reporting_delay_estimable,qualified_value,0,4,0.000000
ufocat,1960_1979,antarctica,4,craft_normalized,normalized_field_present,3,1,75.000000
ufocat,1960_1979,antarctica,4,craft_confidence,qualified_value,2,2,50.000000
ufocat,1960_1979,antarctica,4,craft_classification_source,normalized_field_present,4,0,100.000000
ufocat,1960_1979,antarctica,4,same_day_suitability,qualified_value,2,2,50.000000
ufocat,1960_1979,antarctica,4,duplicate_lineage,normalized_field_present,4,0,100.000000
ufocat,1960_1979,antarctica,4,publisher_lineage,normalized_field_present,4,0,100.000000
ufocat,1960_1979,antarctica,4,independent_source_identity,normalized_field_present,4,0,100.000000
ufocat,1960_1979,antarctica,4,country_assignment,derived_field_present,4,0,100.000000
ufocat,1960_1979,antarctica,4,administrative_region,normalized_field_present,0,4,0.000000
ufocat,1960_1979,antarctica,4,boundary_assignment_provenance,derived_field_present,4,0,100.000000
ufocat,1960_1979,antarctica,4,duration_raw,raw_field_present,4,0,100.000000
ufocat,1960_1979,antarctica,4,witness_count_raw,raw_explicit_value,0,4,0.000000
ufocat,1960_1979,antarctica,4,sound_raw,raw_explicit_value,0,4,0.000000
ufocat,1960_1979,antarctica,4,color_raw,raw_explicit_value,3,1,75.000000
ufocat,1960_1979,antarctica,4,light_positive_mention,raw_positive_mention,0,4,0.000000
ufocat,1960_1979,antarctica,4,behavior_raw,raw_explicit_value,0,4,0.000000
ufocat,1960_1979,antarctica,4,evidence_raw,raw_explicit_value,0,4,0.000000
ufocat,1960_1979,asia,464,coordinate_evidence,normalized_field_present,464,0,100.000000
ufocat,1960_1979,asia,464,source_coordinates,qualified_value,464,0,100.000000
ufocat,1960_1979,asia,464,coordinate_precision,normalized_field_present,464,0,100.000000
ufocat,1960_1979,asia,464,coordinate_pile_review_state,normalized_field_present,0,464,0.000000
ufocat,1960_1979,asia,464,occurrence_date_role,raw_field_present,464,0,100.000000
ufocat,1960_1979,asia,464,exact_date,qualified_value,368,96,79.310345
ufocat,1960_1979,asia,464,time_of_day_raw,raw_field_present,331,133,71.336207
ufocat,1960_1979,asia,464,time_of_day_normalized,qualified_value,17,447,3.663793
ufocat,1960_1979,asia,464,reported_date_role,raw_field_present,0,464,0.000000
ufocat,1960_1979,asia,464,reporting_delay_estimable,qualified_value,0,464,0.000000
ufocat,1960_1979,asia,464,craft_normalized,normalized_field_present,352,112,75.862069
ufocat,1960_1979,asia,464,craft_confidence,qualified_value,311,153,67.025862
ufocat,1960_1979,asia,464,craft_classification_source,normalized_field_present,360,104,77.586207
ufocat,1960_1979,asia,464,same_day_suitability,qualified_value,143,321,30.818966
ufocat,1960_1979,asia,464,duplicate_lineage,normalized_field_present,464,0,100.000000
ufocat,1960_1979,asia,464,publisher_lineage,normalized_field_present,464,0,100.000000
ufocat,1960_1979,asia,464,independent_source_identity,normalized_field_present,464,0,100.000000
ufocat,1960_1979,asia,464,country_assignment,derived_field_present,464,0,100.000000
ufocat,1960_1979,asia,464,administrative_region,normalized_field_present,0,464,0.000000
ufocat,1960_1979,asia,464,boundary_assignment_provenance,derived_field_present,464,0,100.000000
ufocat,1960_1979,asia,464,duration_raw,raw_field_present,146,318,31.465517
ufocat,1960_1979,asia,464,witness_count_raw,raw_explicit_value,0,464,0.000000
ufocat,1960_1979,asia,464,sound_raw,raw_explicit_value,25,439,5.387931
ufocat,1960_1979,asia,464,color_raw,raw_explicit_value,72,392,15.517241
ufocat,1960_1979,asia,464,light_positive_mention,raw_positive_mention,0,464,0.000000
ufocat,1960_1979,asia,464,behavior_raw,raw_explicit_value,0,464,0.000000
ufocat,1960_1979,asia,464,evidence_raw,raw_explicit_value,0,464,0.000000
ufocat,1960_1979,europe,8902,coordinate_evidence,normalized_field_present,8902,0,100.000000
ufocat,1960_1979,europe,8902,source_coordinates,qualified_value,8162,740,91.687261
ufocat,1960_1979,europe,8902,coordinate_precision,normalized_field_present,8902,0,100.000000
ufocat,1960_1979,europe,8902,coordinate_pile_review_state,normalized_field_present,0,8902,0.000000
ufocat,1960_1979,europe,8902,occurrence_date_role,raw_field_present,8902,0,100.000000
ufocat,1960_1979,europe,8902,exact_date,qualified_value,7561,1341,84.935969
ufocat,1960_1979,europe,8902,time_of_day_raw,raw_field_present,7205,1697,80.936868
ufocat,1960_1979,europe,8902,time_of_day_normalized,qualified_value,423,8479,4.751741
ufocat,1960_1979,europe,8902,reported_date_role,raw_field_present,0,8902,0.000000
ufocat,1960_1979,europe,8902,reporting_delay_estimable,qualified_value,0,8902,0.000000
ufocat,1960_1979,europe,8902,craft_normalized,normalized_field_present,5189,3713,58.290272
ufocat,1960_1979,europe,8902,craft_confidence,qualified_value,3348,5554,37.609526
ufocat,1960_1979,europe,8902,craft_classification_source,normalized_field_present,5646,3256,63.423950
ufocat,1960_1979,europe,8902,same_day_suitability,qualified_value,2937,5965,32.992586
ufocat,1960_1979,europe,8902,duplicate_lineage,normalized_field_present,8902,0,100.000000
ufocat,1960_1979,europe,8902,publisher_lineage,normalized_field_present,8902,0,100.000000
ufocat,1960_1979,europe,8902,independent_source_identity,normalized_field_present,8902,0,100.000000
ufocat,1960_1979,europe,8902,country_assignment,derived_field_present,8902,0,100.000000
ufocat,1960_1979,europe,8902,administrative_region,normalized_field_present,0,8902,0.000000
ufocat,1960_1979,europe,8902,boundary_assignment_provenance,derived_field_present,8902,0,100.000000
ufocat,1960_1979,europe,8902,duration_raw,raw_field_present,2938,5964,33.003819
ufocat,1960_1979,europe,8902,witness_count_raw,raw_explicit_value,0,8902,0.000000
ufocat,1960_1979,europe,8902,sound_raw,raw_explicit_value,638,8264,7.166929
ufocat,1960_1979,europe,8902,color_raw,raw_explicit_value,1269,7633,14.255224
ufocat,1960_1979,europe,8902,light_positive_mention,raw_positive_mention,0,8902,0.000000
ufocat,1960_1979,europe,8902,behavior_raw,raw_explicit_value,0,8902,0.000000
ufocat,1960_1979,europe,8902,evidence_raw,raw_explicit_value,0,8902,0.000000
ufocat,1960_1979,latin_america_caribbean,2958,coordinate_evidence,normalized_field_present,2958,0,100.000000
ufocat,1960_1979,latin_america_caribbean,2958,source_coordinates,qualified_value,2942,16,99.459094
ufocat,1960_1979,latin_america_caribbean,2958,coordinate_precision,normalized_field_present,2958,0,100.000000
ufocat,1960_1979,latin_america_caribbean,2958,coordinate_pile_review_state,normalized_field_present,0,2958,0.000000
ufocat,1960_1979,latin_america_caribbean,2958,occurrence_date_role,raw_field_present,2958,0,100.000000
ufocat,1960_1979,latin_america_caribbean,2958,exact_date,qualified_value,2456,502,83.029074
ufocat,1960_1979,latin_america_caribbean,2958,time_of_day_raw,raw_field_present,2060,898,69.641650
ufocat,1960_1979,latin_america_caribbean,2958,time_of_day_normalized,qualified_value,121,2837,4.090602
ufocat,1960_1979,latin_america_caribbean,2958,reported_date_role,raw_field_present,0,2958,0.000000
ufocat,1960_1979,latin_america_caribbean,2958,reporting_delay_estimable,qualified_value,0,2958,0.000000
ufocat,1960_1979,latin_america_caribbean,2958,craft_normalized,normalized_field_present,1502,1456,50.777552
ufocat,1960_1979,latin_america_caribbean,2958,craft_confidence,qualified_value,1025,1933,34.651792
ufocat,1960_1979,latin_america_caribbean,2958,craft_classification_source,normalized_field_present,1853,1105,62.643678
ufocat,1960_1979,latin_america_caribbean,2958,same_day_suitability,qualified_value,864,2094,29.208925
ufocat,1960_1979,latin_america_caribbean,2958,duplicate_lineage,normalized_field_present,2958,0,100.000000
ufocat,1960_1979,latin_america_caribbean,2958,publisher_lineage,normalized_field_present,2958,0,100.000000
ufocat,1960_1979,latin_america_caribbean,2958,independent_source_identity,normalized_field_present,2958,0,100.000000
ufocat,1960_1979,latin_america_caribbean,2958,country_assignment,derived_field_present,2958,0,100.000000
ufocat,1960_1979,latin_america_caribbean,2958,administrative_region,normalized_field_present,0,2958,0.000000
ufocat,1960_1979,latin_america_caribbean,2958,boundary_assignment_provenance,derived_field_present,2958,0,100.000000
ufocat,1960_1979,latin_america_caribbean,2958,duration_raw,raw_field_present,736,2222,24.881677
ufocat,1960_1979,latin_america_caribbean,2958,witness_count_raw,raw_explicit_value,0,2958,0.000000
ufocat,1960_1979,latin_america_caribbean,2958,sound_raw,raw_explicit_value,203,2755,6.862745
ufocat,1960_1979,latin_america_caribbean,2958,color_raw,raw_explicit_value,516,2442,17.444219
ufocat,1960_1979,latin_america_caribbean,2958,light_positive_mention,raw_positive_mention,0,2958,0.000000
ufocat,1960_1979,latin_america_caribbean,2958,behavior_raw,raw_explicit_value,0,2958,0.000000
ufocat,1960_1979,latin_america_caribbean,2958,evidence_raw,raw_explicit_value,0,2958,0.000000
ufocat,1960_1979,northern_america,28820,coordinate_evidence,normalized_field_present,28820,0,100.000000
ufocat,1960_1979,northern_america,28820,source_coordinates,qualified_value,16951,11869,58.816794
ufocat,1960_1979,northern_america,28820,coordinate_precision,normalized_field_present,28820,0,100.000000
ufocat,1960_1979,northern_america,28820,coordinate_pile_review_state,normalized_field_present,0,28820,0.000000
ufocat,1960_1979,northern_america,28820,occurrence_date_role,raw_field_present,28820,0,100.000000
ufocat,1960_1979,northern_america,28820,exact_date,qualified_value,24223,4597,84.049271
ufocat,1960_1979,northern_america,28820,time_of_day_raw,raw_field_present,16167,12653,56.096461
ufocat,1960_1979,northern_america,28820,time_of_day_normalized,qualified_value,809,28011,2.807078
ufocat,1960_1979,northern_america,28820,reported_date_role,raw_field_present,0,28820,0.000000
ufocat,1960_1979,northern_america,28820,reporting_delay_estimable,qualified_value,0,28820,0.000000
ufocat,1960_1979,northern_america,28820,craft_normalized,normalized_field_present,16453,12367,57.088827
ufocat,1960_1979,northern_america,28820,craft_confidence,qualified_value,11469,17351,39.795281
ufocat,1960_1979,northern_america,28820,craft_classification_source,normalized_field_present,17942,10878,62.255378
ufocat,1960_1979,northern_america,28820,same_day_suitability,qualified_value,7095,21725,24.618321
ufocat,1960_1979,northern_america,28820,duplicate_lineage,normalized_field_present,28820,0,100.000000
ufocat,1960_1979,northern_america,28820,publisher_lineage,normalized_field_present,28820,0,100.000000
ufocat,1960_1979,northern_america,28820,independent_source_identity,normalized_field_present,28820,0,100.000000
ufocat,1960_1979,northern_america,28820,country_assignment,derived_field_present,28820,0,100.000000
ufocat,1960_1979,northern_america,28820,administrative_region,normalized_field_present,0,28820,0.000000
ufocat,1960_1979,northern_america,28820,boundary_assignment_provenance,derived_field_present,28820,0,100.000000
ufocat,1960_1979,northern_america,28820,duration_raw,raw_field_present,9599,19221,33.306731
ufocat,1960_1979,northern_america,28820,witness_count_raw,raw_explicit_value,0,28820,0.000000
ufocat,1960_1979,northern_america,28820,sound_raw,raw_explicit_value,2073,26747,7.192922
ufocat,1960_1979,northern_america,28820,color_raw,raw_explicit_value,3724,25096,12.921582
ufocat,1960_1979,northern_america,28820,light_positive_mention,raw_positive_mention,0,28820,0.000000
ufocat,1960_1979,northern_america,28820,behavior_raw,raw_explicit_value,0,28820,0.000000
ufocat,1960_1979,northern_america,28820,evidence_raw,raw_explicit_value,0,28820,0.000000
ufocat,1960_1979,oceania,2488,coordinate_evidence,normalized_field_present,2488,0,100.000000
ufocat,1960_1979,oceania,2488,source_coordinates,qualified_value,1652,836,66.398714
ufocat,1960_1979,oceania,2488,coordinate_precision,normalized_field_present,2488,0,100.000000
ufocat,1960_1979,oceania,2488,coordinate_pile_review_state,normalized_field_present,0,2488,0.000000
ufocat,1960_1979,oceania,2488,occurrence_date_role,raw_field_present,2488,0,100.000000
ufocat,1960_1979,oceania,2488,exact_date,qualified_value,1992,496,80.064309
ufocat,1960_1979,oceania,2488,time_of_day_raw,raw_field_present,1891,597,76.004823
ufocat,1960_1979,oceania,2488,time_of_day_normalized,qualified_value,120,2368,4.823151
ufocat,1960_1979,oceania,2488,reported_date_role,raw_field_present,0,2488,0.000000
ufocat,1960_1979,oceania,2488,reporting_delay_estimable,qualified_value,0,2488,0.000000
ufocat,1960_1979,oceania,2488,craft_normalized,normalized_field_present,1384,1104,55.627010
ufocat,1960_1979,oceania,2488,craft_confidence,qualified_value,920,1568,36.977492
ufocat,1960_1979,oceania,2488,craft_classification_source,normalized_field_present,1518,970,61.012862
ufocat,1960_1979,oceania,2488,same_day_suitability,qualified_value,740,1748,29.742765
ufocat,1960_1979,oceania,2488,duplicate_lineage,normalized_field_present,2488,0,100.000000
ufocat,1960_1979,oceania,2488,publisher_lineage,normalized_field_present,2488,0,100.000000
ufocat,1960_1979,oceania,2488,independent_source_identity,normalized_field_present,2488,0,100.000000
ufocat,1960_1979,oceania,2488,country_assignment,derived_field_present,2488,0,100.000000
ufocat,1960_1979,oceania,2488,administrative_region,normalized_field_present,0,2488,0.000000
ufocat,1960_1979,oceania,2488,boundary_assignment_provenance,derived_field_present,2488,0,100.000000
ufocat,1960_1979,oceania,2488,duration_raw,raw_field_present,868,1620,34.887460
ufocat,1960_1979,oceania,2488,witness_count_raw,raw_explicit_value,0,2488,0.000000
ufocat,1960_1979,oceania,2488,sound_raw,raw_explicit_value,407,2081,16.358521
ufocat,1960_1979,oceania,2488,color_raw,raw_explicit_value,712,1776,28.617363
ufocat,1960_1979,oceania,2488,light_positive_mention,raw_positive_mention,0,2488,0.000000
ufocat,1960_1979,oceania,2488,behavior_raw,raw_explicit_value,0,2488,0.000000
ufocat,1960_1979,oceania,2488,evidence_raw,raw_explicit_value,0,2488,0.000000
ufocat,1960_1979,unknown,8943,coordinate_evidence,normalized_field_present,8943,0,100.000000
ufocat,1960_1979,unknown,8943,source_coordinates,qualified_value,1971,6972,22.039584
ufocat,1960_1979,unknown,8943,coordinate_precision,normalized_field_present,8789,154,98.277983
ufocat,1960_1979,unknown,8943,coordinate_pile_review_state,normalized_field_present,0,8943,0.000000
ufocat,1960_1979,unknown,8943,occurrence_date_role,raw_field_present,8943,0,100.000000
ufocat,1960_1979,unknown,8943,exact_date,qualified_value,6996,1947,78.228782
ufocat,1960_1979,unknown,8943,time_of_day_raw,raw_field_present,5210,3733,58.257855
ufocat,1960_1979,unknown,8943,time_of_day_normalized,qualified_value,361,8582,4.036677
ufocat,1960_1979,unknown,8943,reported_date_role,raw_field_present,0,8943,0.000000
ufocat,1960_1979,unknown,8943,reporting_delay_estimable,qualified_value,0,8943,0.000000
ufocat,1960_1979,unknown,8943,craft_normalized,normalized_field_present,4290,4653,47.970480
ufocat,1960_1979,unknown,8943,craft_confidence,qualified_value,2952,5991,33.009057
ufocat,1960_1979,unknown,8943,craft_classification_source,normalized_field_present,4907,4036,54.869731
ufocat,1960_1979,unknown,8943,same_day_suitability,qualified_value,1646,7297,18.405457
ufocat,1960_1979,unknown,8943,duplicate_lineage,normalized_field_present,8943,0,100.000000
ufocat,1960_1979,unknown,8943,publisher_lineage,normalized_field_present,8943,0,100.000000
ufocat,1960_1979,unknown,8943,independent_source_identity,normalized_field_present,8943,0,100.000000
ufocat,1960_1979,unknown,8943,country_assignment,derived_field_present,0,8943,0.000000
ufocat,1960_1979,unknown,8943,administrative_region,normalized_field_present,0,8943,0.000000
ufocat,1960_1979,unknown,8943,boundary_assignment_provenance,derived_field_present,2487,6456,27.809460
ufocat,1960_1979,unknown,8943,duration_raw,raw_field_present,2032,6911,22.721682
ufocat,1960_1979,unknown,8943,witness_count_raw,raw_explicit_value,0,8943,0.000000
ufocat,1960_1979,unknown,8943,sound_raw,raw_explicit_value,334,8609,3.734765
ufocat,1960_1979,unknown,8943,color_raw,raw_explicit_value,782,8161,8.744269
ufocat,1960_1979,unknown,8943,light_positive_mention,raw_positive_mention,0,8943,0.000000
ufocat,1960_1979,unknown,8943,behavior_raw,raw_explicit_value,0,8943,0.000000
ufocat,1960_1979,unknown,8943,evidence_raw,raw_explicit_value,0,8943,0.000000
ufocat,1980_1999,africa,104,coordinate_evidence,normalized_field_present,104,0,100.000000
ufocat,1980_1999,africa,104,source_coordinates,qualified_value,104,0,100.000000
ufocat,1980_1999,africa,104,coordinate_precision,normalized_field_present,104,0,100.000000
ufocat,1980_1999,africa,104,coordinate_pile_review_state,normalized_field_present,0,104,0.000000
ufocat,1980_1999,africa,104,occurrence_date_role,raw_field_present,104,0,100.000000
ufocat,1980_1999,africa,104,exact_date,qualified_value,82,22,78.846154
ufocat,1980_1999,africa,104,time_of_day_raw,raw_field_present,96,8,92.307692
ufocat,1980_1999,africa,104,time_of_day_normalized,qualified_value,1,103,0.961538
ufocat,1980_1999,africa,104,reported_date_role,raw_field_present,0,104,0.000000
ufocat,1980_1999,africa,104,reporting_delay_estimable,qualified_value,0,104,0.000000
ufocat,1980_1999,africa,104,craft_normalized,normalized_field_present,87,17,83.653846
ufocat,1980_1999,africa,104,craft_confidence,qualified_value,68,36,65.384615
ufocat,1980_1999,africa,104,craft_classification_source,normalized_field_present,97,7,93.269231
ufocat,1980_1999,africa,104,same_day_suitability,qualified_value,59,45,56.730769
ufocat,1980_1999,africa,104,duplicate_lineage,normalized_field_present,104,0,100.000000
ufocat,1980_1999,africa,104,publisher_lineage,normalized_field_present,104,0,100.000000
ufocat,1980_1999,africa,104,independent_source_identity,normalized_field_present,104,0,100.000000
ufocat,1980_1999,africa,104,country_assignment,derived_field_present,104,0,100.000000
ufocat,1980_1999,africa,104,administrative_region,normalized_field_present,0,104,0.000000
ufocat,1980_1999,africa,104,boundary_assignment_provenance,derived_field_present,104,0,100.000000
ufocat,1980_1999,africa,104,duration_raw,raw_field_present,64,40,61.538462
ufocat,1980_1999,africa,104,witness_count_raw,raw_explicit_value,0,104,0.000000
ufocat,1980_1999,africa,104,sound_raw,raw_explicit_value,28,76,26.923077
ufocat,1980_1999,africa,104,color_raw,raw_explicit_value,36,68,34.615385
ufocat,1980_1999,africa,104,light_positive_mention,raw_positive_mention,0,104,0.000000
ufocat,1980_1999,africa,104,behavior_raw,raw_explicit_value,0,104,0.000000
ufocat,1980_1999,africa,104,evidence_raw,raw_explicit_value,0,104,0.000000
ufocat,1980_1999,asia,189,coordinate_evidence,normalized_field_present,189,0,100.000000
ufocat,1980_1999,asia,189,source_coordinates,qualified_value,189,0,100.000000
ufocat,1980_1999,asia,189,coordinate_precision,normalized_field_present,189,0,100.000000
ufocat,1980_1999,asia,189,coordinate_pile_review_state,normalized_field_present,0,189,0.000000
ufocat,1980_1999,asia,189,occurrence_date_role,raw_field_present,189,0,100.000000
ufocat,1980_1999,asia,189,exact_date,qualified_value,149,40,78.835979
ufocat,1980_1999,asia,189,time_of_day_raw,raw_field_present,151,38,79.894180
ufocat,1980_1999,asia,189,time_of_day_normalized,qualified_value,9,180,4.761905
ufocat,1980_1999,asia,189,reported_date_role,raw_field_present,0,189,0.000000
ufocat,1980_1999,asia,189,reporting_delay_estimable,qualified_value,0,189,0.000000
ufocat,1980_1999,asia,189,craft_normalized,normalized_field_present,144,45,76.190476
ufocat,1980_1999,asia,189,craft_confidence,qualified_value,118,71,62.433862
ufocat,1980_1999,asia,189,craft_classification_source,normalized_field_present,166,23,87.830688
ufocat,1980_1999,asia,189,same_day_suitability,qualified_value,101,88,53.439153
ufocat,1980_1999,asia,189,duplicate_lineage,normalized_field_present,189,0,100.000000
ufocat,1980_1999,asia,189,publisher_lineage,normalized_field_present,189,0,100.000000
ufocat,1980_1999,asia,189,independent_source_identity,normalized_field_present,189,0,100.000000
ufocat,1980_1999,asia,189,country_assignment,derived_field_present,189,0,100.000000
ufocat,1980_1999,asia,189,administrative_region,normalized_field_present,0,189,0.000000
ufocat,1980_1999,asia,189,boundary_assignment_provenance,derived_field_present,189,0,100.000000
ufocat,1980_1999,asia,189,duration_raw,raw_field_present,89,100,47.089947
ufocat,1980_1999,asia,189,witness_count_raw,raw_explicit_value,0,189,0.000000
ufocat,1980_1999,asia,189,sound_raw,raw_explicit_value,22,167,11.640212
ufocat,1980_1999,asia,189,color_raw,raw_explicit_value,60,129,31.746032
ufocat,1980_1999,asia,189,light_positive_mention,raw_positive_mention,0,189,0.000000
ufocat,1980_1999,asia,189,behavior_raw,raw_explicit_value,0,189,0.000000
ufocat,1980_1999,asia,189,evidence_raw,raw_explicit_value,0,189,0.000000
ufocat,1980_1999,europe,3074,coordinate_evidence,normalized_field_present,3074,0,100.000000
ufocat,1980_1999,europe,3074,source_coordinates,qualified_value,2904,170,94.469746
ufocat,1980_1999,europe,3074,coordinate_precision,normalized_field_present,3074,0,100.000000
ufocat,1980_1999,europe,3074,coordinate_pile_review_state,normalized_field_present,0,3074,0.000000
ufocat,1980_1999,europe,3074,occurrence_date_role,raw_field_present,3074,0,100.000000
ufocat,1980_1999,europe,3074,exact_date,qualified_value,2492,582,81.067014
ufocat,1980_1999,europe,3074,time_of_day_raw,raw_field_present,2624,450,85.361093
ufocat,1980_1999,europe,3074,time_of_day_normalized,qualified_value,86,2988,2.797658
ufocat,1980_1999,europe,3074,reported_date_role,raw_field_present,0,3074,0.000000
ufocat,1980_1999,europe,3074,reporting_delay_estimable,qualified_value,0,3074,0.000000
ufocat,1980_1999,europe,3074,craft_normalized,normalized_field_present,2544,530,82.758621
ufocat,1980_1999,europe,3074,craft_confidence,qualified_value,1925,1149,62.621991
ufocat,1980_1999,europe,3074,craft_classification_source,normalized_field_present,2767,307,90.013012
ufocat,1980_1999,europe,3074,same_day_suitability,qualified_value,1668,1406,54.261548
ufocat,1980_1999,europe,3074,duplicate_lineage,normalized_field_present,3074,0,100.000000
ufocat,1980_1999,europe,3074,publisher_lineage,normalized_field_present,3074,0,100.000000
ufocat,1980_1999,europe,3074,independent_source_identity,normalized_field_present,3074,0,100.000000
ufocat,1980_1999,europe,3074,country_assignment,derived_field_present,3074,0,100.000000
ufocat,1980_1999,europe,3074,administrative_region,normalized_field_present,0,3074,0.000000
ufocat,1980_1999,europe,3074,boundary_assignment_provenance,derived_field_present,3074,0,100.000000
ufocat,1980_1999,europe,3074,duration_raw,raw_field_present,1477,1597,48.048146
ufocat,1980_1999,europe,3074,witness_count_raw,raw_explicit_value,0,3074,0.000000
ufocat,1980_1999,europe,3074,sound_raw,raw_explicit_value,493,2581,16.037736
ufocat,1980_1999,europe,3074,color_raw,raw_explicit_value,1169,1905,38.028627
ufocat,1980_1999,europe,3074,light_positive_mention,raw_positive_mention,0,3074,0.000000
ufocat,1980_1999,europe,3074,behavior_raw,raw_explicit_value,0,3074,0.000000
ufocat,1980_1999,europe,3074,evidence_raw,raw_explicit_value,0,3074,0.000000
ufocat,1980_1999,latin_america_caribbean,1043,coordinate_evidence,normalized_field_present,1043,0,100.000000
ufocat,1980_1999,latin_america_caribbean,1043,source_coordinates,qualified_value,1042,1,99.904123
ufocat,1980_1999,latin_america_caribbean,1043,coordinate_precision,normalized_field_present,1043,0,100.000000
ufocat,1980_1999,latin_america_caribbean,1043,coordinate_pile_review_state,normalized_field_present,0,1043,0.000000
ufocat,1980_1999,latin_america_caribbean,1043,occurrence_date_role,raw_field_present,1043,0,100.000000
ufocat,1980_1999,latin_america_caribbean,1043,exact_date,qualified_value,762,281,73.058485
ufocat,1980_1999,latin_america_caribbean,1043,time_of_day_raw,raw_field_present,872,171,83.604986
ufocat,1980_1999,latin_america_caribbean,1043,time_of_day_normalized,qualified_value,15,1028,1.438159
ufocat,1980_1999,latin_america_caribbean,1043,reported_date_role,raw_field_present,0,1043,0.000000
ufocat,1980_1999,latin_america_caribbean,1043,reporting_delay_estimable,qualified_value,0,1043,0.000000
ufocat,1980_1999,latin_america_caribbean,1043,craft_normalized,normalized_field_present,783,260,75.071908
ufocat,1980_1999,latin_america_caribbean,1043,craft_confidence,qualified_value,611,432,58.581016
ufocat,1980_1999,latin_america_caribbean,1043,craft_classification_source,normalized_field_present,880,163,84.372004
ufocat,1980_1999,latin_america_caribbean,1043,same_day_suitability,qualified_value,438,605,41.994247
ufocat,1980_1999,latin_america_caribbean,1043,duplicate_lineage,normalized_field_present,1043,0,100.000000
ufocat,1980_1999,latin_america_caribbean,1043,publisher_lineage,normalized_field_present,1043,0,100.000000
ufocat,1980_1999,latin_america_caribbean,1043,independent_source_identity,normalized_field_present,1043,0,100.000000
ufocat,1980_1999,latin_america_caribbean,1043,country_assignment,derived_field_present,1043,0,100.000000
ufocat,1980_1999,latin_america_caribbean,1043,administrative_region,normalized_field_present,0,1043,0.000000
ufocat,1980_1999,latin_america_caribbean,1043,boundary_assignment_provenance,derived_field_present,1043,0,100.000000
ufocat,1980_1999,latin_america_caribbean,1043,duration_raw,raw_field_present,383,660,36.720997
ufocat,1980_1999,latin_america_caribbean,1043,witness_count_raw,raw_explicit_value,0,1043,0.000000
ufocat,1980_1999,latin_america_caribbean,1043,sound_raw,raw_explicit_value,99,944,9.491850
ufocat,1980_1999,latin_america_caribbean,1043,color_raw,raw_explicit_value,258,785,24.736337
ufocat,1980_1999,latin_america_caribbean,1043,light_positive_mention,raw_positive_mention,0,1043,0.000000
ufocat,1980_1999,latin_america_caribbean,1043,behavior_raw,raw_explicit_value,0,1043,0.000000
ufocat,1980_1999,latin_america_caribbean,1043,evidence_raw,raw_explicit_value,0,1043,0.000000
ufocat,1980_1999,northern_america,16340,coordinate_evidence,normalized_field_present,16340,0,100.000000
ufocat,1980_1999,northern_america,16340,source_coordinates,qualified_value,7132,9208,43.647491
ufocat,1980_1999,northern_america,16340,coordinate_precision,normalized_field_present,16340,0,100.000000
ufocat,1980_1999,northern_america,16340,coordinate_pile_review_state,normalized_field_present,0,16340,0.000000
ufocat,1980_1999,northern_america,16340,occurrence_date_role,raw_field_present,16340,0,100.000000
ufocat,1980_1999,northern_america,16340,exact_date,qualified_value,14973,1367,91.634027
ufocat,1980_1999,northern_america,16340,time_of_day_raw,raw_field_present,15013,1327,91.878825
ufocat,1980_1999,northern_america,16340,time_of_day_normalized,qualified_value,224,16116,1.370869
ufocat,1980_1999,northern_america,16340,reported_date_role,raw_field_present,0,16340,0.000000
ufocat,1980_1999,northern_america,16340,reporting_delay_estimable,qualified_value,0,16340,0.000000
ufocat,1980_1999,northern_america,16340,craft_normalized,normalized_field_present,14556,1784,89.082007
ufocat,1980_1999,northern_america,16340,craft_confidence,qualified_value,9809,6531,60.030600
ufocat,1980_1999,northern_america,16340,craft_classification_source,normalized_field_present,15014,1326,91.884945
ufocat,1980_1999,northern_america,16340,same_day_suitability,qualified_value,8568,7772,52.435741
ufocat,1980_1999,northern_america,16340,duplicate_lineage,normalized_field_present,16340,0,100.000000
ufocat,1980_1999,northern_america,16340,publisher_lineage,normalized_field_present,16340,0,100.000000
ufocat,1980_1999,northern_america,16340,independent_source_identity,normalized_field_present,16340,0,100.000000
ufocat,1980_1999,northern_america,16340,country_assignment,derived_field_present,16340,0,100.000000
ufocat,1980_1999,northern_america,16340,administrative_region,normalized_field_present,0,16340,0.000000
ufocat,1980_1999,northern_america,16340,boundary_assignment_provenance,derived_field_present,16340,0,100.000000
ufocat,1980_1999,northern_america,16340,duration_raw,raw_field_present,8499,7841,52.013464
ufocat,1980_1999,northern_america,16340,witness_count_raw,raw_explicit_value,0,16340,0.000000
ufocat,1980_1999,northern_america,16340,sound_raw,raw_explicit_value,3679,12661,22.515300
ufocat,1980_1999,northern_america,16340,color_raw,raw_explicit_value,6102,10238,37.343941
ufocat,1980_1999,northern_america,16340,light_positive_mention,raw_positive_mention,0,16340,0.000000
ufocat,1980_1999,northern_america,16340,behavior_raw,raw_explicit_value,0,16340,0.000000
ufocat,1980_1999,northern_america,16340,evidence_raw,raw_explicit_value,0,16340,0.000000
ufocat,1980_1999,oceania,1003,coordinate_evidence,normalized_field_present,1003,0,100.000000
ufocat,1980_1999,oceania,1003,source_coordinates,qualified_value,482,521,48.055833
ufocat,1980_1999,oceania,1003,coordinate_precision,normalized_field_present,1003,0,100.000000
ufocat,1980_1999,oceania,1003,coordinate_pile_review_state,normalized_field_present,0,1003,0.000000
ufocat,1980_1999,oceania,1003,occurrence_date_role,raw_field_present,1003,0,100.000000
ufocat,1980_1999,oceania,1003,exact_date,qualified_value,839,164,83.649053
ufocat,1980_1999,oceania,1003,time_of_day_raw,raw_field_present,837,166,83.449651
ufocat,1980_1999,oceania,1003,time_of_day_normalized,qualified_value,29,974,2.891326
ufocat,1980_1999,oceania,1003,reported_date_role,raw_field_present,0,1003,0.000000
ufocat,1980_1999,oceania,1003,reporting_delay_estimable,qualified_value,0,1003,0.000000
ufocat,1980_1999,oceania,1003,craft_normalized,normalized_field_present,804,199,80.159521
ufocat,1980_1999,oceania,1003,craft_confidence,qualified_value,381,622,37.986042
ufocat,1980_1999,oceania,1003,craft_classification_source,normalized_field_present,857,146,85.443669
ufocat,1980_1999,oceania,1003,same_day_suitability,qualified_value,330,673,32.901296
ufocat,1980_1999,oceania,1003,duplicate_lineage,normalized_field_present,1003,0,100.000000
ufocat,1980_1999,oceania,1003,publisher_lineage,normalized_field_present,1003,0,100.000000
ufocat,1980_1999,oceania,1003,independent_source_identity,normalized_field_present,1003,0,100.000000
ufocat,1980_1999,oceania,1003,country_assignment,derived_field_present,1003,0,100.000000
ufocat,1980_1999,oceania,1003,administrative_region,normalized_field_present,0,1003,0.000000
ufocat,1980_1999,oceania,1003,boundary_assignment_provenance,derived_field_present,1003,0,100.000000
ufocat,1980_1999,oceania,1003,duration_raw,raw_field_present,314,689,31.306082
ufocat,1980_1999,oceania,1003,witness_count_raw,raw_explicit_value,0,1003,0.000000
ufocat,1980_1999,oceania,1003,sound_raw,raw_explicit_value,104,899,10.368893
ufocat,1980_1999,oceania,1003,color_raw,raw_explicit_value,336,667,33.499501
ufocat,1980_1999,oceania,1003,light_positive_mention,raw_positive_mention,0,1003,0.000000
ufocat,1980_1999,oceania,1003,behavior_raw,raw_explicit_value,0,1003,0.000000
ufocat,1980_1999,oceania,1003,evidence_raw,raw_explicit_value,0,1003,0.000000
ufocat,1980_1999,unknown,3559,coordinate_evidence,normalized_field_present,3559,0,100.000000
ufocat,1980_1999,unknown,3559,source_coordinates,qualified_value,807,2752,22.674909
ufocat,1980_1999,unknown,3559,coordinate_precision,normalized_field_present,3536,23,99.353751
ufocat,1980_1999,unknown,3559,coordinate_pile_review_state,normalized_field_present,0,3559,0.000000
ufocat,1980_1999,unknown,3559,occurrence_date_role,raw_field_present,3559,0,100.000000
ufocat,1980_1999,unknown,3559,exact_date,qualified_value,2826,733,79.404327
ufocat,1980_1999,unknown,3559,time_of_day_raw,raw_field_present,2540,1019,71.368362
ufocat,1980_1999,unknown,3559,time_of_day_normalized,qualified_value,63,3496,1.770160
ufocat,1980_1999,unknown,3559,reported_date_role,raw_field_present,0,3559,0.000000
ufocat,1980_1999,unknown,3559,reporting_delay_estimable,qualified_value,0,3559,0.000000
ufocat,1980_1999,unknown,3559,craft_normalized,normalized_field_present,2513,1046,70.609722
ufocat,1980_1999,unknown,3559,craft_confidence,qualified_value,1698,1861,47.710031
ufocat,1980_1999,unknown,3559,craft_classification_source,normalized_field_present,2805,754,78.814274
ufocat,1980_1999,unknown,3559,same_day_suitability,qualified_value,1248,2311,35.066030
ufocat,1980_1999,unknown,3559,duplicate_lineage,normalized_field_present,3559,0,100.000000
ufocat,1980_1999,unknown,3559,publisher_lineage,normalized_field_present,3559,0,100.000000
ufocat,1980_1999,unknown,3559,independent_source_identity,normalized_field_present,3559,0,100.000000
ufocat,1980_1999,unknown,3559,country_assignment,derived_field_present,0,3559,0.000000
ufocat,1980_1999,unknown,3559,administrative_region,normalized_field_present,0,3559,0.000000
ufocat,1980_1999,unknown,3559,boundary_assignment_provenance,derived_field_present,1171,2388,32.902501
ufocat,1980_1999,unknown,3559,duration_raw,raw_field_present,1101,2458,30.935656
ufocat,1980_1999,unknown,3559,witness_count_raw,raw_explicit_value,0,3559,0.000000
ufocat,1980_1999,unknown,3559,sound_raw,raw_explicit_value,433,3126,12.166339
ufocat,1980_1999,unknown,3559,color_raw,raw_explicit_value,1008,2551,28.322563
ufocat,1980_1999,unknown,3559,light_positive_mention,raw_positive_mention,0,3559,0.000000
ufocat,1980_1999,unknown,3559,behavior_raw,raw_explicit_value,0,3559,0.000000
ufocat,1980_1999,unknown,3559,evidence_raw,raw_explicit_value,0,3559,0.000000
ufocat,2000_2009,africa,115,coordinate_evidence,normalized_field_present,115,0,100.000000
ufocat,2000_2009,africa,115,source_coordinates,qualified_value,115,0,100.000000
ufocat,2000_2009,africa,115,coordinate_precision,normalized_field_present,115,0,100.000000
ufocat,2000_2009,africa,115,coordinate_pile_review_state,normalized_field_present,0,115,0.000000
ufocat,2000_2009,africa,115,occurrence_date_role,raw_field_present,115,0,100.000000
ufocat,2000_2009,africa,115,exact_date,qualified_value,111,4,96.521739
ufocat,2000_2009,africa,115,time_of_day_raw,raw_field_present,78,37,67.826087
ufocat,2000_2009,africa,115,time_of_day_normalized,qualified_value,1,114,0.869565
ufocat,2000_2009,africa,115,reported_date_role,raw_field_present,0,115,0.000000
ufocat,2000_2009,africa,115,reporting_delay_estimable,qualified_value,0,115,0.000000
ufocat,2000_2009,africa,115,craft_normalized,normalized_field_present,76,39,66.086957
ufocat,2000_2009,africa,115,craft_confidence,qualified_value,58,57,50.434783
ufocat,2000_2009,africa,115,craft_classification_source,normalized_field_present,77,38,66.956522
ufocat,2000_2009,africa,115,same_day_suitability,qualified_value,52,63,45.217391
ufocat,2000_2009,africa,115,duplicate_lineage,normalized_field_present,115,0,100.000000
ufocat,2000_2009,africa,115,publisher_lineage,normalized_field_present,115,0,100.000000
ufocat,2000_2009,africa,115,independent_source_identity,normalized_field_present,115,0,100.000000
ufocat,2000_2009,africa,115,country_assignment,derived_field_present,115,0,100.000000
ufocat,2000_2009,africa,115,administrative_region,normalized_field_present,0,115,0.000000
ufocat,2000_2009,africa,115,boundary_assignment_provenance,derived_field_present,115,0,100.000000
ufocat,2000_2009,africa,115,duration_raw,raw_field_present,56,59,48.695652
ufocat,2000_2009,africa,115,witness_count_raw,raw_explicit_value,0,115,0.000000
ufocat,2000_2009,africa,115,sound_raw,raw_explicit_value,7,108,6.086957
ufocat,2000_2009,africa,115,color_raw,raw_explicit_value,21,94,18.260870
ufocat,2000_2009,africa,115,light_positive_mention,raw_positive_mention,0,115,0.000000
ufocat,2000_2009,africa,115,behavior_raw,raw_explicit_value,0,115,0.000000
ufocat,2000_2009,africa,115,evidence_raw,raw_explicit_value,0,115,0.000000
ufocat,2000_2009,asia,79,coordinate_evidence,normalized_field_present,79,0,100.000000
ufocat,2000_2009,asia,79,source_coordinates,qualified_value,79,0,100.000000
ufocat,2000_2009,asia,79,coordinate_precision,normalized_field_present,79,0,100.000000
ufocat,2000_2009,asia,79,coordinate_pile_review_state,normalized_field_present,0,79,0.000000
ufocat,2000_2009,asia,79,occurrence_date_role,raw_field_present,79,0,100.000000
ufocat,2000_2009,asia,79,exact_date,qualified_value,76,3,96.202532
ufocat,2000_2009,asia,79,time_of_day_raw,raw_field_present,63,16,79.746835
ufocat,2000_2009,asia,79,time_of_day_normalized,qualified_value,0,79,0.000000
ufocat,2000_2009,asia,79,reported_date_role,raw_field_present,0,79,0.000000
ufocat,2000_2009,asia,79,reporting_delay_estimable,qualified_value,0,79,0.000000
ufocat,2000_2009,asia,79,craft_normalized,normalized_field_present,62,17,78.481013
ufocat,2000_2009,asia,79,craft_confidence,qualified_value,48,31,60.759494
ufocat,2000_2009,asia,79,craft_classification_source,normalized_field_present,63,16,79.746835
ufocat,2000_2009,asia,79,same_day_suitability,qualified_value,43,36,54.430380
ufocat,2000_2009,asia,79,duplicate_lineage,normalized_field_present,79,0,100.000000
ufocat,2000_2009,asia,79,publisher_lineage,normalized_field_present,79,0,100.000000
ufocat,2000_2009,asia,79,independent_source_identity,normalized_field_present,79,0,100.000000
ufocat,2000_2009,asia,79,country_assignment,derived_field_present,79,0,100.000000
ufocat,2000_2009,asia,79,administrative_region,normalized_field_present,0,79,0.000000
ufocat,2000_2009,asia,79,boundary_assignment_provenance,derived_field_present,79,0,100.000000
ufocat,2000_2009,asia,79,duration_raw,raw_field_present,52,27,65.822785
ufocat,2000_2009,asia,79,witness_count_raw,raw_explicit_value,0,79,0.000000
ufocat,2000_2009,asia,79,sound_raw,raw_explicit_value,4,75,5.063291
ufocat,2000_2009,asia,79,color_raw,raw_explicit_value,21,58,26.582278
ufocat,2000_2009,asia,79,light_positive_mention,raw_positive_mention,0,79,0.000000
ufocat,2000_2009,asia,79,behavior_raw,raw_explicit_value,0,79,0.000000
ufocat,2000_2009,asia,79,evidence_raw,raw_explicit_value,0,79,0.000000
ufocat,2000_2009,europe,4319,coordinate_evidence,normalized_field_present,4319,0,100.000000
ufocat,2000_2009,europe,4319,source_coordinates,qualified_value,3871,448,89.627229
ufocat,2000_2009,europe,4319,coordinate_precision,normalized_field_present,4319,0,100.000000
ufocat,2000_2009,europe,4319,coordinate_pile_review_state,normalized_field_present,0,4319,0.000000
ufocat,2000_2009,europe,4319,occurrence_date_role,raw_field_present,4319,0,100.000000
ufocat,2000_2009,europe,4319,exact_date,qualified_value,4135,184,95.739755
ufocat,2000_2009,europe,4319,time_of_day_raw,raw_field_present,2634,1685,60.986339
ufocat,2000_2009,europe,4319,time_of_day_normalized,qualified_value,17,4302,0.393610
ufocat,2000_2009,europe,4319,reported_date_role,raw_field_present,0,4319,0.000000
ufocat,2000_2009,europe,4319,reporting_delay_estimable,qualified_value,0,4319,0.000000
ufocat,2000_2009,europe,4319,craft_normalized,normalized_field_present,2622,1697,60.708497
ufocat,2000_2009,europe,4319,craft_confidence,qualified_value,1630,2689,37.740218
ufocat,2000_2009,europe,4319,craft_classification_source,normalized_field_present,2661,1658,61.611484
ufocat,2000_2009,europe,4319,same_day_suitability,qualified_value,1468,2851,33.989349
ufocat,2000_2009,europe,4319,duplicate_lineage,normalized_field_present,4319,0,100.000000
ufocat,2000_2009,europe,4319,publisher_lineage,normalized_field_present,4319,0,100.000000
ufocat,2000_2009,europe,4319,independent_source_identity,normalized_field_present,4319,0,100.000000
ufocat,2000_2009,europe,4319,country_assignment,derived_field_present,4319,0,100.000000
ufocat,2000_2009,europe,4319,administrative_region,normalized_field_present,0,4319,0.000000
ufocat,2000_2009,europe,4319,boundary_assignment_provenance,derived_field_present,4319,0,100.000000
ufocat,2000_2009,europe,4319,duration_raw,raw_field_present,1697,2622,39.291503
ufocat,2000_2009,europe,4319,witness_count_raw,raw_explicit_value,0,4319,0.000000
ufocat,2000_2009,europe,4319,sound_raw,raw_explicit_value,248,4071,5.742070
ufocat,2000_2009,europe,4319,color_raw,raw_explicit_value,1256,3063,29.080806
ufocat,2000_2009,europe,4319,light_positive_mention,raw_positive_mention,0,4319,0.000000
ufocat,2000_2009,europe,4319,behavior_raw,raw_explicit_value,0,4319,0.000000
ufocat,2000_2009,europe,4319,evidence_raw,raw_explicit_value,0,4319,0.000000
ufocat,2000_2009,latin_america_caribbean,736,coordinate_evidence,normalized_field_present,736,0,100.000000
ufocat,2000_2009,latin_america_caribbean,736,source_coordinates,qualified_value,733,3,99.592391
ufocat,2000_2009,latin_america_caribbean,736,coordinate_precision,normalized_field_present,736,0,100.000000
ufocat,2000_2009,latin_america_caribbean,736,coordinate_pile_review_state,normalized_field_present,0,736,0.000000
ufocat,2000_2009,latin_america_caribbean,736,occurrence_date_role,raw_field_present,736,0,100.000000
ufocat,2000_2009,latin_america_caribbean,736,exact_date,qualified_value,631,105,85.733696
ufocat,2000_2009,latin_america_caribbean,736,time_of_day_raw,raw_field_present,430,306,58.423913
ufocat,2000_2009,latin_america_caribbean,736,time_of_day_normalized,qualified_value,4,732,0.543478
ufocat,2000_2009,latin_america_caribbean,736,reported_date_role,raw_field_present,0,736,0.000000
ufocat,2000_2009,latin_america_caribbean,736,reporting_delay_estimable,qualified_value,0,736,0.000000
ufocat,2000_2009,latin_america_caribbean,736,craft_normalized,normalized_field_present,407,329,55.298913
ufocat,2000_2009,latin_america_caribbean,736,craft_confidence,qualified_value,304,432,41.304348
ufocat,2000_2009,latin_america_caribbean,736,craft_classification_source,normalized_field_present,444,292,60.326087
ufocat,2000_2009,latin_america_caribbean,736,same_day_suitability,qualified_value,252,484,34.239130
ufocat,2000_2009,latin_america_caribbean,736,duplicate_lineage,normalized_field_present,736,0,100.000000
ufocat,2000_2009,latin_america_caribbean,736,publisher_lineage,normalized_field_present,736,0,100.000000
ufocat,2000_2009,latin_america_caribbean,736,independent_source_identity,normalized_field_present,736,0,100.000000
ufocat,2000_2009,latin_america_caribbean,736,country_assignment,derived_field_present,736,0,100.000000
ufocat,2000_2009,latin_america_caribbean,736,administrative_region,normalized_field_present,0,736,0.000000
ufocat,2000_2009,latin_america_caribbean,736,boundary_assignment_provenance,derived_field_present,736,0,100.000000
ufocat,2000_2009,latin_america_caribbean,736,duration_raw,raw_field_present,215,521,29.211957
ufocat,2000_2009,latin_america_caribbean,736,witness_count_raw,raw_explicit_value,0,736,0.000000
ufocat,2000_2009,latin_america_caribbean,736,sound_raw,raw_explicit_value,41,695,5.570652
ufocat,2000_2009,latin_america_caribbean,736,color_raw,raw_explicit_value,143,593,19.429348
ufocat,2000_2009,latin_america_caribbean,736,light_positive_mention,raw_positive_mention,0,736,0.000000
ufocat,2000_2009,latin_america_caribbean,736,behavior_raw,raw_explicit_value,0,736,0.000000
ufocat,2000_2009,latin_america_caribbean,736,evidence_raw,raw_explicit_value,0,736,0.000000
ufocat,2000_2009,northern_america,29763,coordinate_evidence,normalized_field_present,29763,0,100.000000
ufocat,2000_2009,northern_america,29763,source_coordinates,qualified_value,7895,21868,26.526224
ufocat,2000_2009,northern_america,29763,coordinate_precision,normalized_field_present,29763,0,100.000000
ufocat,2000_2009,northern_america,29763,coordinate_pile_review_state,normalized_field_present,0,29763,0.000000
ufocat,2000_2009,northern_america,29763,occurrence_date_role,raw_field_present,29763,0,100.000000
ufocat,2000_2009,northern_america,29763,exact_date,qualified_value,29503,260,99.126432
ufocat,2000_2009,northern_america,29763,time_of_day_raw,raw_field_present,29221,542,98.178947
ufocat,2000_2009,northern_america,29763,time_of_day_normalized,qualified_value,18,29745,0.060478
ufocat,2000_2009,northern_america,29763,reported_date_role,raw_field_present,0,29763,0.000000
ufocat,2000_2009,northern_america,29763,reporting_delay_estimable,qualified_value,0,29763,0.000000
ufocat,2000_2009,northern_america,29763,craft_normalized,normalized_field_present,28556,1207,95.944629
ufocat,2000_2009,northern_america,29763,craft_confidence,qualified_value,18649,11114,62.658334
ufocat,2000_2009,northern_america,29763,craft_classification_source,normalized_field_present,28797,966,96.754359
ufocat,2000_2009,northern_america,29763,same_day_suitability,qualified_value,17052,12711,57.292612
ufocat,2000_2009,northern_america,29763,duplicate_lineage,normalized_field_present,29763,0,100.000000
ufocat,2000_2009,northern_america,29763,publisher_lineage,normalized_field_present,29763,0,100.000000
ufocat,2000_2009,northern_america,29763,independent_source_identity,normalized_field_present,29763,0,100.000000
ufocat,2000_2009,northern_america,29763,country_assignment,derived_field_present,29763,0,100.000000
ufocat,2000_2009,northern_america,29763,administrative_region,normalized_field_present,0,29763,0.000000
ufocat,2000_2009,northern_america,29763,boundary_assignment_provenance,derived_field_present,29763,0,100.000000
ufocat,2000_2009,northern_america,29763,duration_raw,raw_field_present,25804,3959,86.698250
ufocat,2000_2009,northern_america,29763,witness_count_raw,raw_explicit_value,0,29763,0.000000
ufocat,2000_2009,northern_america,29763,sound_raw,raw_explicit_value,2356,27407,7.915869
ufocat,2000_2009,northern_america,29763,color_raw,raw_explicit_value,12162,17601,40.862816
ufocat,2000_2009,northern_america,29763,light_positive_mention,raw_positive_mention,0,29763,0.000000
ufocat,2000_2009,northern_america,29763,behavior_raw,raw_explicit_value,0,29763,0.000000
ufocat,2000_2009,northern_america,29763,evidence_raw,raw_explicit_value,0,29763,0.000000
ufocat,2000_2009,oceania,1855,coordinate_evidence,normalized_field_present,1855,0,100.000000
ufocat,2000_2009,oceania,1855,source_coordinates,qualified_value,1338,517,72.129380
ufocat,2000_2009,oceania,1855,coordinate_precision,normalized_field_present,1855,0,100.000000
ufocat,2000_2009,oceania,1855,coordinate_pile_review_state,normalized_field_present,0,1855,0.000000
ufocat,2000_2009,oceania,1855,occurrence_date_role,raw_field_present,1855,0,100.000000
ufocat,2000_2009,oceania,1855,exact_date,qualified_value,1759,96,94.824798
ufocat,2000_2009,oceania,1855,time_of_day_raw,raw_field_present,728,1127,39.245283
ufocat,2000_2009,oceania,1855,time_of_day_normalized,qualified_value,27,1828,1.455526
ufocat,2000_2009,oceania,1855,reported_date_role,raw_field_present,0,1855,0.000000
ufocat,2000_2009,oceania,1855,reporting_delay_estimable,qualified_value,0,1855,0.000000
ufocat,2000_2009,oceania,1855,craft_normalized,normalized_field_present,694,1161,37.412399
ufocat,2000_2009,oceania,1855,craft_confidence,qualified_value,360,1495,19.407008
ufocat,2000_2009,oceania,1855,craft_classification_source,normalized_field_present,704,1151,37.951482
ufocat,2000_2009,oceania,1855,same_day_suitability,qualified_value,328,1527,17.681941
ufocat,2000_2009,oceania,1855,duplicate_lineage,normalized_field_present,1855,0,100.000000
ufocat,2000_2009,oceania,1855,publisher_lineage,normalized_field_present,1855,0,100.000000
ufocat,2000_2009,oceania,1855,independent_source_identity,normalized_field_present,1855,0,100.000000
ufocat,2000_2009,oceania,1855,country_assignment,derived_field_present,1855,0,100.000000
ufocat,2000_2009,oceania,1855,administrative_region,normalized_field_present,0,1855,0.000000
ufocat,2000_2009,oceania,1855,boundary_assignment_provenance,derived_field_present,1855,0,100.000000
ufocat,2000_2009,oceania,1855,duration_raw,raw_field_present,414,1441,22.318059
ufocat,2000_2009,oceania,1855,witness_count_raw,raw_explicit_value,0,1855,0.000000
ufocat,2000_2009,oceania,1855,sound_raw,raw_explicit_value,93,1762,5.013477
ufocat,2000_2009,oceania,1855,color_raw,raw_explicit_value,282,1573,15.202156
ufocat,2000_2009,oceania,1855,light_positive_mention,raw_positive_mention,0,1855,0.000000
ufocat,2000_2009,oceania,1855,behavior_raw,raw_explicit_value,0,1855,0.000000
ufocat,2000_2009,oceania,1855,evidence_raw,raw_explicit_value,0,1855,0.000000
ufocat,2000_2009,unknown,4002,coordinate_evidence,normalized_field_present,4002,0,100.000000
ufocat,2000_2009,unknown,4002,source_coordinates,qualified_value,1000,3002,24.987506
ufocat,2000_2009,unknown,4002,coordinate_precision,normalized_field_present,4001,1,99.975012
ufocat,2000_2009,unknown,4002,coordinate_pile_review_state,normalized_field_present,0,4002,0.000000
ufocat,2000_2009,unknown,4002,occurrence_date_role,raw_field_present,4002,0,100.000000
ufocat,2000_2009,unknown,4002,exact_date,qualified_value,3805,197,95.077461
ufocat,2000_2009,unknown,4002,time_of_day_raw,raw_field_present,3194,808,79.810095
ufocat,2000_2009,unknown,4002,time_of_day_normalized,qualified_value,18,3984,0.449775
ufocat,2000_2009,unknown,4002,reported_date_role,raw_field_present,0,4002,0.000000
ufocat,2000_2009,unknown,4002,reporting_delay_estimable,qualified_value,0,4002,0.000000
ufocat,2000_2009,unknown,4002,craft_normalized,normalized_field_present,3245,757,81.084458
ufocat,2000_2009,unknown,4002,craft_confidence,qualified_value,1976,2026,49.375312
ufocat,2000_2009,unknown,4002,craft_classification_source,normalized_field_present,3306,696,82.608696
ufocat,2000_2009,unknown,4002,same_day_suitability,qualified_value,1695,2307,42.353823
ufocat,2000_2009,unknown,4002,duplicate_lineage,normalized_field_present,4002,0,100.000000
ufocat,2000_2009,unknown,4002,publisher_lineage,normalized_field_present,4002,0,100.000000
ufocat,2000_2009,unknown,4002,independent_source_identity,normalized_field_present,4002,0,100.000000
ufocat,2000_2009,unknown,4002,country_assignment,derived_field_present,0,4002,0.000000
ufocat,2000_2009,unknown,4002,administrative_region,normalized_field_present,0,4002,0.000000
ufocat,2000_2009,unknown,4002,boundary_assignment_provenance,derived_field_present,1695,2307,42.353823
ufocat,2000_2009,unknown,4002,duration_raw,raw_field_present,2318,1684,57.921039
ufocat,2000_2009,unknown,4002,witness_count_raw,raw_explicit_value,0,4002,0.000000
ufocat,2000_2009,unknown,4002,sound_raw,raw_explicit_value,219,3783,5.472264
ufocat,2000_2009,unknown,4002,color_raw,raw_explicit_value,1422,2580,35.532234
ufocat,2000_2009,unknown,4002,light_positive_mention,raw_positive_mention,0,4002,0.000000
ufocat,2000_2009,unknown,4002,behavior_raw,raw_explicit_value,0,4002,0.000000
ufocat,2000_2009,unknown,4002,evidence_raw,raw_explicit_value,0,4002,0.000000
ufocat,2010_2019,africa,129,coordinate_evidence,normalized_field_present,129,0,100.000000
ufocat,2010_2019,africa,129,source_coordinates,qualified_value,129,0,100.000000
ufocat,2010_2019,africa,129,coordinate_precision,normalized_field_present,129,0,100.000000
ufocat,2010_2019,africa,129,coordinate_pile_review_state,normalized_field_present,0,129,0.000000
ufocat,2010_2019,africa,129,occurrence_date_role,raw_field_present,129,0,100.000000
ufocat,2010_2019,africa,129,exact_date,qualified_value,127,2,98.449612
ufocat,2010_2019,africa,129,time_of_day_raw,raw_field_present,101,28,78.294574
ufocat,2010_2019,africa,129,time_of_day_normalized,qualified_value,0,129,0.000000
ufocat,2010_2019,africa,129,reported_date_role,raw_field_present,0,129,0.000000
ufocat,2010_2019,africa,129,reporting_delay_estimable,qualified_value,0,129,0.000000
ufocat,2010_2019,africa,129,craft_normalized,normalized_field_present,98,31,75.968992
ufocat,2010_2019,africa,129,craft_confidence,qualified_value,67,62,51.937984
ufocat,2010_2019,africa,129,craft_classification_source,normalized_field_present,100,29,77.519380
ufocat,2010_2019,africa,129,same_day_suitability,qualified_value,58,71,44.961240
ufocat,2010_2019,africa,129,duplicate_lineage,normalized_field_present,129,0,100.000000
ufocat,2010_2019,africa,129,publisher_lineage,normalized_field_present,129,0,100.000000
ufocat,2010_2019,africa,129,independent_source_identity,normalized_field_present,129,0,100.000000
ufocat,2010_2019,africa,129,country_assignment,derived_field_present,129,0,100.000000
ufocat,2010_2019,africa,129,administrative_region,normalized_field_present,0,129,0.000000
ufocat,2010_2019,africa,129,boundary_assignment_provenance,derived_field_present,129,0,100.000000
ufocat,2010_2019,africa,129,duration_raw,raw_field_present,88,41,68.217054
ufocat,2010_2019,africa,129,witness_count_raw,raw_explicit_value,0,129,0.000000
ufocat,2010_2019,africa,129,sound_raw,raw_explicit_value,9,120,6.976744
ufocat,2010_2019,africa,129,color_raw,raw_explicit_value,39,90,30.232558
ufocat,2010_2019,africa,129,light_positive_mention,raw_positive_mention,0,129,0.000000
ufocat,2010_2019,africa,129,behavior_raw,raw_explicit_value,0,129,0.000000
ufocat,2010_2019,africa,129,evidence_raw,raw_explicit_value,0,129,0.000000
ufocat,2010_2019,asia,78,coordinate_evidence,normalized_field_present,78,0,100.000000
ufocat,2010_2019,asia,78,source_coordinates,qualified_value,78,0,100.000000
ufocat,2010_2019,asia,78,coordinate_precision,normalized_field_present,78,0,100.000000
ufocat,2010_2019,asia,78,coordinate_pile_review_state,normalized_field_present,0,78,0.000000
ufocat,2010_2019,asia,78,occurrence_date_role,raw_field_present,78,0,100.000000
ufocat,2010_2019,asia,78,exact_date,qualified_value,78,0,100.000000
ufocat,2010_2019,asia,78,time_of_day_raw,raw_field_present,78,0,100.000000
ufocat,2010_2019,asia,78,time_of_day_normalized,qualified_value,0,78,0.000000
ufocat,2010_2019,asia,78,reported_date_role,raw_field_present,0,78,0.000000
ufocat,2010_2019,asia,78,reporting_delay_estimable,qualified_value,0,78,0.000000
ufocat,2010_2019,asia,78,craft_normalized,normalized_field_present,75,3,96.153846
ufocat,2010_2019,asia,78,craft_confidence,qualified_value,49,29,62.820513
ufocat,2010_2019,asia,78,craft_classification_source,normalized_field_present,77,1,98.717949
ufocat,2010_2019,asia,78,same_day_suitability,qualified_value,42,36,53.846154
ufocat,2010_2019,asia,78,duplicate_lineage,normalized_field_present,78,0,100.000000
ufocat,2010_2019,asia,78,publisher_lineage,normalized_field_present,78,0,100.000000
ufocat,2010_2019,asia,78,independent_source_identity,normalized_field_present,78,0,100.000000
ufocat,2010_2019,asia,78,country_assignment,derived_field_present,78,0,100.000000
ufocat,2010_2019,asia,78,administrative_region,normalized_field_present,0,78,0.000000
ufocat,2010_2019,asia,78,boundary_assignment_provenance,derived_field_present,78,0,100.000000
ufocat,2010_2019,asia,78,duration_raw,raw_field_present,71,7,91.025641
ufocat,2010_2019,asia,78,witness_count_raw,raw_explicit_value,0,78,0.000000
ufocat,2010_2019,asia,78,sound_raw,raw_explicit_value,5,73,6.410256
ufocat,2010_2019,asia,78,color_raw,raw_explicit_value,36,42,46.153846
ufocat,2010_2019,asia,78,light_positive_mention,raw_positive_mention,0,78,0.000000
ufocat,2010_2019,asia,78,behavior_raw,raw_explicit_value,0,78,0.000000
ufocat,2010_2019,asia,78,evidence_raw,raw_explicit_value,0,78,0.000000
ufocat,2010_2019,europe,1192,coordinate_evidence,normalized_field_present,1192,0,100.000000
ufocat,2010_2019,europe,1192,source_coordinates,qualified_value,1076,116,90.268456
ufocat,2010_2019,europe,1192,coordinate_precision,normalized_field_present,1192,0,100.000000
ufocat,2010_2019,europe,1192,coordinate_pile_review_state,normalized_field_present,0,1192,0.000000
ufocat,2010_2019,europe,1192,occurrence_date_role,raw_field_present,1192,0,100.000000
ufocat,2010_2019,europe,1192,exact_date,qualified_value,1174,18,98.489933
ufocat,2010_2019,europe,1192,time_of_day_raw,raw_field_present,937,255,78.607383
ufocat,2010_2019,europe,1192,time_of_day_normalized,qualified_value,0,1192,0.000000
ufocat,2010_2019,europe,1192,reported_date_role,raw_field_present,0,1192,0.000000
ufocat,2010_2019,europe,1192,reporting_delay_estimable,qualified_value,0,1192,0.000000
ufocat,2010_2019,europe,1192,craft_normalized,normalized_field_present,885,307,74.244966
ufocat,2010_2019,europe,1192,craft_confidence,qualified_value,616,576,51.677852
ufocat,2010_2019,europe,1192,craft_classification_source,normalized_field_present,897,295,75.251678
ufocat,2010_2019,europe,1192,same_day_suitability,qualified_value,541,651,45.385906
ufocat,2010_2019,europe,1192,duplicate_lineage,normalized_field_present,1192,0,100.000000
ufocat,2010_2019,europe,1192,publisher_lineage,normalized_field_present,1192,0,100.000000
ufocat,2010_2019,europe,1192,independent_source_identity,normalized_field_present,1192,0,100.000000
ufocat,2010_2019,europe,1192,country_assignment,derived_field_present,1192,0,100.000000
ufocat,2010_2019,europe,1192,administrative_region,normalized_field_present,0,1192,0.000000
ufocat,2010_2019,europe,1192,boundary_assignment_provenance,derived_field_present,1192,0,100.000000
ufocat,2010_2019,europe,1192,duration_raw,raw_field_present,830,362,69.630872
ufocat,2010_2019,europe,1192,witness_count_raw,raw_explicit_value,0,1192,0.000000
ufocat,2010_2019,europe,1192,sound_raw,raw_explicit_value,66,1126,5.536913
ufocat,2010_2019,europe,1192,color_raw,raw_explicit_value,414,778,34.731544
ufocat,2010_2019,europe,1192,light_positive_mention,raw_positive_mention,0,1192,0.000000
ufocat,2010_2019,europe,1192,behavior_raw,raw_explicit_value,0,1192,0.000000
ufocat,2010_2019,europe,1192,evidence_raw,raw_explicit_value,0,1192,0.000000
ufocat,2010_2019,latin_america_caribbean,254,coordinate_evidence,normalized_field_present,254,0,100.000000
ufocat,2010_2019,latin_america_caribbean,254,source_coordinates,qualified_value,250,4,98.425197
ufocat,2010_2019,latin_america_caribbean,254,coordinate_precision,normalized_field_present,254,0,100.000000
ufocat,2010_2019,latin_america_caribbean,254,coordinate_pile_review_state,normalized_field_present,0,254,0.000000
ufocat,2010_2019,latin_america_caribbean,254,occurrence_date_role,raw_field_present,254,0,100.000000
ufocat,2010_2019,latin_america_caribbean,254,exact_date,qualified_value,240,14,94.488189
ufocat,2010_2019,latin_america_caribbean,254,time_of_day_raw,raw_field_present,247,7,97.244094
ufocat,2010_2019,latin_america_caribbean,254,time_of_day_normalized,qualified_value,0,254,0.000000
ufocat,2010_2019,latin_america_caribbean,254,reported_date_role,raw_field_present,0,254,0.000000
ufocat,2010_2019,latin_america_caribbean,254,reporting_delay_estimable,qualified_value,0,254,0.000000
ufocat,2010_2019,latin_america_caribbean,254,craft_normalized,normalized_field_present,226,28,88.976378
ufocat,2010_2019,latin_america_caribbean,254,craft_confidence,qualified_value,156,98,61.417323
ufocat,2010_2019,latin_america_caribbean,254,craft_classification_source,normalized_field_present,234,20,92.125984
ufocat,2010_2019,latin_america_caribbean,254,same_day_suitability,qualified_value,129,125,50.787402
ufocat,2010_2019,latin_america_caribbean,254,duplicate_lineage,normalized_field_present,254,0,100.000000
ufocat,2010_2019,latin_america_caribbean,254,publisher_lineage,normalized_field_present,254,0,100.000000
ufocat,2010_2019,latin_america_caribbean,254,independent_source_identity,normalized_field_present,254,0,100.000000
ufocat,2010_2019,latin_america_caribbean,254,country_assignment,derived_field_present,254,0,100.000000
ufocat,2010_2019,latin_america_caribbean,254,administrative_region,normalized_field_present,0,254,0.000000
ufocat,2010_2019,latin_america_caribbean,254,boundary_assignment_provenance,derived_field_present,254,0,100.000000
ufocat,2010_2019,latin_america_caribbean,254,duration_raw,raw_field_present,206,48,81.102362
ufocat,2010_2019,latin_america_caribbean,254,witness_count_raw,raw_explicit_value,0,254,0.000000
ufocat,2010_2019,latin_america_caribbean,254,sound_raw,raw_explicit_value,13,241,5.118110
ufocat,2010_2019,latin_america_caribbean,254,color_raw,raw_explicit_value,80,174,31.496063
ufocat,2010_2019,latin_america_caribbean,254,light_positive_mention,raw_positive_mention,0,254,0.000000
ufocat,2010_2019,latin_america_caribbean,254,behavior_raw,raw_explicit_value,0,254,0.000000
ufocat,2010_2019,latin_america_caribbean,254,evidence_raw,raw_explicit_value,0,254,0.000000
ufocat,2010_2019,northern_america,54027,coordinate_evidence,normalized_field_present,54027,0,100.000000
ufocat,2010_2019,northern_america,54027,source_coordinates,qualified_value,10442,43585,19.327373
ufocat,2010_2019,northern_america,54027,coordinate_precision,normalized_field_present,54027,0,100.000000
ufocat,2010_2019,northern_america,54027,coordinate_pile_review_state,normalized_field_present,0,54027,0.000000
ufocat,2010_2019,northern_america,54027,occurrence_date_role,raw_field_present,54027,0,100.000000
ufocat,2010_2019,northern_america,54027,exact_date,qualified_value,53924,103,99.809355
ufocat,2010_2019,northern_america,54027,time_of_day_raw,raw_field_present,53414,613,98.865382
ufocat,2010_2019,northern_america,54027,time_of_day_normalized,qualified_value,2,54025,0.003702
ufocat,2010_2019,northern_america,54027,reported_date_role,raw_field_present,0,54027,0.000000
ufocat,2010_2019,northern_america,54027,reporting_delay_estimable,qualified_value,0,54027,0.000000
ufocat,2010_2019,northern_america,54027,craft_normalized,normalized_field_present,51875,2152,96.016806
ufocat,2010_2019,northern_america,54027,craft_confidence,qualified_value,35761,18266,66.190979
ufocat,2010_2019,northern_america,54027,craft_classification_source,normalized_field_present,52179,1848,96.579488
ufocat,2010_2019,northern_america,54027,same_day_suitability,qualified_value,29726,24301,55.020638
ufocat,2010_2019,northern_america,54027,duplicate_lineage,normalized_field_present,54027,0,100.000000
ufocat,2010_2019,northern_america,54027,publisher_lineage,normalized_field_present,54027,0,100.000000
ufocat,2010_2019,northern_america,54027,independent_source_identity,normalized_field_present,54027,0,100.000000
ufocat,2010_2019,northern_america,54027,country_assignment,derived_field_present,54027,0,100.000000
ufocat,2010_2019,northern_america,54027,administrative_region,normalized_field_present,0,54027,0.000000
ufocat,2010_2019,northern_america,54027,boundary_assignment_provenance,derived_field_present,54027,0,100.000000
ufocat,2010_2019,northern_america,54027,duration_raw,raw_field_present,48687,5340,90.116053
ufocat,2010_2019,northern_america,54027,witness_count_raw,raw_explicit_value,0,54027,0.000000
ufocat,2010_2019,northern_america,54027,sound_raw,raw_explicit_value,4512,49515,8.351380
ufocat,2010_2019,northern_america,54027,color_raw,raw_explicit_value,25880,28147,47.901975
ufocat,2010_2019,northern_america,54027,light_positive_mention,raw_positive_mention,0,54027,0.000000
ufocat,2010_2019,northern_america,54027,behavior_raw,raw_explicit_value,0,54027,0.000000
ufocat,2010_2019,northern_america,54027,evidence_raw,raw_explicit_value,0,54027,0.000000
ufocat,2010_2019,oceania,599,coordinate_evidence,normalized_field_present,599,0,100.000000
ufocat,2010_2019,oceania,599,source_coordinates,qualified_value,434,165,72.454090
ufocat,2010_2019,oceania,599,coordinate_precision,normalized_field_present,599,0,100.000000
ufocat,2010_2019,oceania,599,coordinate_pile_review_state,normalized_field_present,0,599,0.000000
ufocat,2010_2019,oceania,599,occurrence_date_role,raw_field_present,599,0,100.000000
ufocat,2010_2019,oceania,599,exact_date,qualified_value,588,11,98.163606
ufocat,2010_2019,oceania,599,time_of_day_raw,raw_field_present,253,346,42.237062
ufocat,2010_2019,oceania,599,time_of_day_normalized,qualified_value,1,598,0.166945
ufocat,2010_2019,oceania,599,reported_date_role,raw_field_present,0,599,0.000000
ufocat,2010_2019,oceania,599,reporting_delay_estimable,qualified_value,0,599,0.000000
ufocat,2010_2019,oceania,599,craft_normalized,normalized_field_present,249,350,41.569282
ufocat,2010_2019,oceania,599,craft_confidence,qualified_value,164,435,27.378965
ufocat,2010_2019,oceania,599,craft_classification_source,normalized_field_present,251,348,41.903172
ufocat,2010_2019,oceania,599,same_day_suitability,qualified_value,149,450,24.874791
ufocat,2010_2019,oceania,599,duplicate_lineage,normalized_field_present,599,0,100.000000
ufocat,2010_2019,oceania,599,publisher_lineage,normalized_field_present,599,0,100.000000
ufocat,2010_2019,oceania,599,independent_source_identity,normalized_field_present,599,0,100.000000
ufocat,2010_2019,oceania,599,country_assignment,derived_field_present,599,0,100.000000
ufocat,2010_2019,oceania,599,administrative_region,normalized_field_present,0,599,0.000000
ufocat,2010_2019,oceania,599,boundary_assignment_provenance,derived_field_present,599,0,100.000000
ufocat,2010_2019,oceania,599,duration_raw,raw_field_present,210,389,35.058431
ufocat,2010_2019,oceania,599,witness_count_raw,raw_explicit_value,0,599,0.000000
ufocat,2010_2019,oceania,599,sound_raw,raw_explicit_value,25,574,4.173623
ufocat,2010_2019,oceania,599,color_raw,raw_explicit_value,116,483,19.365609
ufocat,2010_2019,oceania,599,light_positive_mention,raw_positive_mention,0,599,0.000000
ufocat,2010_2019,oceania,599,behavior_raw,raw_explicit_value,0,599,0.000000
ufocat,2010_2019,oceania,599,evidence_raw,raw_explicit_value,0,599,0.000000
ufocat,2010_2019,unknown,3067,coordinate_evidence,normalized_field_present,3067,0,100.000000
ufocat,2010_2019,unknown,3067,source_coordinates,qualified_value,1102,1965,35.930877
ufocat,2010_2019,unknown,3067,coordinate_precision,normalized_field_present,3066,1,99.967395
ufocat,2010_2019,unknown,3067,coordinate_pile_review_state,normalized_field_present,0,3067,0.000000
ufocat,2010_2019,unknown,3067,occurrence_date_role,raw_field_present,3067,0,100.000000
ufocat,2010_2019,unknown,3067,exact_date,qualified_value,3022,45,98.532768
ufocat,2010_2019,unknown,3067,time_of_day_raw,raw_field_present,2846,221,92.794261
ufocat,2010_2019,unknown,3067,time_of_day_normalized,qualified_value,0,3067,0.000000
ufocat,2010_2019,unknown,3067,reported_date_role,raw_field_present,0,3067,0.000000
ufocat,2010_2019,unknown,3067,reporting_delay_estimable,qualified_value,0,3067,0.000000
ufocat,2010_2019,unknown,3067,craft_normalized,normalized_field_present,2814,253,91.750897
ufocat,2010_2019,unknown,3067,craft_confidence,qualified_value,1884,1183,61.428106
ufocat,2010_2019,unknown,3067,craft_classification_source,normalized_field_present,2863,204,93.348549
ufocat,2010_2019,unknown,3067,same_day_suitability,qualified_value,1577,1490,51.418324
ufocat,2010_2019,unknown,3067,duplicate_lineage,normalized_field_present,3067,0,100.000000
ufocat,2010_2019,unknown,3067,publisher_lineage,normalized_field_present,3067,0,100.000000
ufocat,2010_2019,unknown,3067,independent_source_identity,normalized_field_present,3067,0,100.000000
ufocat,2010_2019,unknown,3067,country_assignment,derived_field_present,0,3067,0.000000
ufocat,2010_2019,unknown,3067,administrative_region,normalized_field_present,0,3067,0.000000
ufocat,2010_2019,unknown,3067,boundary_assignment_provenance,derived_field_present,2285,782,74.502771
ufocat,2010_2019,unknown,3067,duration_raw,raw_field_present,2412,655,78.643626
ufocat,2010_2019,unknown,3067,witness_count_raw,raw_explicit_value,0,3067,0.000000
ufocat,2010_2019,unknown,3067,sound_raw,raw_explicit_value,186,2881,6.064558
ufocat,2010_2019,unknown,3067,color_raw,raw_explicit_value,1400,1667,45.647212
ufocat,2010_2019,unknown,3067,light_positive_mention,raw_positive_mention,0,3067,0.000000
ufocat,2010_2019,unknown,3067,behavior_raw,raw_explicit_value,0,3067,0.000000
ufocat,2010_2019,unknown,3067,evidence_raw,raw_explicit_value,0,3067,0.000000
ufocat,2020_plus,africa,14,coordinate_evidence,normalized_field_present,14,0,100.000000
ufocat,2020_plus,africa,14,source_coordinates,qualified_value,14,0,100.000000
ufocat,2020_plus,africa,14,coordinate_precision,normalized_field_present,14,0,100.000000
ufocat,2020_plus,africa,14,coordinate_pile_review_state,normalized_field_present,0,14,0.000000
ufocat,2020_plus,africa,14,occurrence_date_role,raw_field_present,14,0,100.000000
ufocat,2020_plus,africa,14,exact_date,qualified_value,14,0,100.000000
ufocat,2020_plus,africa,14,time_of_day_raw,raw_field_present,14,0,100.000000
ufocat,2020_plus,africa,14,time_of_day_normalized,qualified_value,0,14,0.000000
ufocat,2020_plus,africa,14,reported_date_role,raw_field_present,0,14,0.000000
ufocat,2020_plus,africa,14,reporting_delay_estimable,qualified_value,0,14,0.000000
ufocat,2020_plus,africa,14,craft_normalized,normalized_field_present,13,1,92.857143
ufocat,2020_plus,africa,14,craft_confidence,qualified_value,9,5,64.285714
ufocat,2020_plus,africa,14,craft_classification_source,normalized_field_present,13,1,92.857143
ufocat,2020_plus,africa,14,same_day_suitability,qualified_value,8,6,57.142857
ufocat,2020_plus,africa,14,duplicate_lineage,normalized_field_present,14,0,100.000000
ufocat,2020_plus,africa,14,publisher_lineage,normalized_field_present,14,0,100.000000
ufocat,2020_plus,africa,14,independent_source_identity,normalized_field_present,14,0,100.000000
ufocat,2020_plus,africa,14,country_assignment,derived_field_present,14,0,100.000000
ufocat,2020_plus,africa,14,administrative_region,normalized_field_present,0,14,0.000000
ufocat,2020_plus,africa,14,boundary_assignment_provenance,derived_field_present,14,0,100.000000
ufocat,2020_plus,africa,14,duration_raw,raw_field_present,14,0,100.000000
ufocat,2020_plus,africa,14,witness_count_raw,raw_explicit_value,0,14,0.000000
ufocat,2020_plus,africa,14,sound_raw,raw_explicit_value,1,13,7.142857
ufocat,2020_plus,africa,14,color_raw,raw_explicit_value,4,10,28.571429
ufocat,2020_plus,africa,14,light_positive_mention,raw_positive_mention,0,14,0.000000
ufocat,2020_plus,africa,14,behavior_raw,raw_explicit_value,0,14,0.000000
ufocat,2020_plus,africa,14,evidence_raw,raw_explicit_value,0,14,0.000000
ufocat,2020_plus,asia,21,coordinate_evidence,normalized_field_present,21,0,100.000000
ufocat,2020_plus,asia,21,source_coordinates,qualified_value,21,0,100.000000
ufocat,2020_plus,asia,21,coordinate_precision,normalized_field_present,21,0,100.000000
ufocat,2020_plus,asia,21,coordinate_pile_review_state,normalized_field_present,0,21,0.000000
ufocat,2020_plus,asia,21,occurrence_date_role,raw_field_present,21,0,100.000000
ufocat,2020_plus,asia,21,exact_date,qualified_value,21,0,100.000000
ufocat,2020_plus,asia,21,time_of_day_raw,raw_field_present,21,0,100.000000
ufocat,2020_plus,asia,21,time_of_day_normalized,qualified_value,0,21,0.000000
ufocat,2020_plus,asia,21,reported_date_role,raw_field_present,0,21,0.000000
ufocat,2020_plus,asia,21,reporting_delay_estimable,qualified_value,0,21,0.000000
ufocat,2020_plus,asia,21,craft_normalized,normalized_field_present,20,1,95.238095
ufocat,2020_plus,asia,21,craft_confidence,qualified_value,12,9,57.142857
ufocat,2020_plus,asia,21,craft_classification_source,normalized_field_present,20,1,95.238095
ufocat,2020_plus,asia,21,same_day_suitability,qualified_value,12,9,57.142857
ufocat,2020_plus,asia,21,duplicate_lineage,normalized_field_present,21,0,100.000000
ufocat,2020_plus,asia,21,publisher_lineage,normalized_field_present,21,0,100.000000
ufocat,2020_plus,asia,21,independent_source_identity,normalized_field_present,21,0,100.000000
ufocat,2020_plus,asia,21,country_assignment,derived_field_present,21,0,100.000000
ufocat,2020_plus,asia,21,administrative_region,normalized_field_present,0,21,0.000000
ufocat,2020_plus,asia,21,boundary_assignment_provenance,derived_field_present,21,0,100.000000
ufocat,2020_plus,asia,21,duration_raw,raw_field_present,21,0,100.000000
ufocat,2020_plus,asia,21,witness_count_raw,raw_explicit_value,0,21,0.000000
ufocat,2020_plus,asia,21,sound_raw,raw_explicit_value,3,18,14.285714
ufocat,2020_plus,asia,21,color_raw,raw_explicit_value,7,14,33.333333
ufocat,2020_plus,asia,21,light_positive_mention,raw_positive_mention,0,21,0.000000
ufocat,2020_plus,asia,21,behavior_raw,raw_explicit_value,0,21,0.000000
ufocat,2020_plus,asia,21,evidence_raw,raw_explicit_value,0,21,0.000000
ufocat,2020_plus,europe,298,coordinate_evidence,normalized_field_present,298,0,100.000000
ufocat,2020_plus,europe,298,source_coordinates,qualified_value,254,44,85.234899
ufocat,2020_plus,europe,298,coordinate_precision,normalized_field_present,298,0,100.000000
ufocat,2020_plus,europe,298,coordinate_pile_review_state,normalized_field_present,0,298,0.000000
ufocat,2020_plus,europe,298,occurrence_date_role,raw_field_present,298,0,100.000000
ufocat,2020_plus,europe,298,exact_date,qualified_value,298,0,100.000000
ufocat,2020_plus,europe,298,time_of_day_raw,raw_field_present,296,2,99.328859
ufocat,2020_plus,europe,298,time_of_day_normalized,qualified_value,0,298,0.000000
ufocat,2020_plus,europe,298,reported_date_role,raw_field_present,0,298,0.000000
ufocat,2020_plus,europe,298,reporting_delay_estimable,qualified_value,0,298,0.000000
ufocat,2020_plus,europe,298,craft_normalized,normalized_field_present,277,21,92.953020
ufocat,2020_plus,europe,298,craft_confidence,qualified_value,190,108,63.758389
ufocat,2020_plus,europe,298,craft_classification_source,normalized_field_present,281,17,94.295302
ufocat,2020_plus,europe,298,same_day_suitability,qualified_value,182,116,61.073826
ufocat,2020_plus,europe,298,duplicate_lineage,normalized_field_present,298,0,100.000000
ufocat,2020_plus,europe,298,publisher_lineage,normalized_field_present,298,0,100.000000
ufocat,2020_plus,europe,298,independent_source_identity,normalized_field_present,298,0,100.000000
ufocat,2020_plus,europe,298,country_assignment,derived_field_present,298,0,100.000000
ufocat,2020_plus,europe,298,administrative_region,normalized_field_present,0,298,0.000000
ufocat,2020_plus,europe,298,boundary_assignment_provenance,derived_field_present,298,0,100.000000
ufocat,2020_plus,europe,298,duration_raw,raw_field_present,275,23,92.281879
ufocat,2020_plus,europe,298,witness_count_raw,raw_explicit_value,0,298,0.000000
ufocat,2020_plus,europe,298,sound_raw,raw_explicit_value,15,283,5.033557
ufocat,2020_plus,europe,298,color_raw,raw_explicit_value,97,201,32.550336
ufocat,2020_plus,europe,298,light_positive_mention,raw_positive_mention,0,298,0.000000
ufocat,2020_plus,europe,298,behavior_raw,raw_explicit_value,0,298,0.000000
ufocat,2020_plus,europe,298,evidence_raw,raw_explicit_value,0,298,0.000000
ufocat,2020_plus,latin_america_caribbean,58,coordinate_evidence,normalized_field_present,58,0,100.000000
ufocat,2020_plus,latin_america_caribbean,58,source_coordinates,qualified_value,58,0,100.000000
ufocat,2020_plus,latin_america_caribbean,58,coordinate_precision,normalized_field_present,58,0,100.000000
ufocat,2020_plus,latin_america_caribbean,58,coordinate_pile_review_state,normalized_field_present,0,58,0.000000
ufocat,2020_plus,latin_america_caribbean,58,occurrence_date_role,raw_field_present,58,0,100.000000
ufocat,2020_plus,latin_america_caribbean,58,exact_date,qualified_value,58,0,100.000000
ufocat,2020_plus,latin_america_caribbean,58,time_of_day_raw,raw_field_present,58,0,100.000000
ufocat,2020_plus,latin_america_caribbean,58,time_of_day_normalized,qualified_value,0,58,0.000000
ufocat,2020_plus,latin_america_caribbean,58,reported_date_role,raw_field_present,0,58,0.000000
ufocat,2020_plus,latin_america_caribbean,58,reporting_delay_estimable,qualified_value,0,58,0.000000
ufocat,2020_plus,latin_america_caribbean,58,craft_normalized,normalized_field_present,55,3,94.827586
ufocat,2020_plus,latin_america_caribbean,58,craft_confidence,qualified_value,38,20,65.517241
ufocat,2020_plus,latin_america_caribbean,58,craft_classification_source,normalized_field_present,55,3,94.827586
ufocat,2020_plus,latin_america_caribbean,58,same_day_suitability,qualified_value,36,22,62.068966
ufocat,2020_plus,latin_america_caribbean,58,duplicate_lineage,normalized_field_present,58,0,100.000000
ufocat,2020_plus,latin_america_caribbean,58,publisher_lineage,normalized_field_present,58,0,100.000000
ufocat,2020_plus,latin_america_caribbean,58,independent_source_identity,normalized_field_present,58,0,100.000000
ufocat,2020_plus,latin_america_caribbean,58,country_assignment,derived_field_present,58,0,100.000000
ufocat,2020_plus,latin_america_caribbean,58,administrative_region,normalized_field_present,0,58,0.000000
ufocat,2020_plus,latin_america_caribbean,58,boundary_assignment_provenance,derived_field_present,58,0,100.000000
ufocat,2020_plus,latin_america_caribbean,58,duration_raw,raw_field_present,48,10,82.758621
ufocat,2020_plus,latin_america_caribbean,58,witness_count_raw,raw_explicit_value,0,58,0.000000
ufocat,2020_plus,latin_america_caribbean,58,sound_raw,raw_explicit_value,2,56,3.448276
ufocat,2020_plus,latin_america_caribbean,58,color_raw,raw_explicit_value,13,45,22.413793
ufocat,2020_plus,latin_america_caribbean,58,light_positive_mention,raw_positive_mention,0,58,0.000000
ufocat,2020_plus,latin_america_caribbean,58,behavior_raw,raw_explicit_value,0,58,0.000000
ufocat,2020_plus,latin_america_caribbean,58,evidence_raw,raw_explicit_value,0,58,0.000000
ufocat,2020_plus,northern_america,13220,coordinate_evidence,normalized_field_present,13220,0,100.000000
ufocat,2020_plus,northern_america,13220,source_coordinates,qualified_value,5701,7519,43.124054
ufocat,2020_plus,northern_america,13220,coordinate_precision,normalized_field_present,13220,0,100.000000
ufocat,2020_plus,northern_america,13220,coordinate_pile_review_state,normalized_field_present,0,13220,0.000000
ufocat,2020_plus,northern_america,13220,occurrence_date_role,raw_field_present,13220,0,100.000000
ufocat,2020_plus,northern_america,13220,exact_date,qualified_value,13200,20,99.848714
ufocat,2020_plus,northern_america,13220,time_of_day_raw,raw_field_present,13070,150,98.865356
ufocat,2020_plus,northern_america,13220,time_of_day_normalized,qualified_value,0,13220,0.000000
ufocat,2020_plus,northern_america,13220,reported_date_role,raw_field_present,0,13220,0.000000
ufocat,2020_plus,northern_america,13220,reporting_delay_estimable,qualified_value,0,13220,0.000000
ufocat,2020_plus,northern_america,13220,craft_normalized,normalized_field_present,12553,667,94.954614
ufocat,2020_plus,northern_america,13220,craft_confidence,qualified_value,9104,4116,68.865356
ufocat,2020_plus,northern_america,13220,craft_classification_source,normalized_field_present,12623,597,95.484115
ufocat,2020_plus,northern_america,13220,same_day_suitability,qualified_value,7298,5922,55.204236
ufocat,2020_plus,northern_america,13220,duplicate_lineage,normalized_field_present,13220,0,100.000000
ufocat,2020_plus,northern_america,13220,publisher_lineage,normalized_field_present,13220,0,100.000000
ufocat,2020_plus,northern_america,13220,independent_source_identity,normalized_field_present,13220,0,100.000000
ufocat,2020_plus,northern_america,13220,country_assignment,derived_field_present,13220,0,100.000000
ufocat,2020_plus,northern_america,13220,administrative_region,normalized_field_present,0,13220,0.000000
ufocat,2020_plus,northern_america,13220,boundary_assignment_provenance,derived_field_present,13220,0,100.000000
ufocat,2020_plus,northern_america,13220,duration_raw,raw_field_present,10637,2583,80.461422
ufocat,2020_plus,northern_america,13220,witness_count_raw,raw_explicit_value,0,13220,0.000000
ufocat,2020_plus,northern_america,13220,sound_raw,raw_explicit_value,913,12307,6.906203
ufocat,2020_plus,northern_america,13220,color_raw,raw_explicit_value,4448,8772,33.645991
ufocat,2020_plus,northern_america,13220,light_positive_mention,raw_positive_mention,0,13220,0.000000
ufocat,2020_plus,northern_america,13220,behavior_raw,raw_explicit_value,0,13220,0.000000
ufocat,2020_plus,northern_america,13220,evidence_raw,raw_explicit_value,0,13220,0.000000
ufocat,2020_plus,oceania,72,coordinate_evidence,normalized_field_present,72,0,100.000000
ufocat,2020_plus,oceania,72,source_coordinates,qualified_value,51,21,70.833333
ufocat,2020_plus,oceania,72,coordinate_precision,normalized_field_present,72,0,100.000000
ufocat,2020_plus,oceania,72,coordinate_pile_review_state,normalized_field_present,0,72,0.000000
ufocat,2020_plus,oceania,72,occurrence_date_role,raw_field_present,72,0,100.000000
ufocat,2020_plus,oceania,72,exact_date,qualified_value,72,0,100.000000
ufocat,2020_plus,oceania,72,time_of_day_raw,raw_field_present,72,0,100.000000
ufocat,2020_plus,oceania,72,time_of_day_normalized,qualified_value,0,72,0.000000
ufocat,2020_plus,oceania,72,reported_date_role,raw_field_present,0,72,0.000000
ufocat,2020_plus,oceania,72,reporting_delay_estimable,qualified_value,0,72,0.000000
ufocat,2020_plus,oceania,72,craft_normalized,normalized_field_present,68,4,94.444444
ufocat,2020_plus,oceania,72,craft_confidence,qualified_value,47,25,65.277778
ufocat,2020_plus,oceania,72,craft_classification_source,normalized_field_present,68,4,94.444444
ufocat,2020_plus,oceania,72,same_day_suitability,qualified_value,45,27,62.500000
ufocat,2020_plus,oceania,72,duplicate_lineage,normalized_field_present,72,0,100.000000
ufocat,2020_plus,oceania,72,publisher_lineage,normalized_field_present,72,0,100.000000
ufocat,2020_plus,oceania,72,independent_source_identity,normalized_field_present,72,0,100.000000
ufocat,2020_plus,oceania,72,country_assignment,derived_field_present,72,0,100.000000
ufocat,2020_plus,oceania,72,administrative_region,normalized_field_present,0,72,0.000000
ufocat,2020_plus,oceania,72,boundary_assignment_provenance,derived_field_present,72,0,100.000000
ufocat,2020_plus,oceania,72,duration_raw,raw_field_present,68,4,94.444444
ufocat,2020_plus,oceania,72,witness_count_raw,raw_explicit_value,0,72,0.000000
ufocat,2020_plus,oceania,72,sound_raw,raw_explicit_value,4,68,5.555556
ufocat,2020_plus,oceania,72,color_raw,raw_explicit_value,15,57,20.833333
ufocat,2020_plus,oceania,72,light_positive_mention,raw_positive_mention,0,72,0.000000
ufocat,2020_plus,oceania,72,behavior_raw,raw_explicit_value,0,72,0.000000
ufocat,2020_plus,oceania,72,evidence_raw,raw_explicit_value,0,72,0.000000
ufocat,2020_plus,unknown,840,coordinate_evidence,normalized_field_present,840,0,100.000000
ufocat,2020_plus,unknown,840,source_coordinates,qualified_value,353,487,42.023810
ufocat,2020_plus,unknown,840,coordinate_precision,normalized_field_present,840,0,100.000000
ufocat,2020_plus,unknown,840,coordinate_pile_review_state,normalized_field_present,0,840,0.000000
ufocat,2020_plus,unknown,840,occurrence_date_role,raw_field_present,840,0,100.000000
ufocat,2020_plus,unknown,840,exact_date,qualified_value,833,7,99.166667
ufocat,2020_plus,unknown,840,time_of_day_raw,raw_field_present,824,16,98.095238
ufocat,2020_plus,unknown,840,time_of_day_normalized,qualified_value,0,840,0.000000
ufocat,2020_plus,unknown,840,reported_date_role,raw_field_present,0,840,0.000000
ufocat,2020_plus,unknown,840,reporting_delay_estimable,qualified_value,0,840,0.000000
ufocat,2020_plus,unknown,840,craft_normalized,normalized_field_present,784,56,93.333333
ufocat,2020_plus,unknown,840,craft_confidence,qualified_value,551,289,65.595238
ufocat,2020_plus,unknown,840,craft_classification_source,normalized_field_present,788,52,93.809524
ufocat,2020_plus,unknown,840,same_day_suitability,qualified_value,505,335,60.119048
ufocat,2020_plus,unknown,840,duplicate_lineage,normalized_field_present,840,0,100.000000
ufocat,2020_plus,unknown,840,publisher_lineage,normalized_field_present,840,0,100.000000
ufocat,2020_plus,unknown,840,independent_source_identity,normalized_field_present,840,0,100.000000
ufocat,2020_plus,unknown,840,country_assignment,derived_field_present,0,840,0.000000
ufocat,2020_plus,unknown,840,administrative_region,normalized_field_present,0,840,0.000000
ufocat,2020_plus,unknown,840,boundary_assignment_provenance,derived_field_present,534,306,63.571429
ufocat,2020_plus,unknown,840,duration_raw,raw_field_present,667,173,79.404762
ufocat,2020_plus,unknown,840,witness_count_raw,raw_explicit_value,0,840,0.000000
ufocat,2020_plus,unknown,840,sound_raw,raw_explicit_value,47,793,5.595238
ufocat,2020_plus,unknown,840,color_raw,raw_explicit_value,252,588,30.000000
ufocat,2020_plus,unknown,840,light_positive_mention,raw_positive_mention,0,840,0.000000
ufocat,2020_plus,unknown,840,behavior_raw,raw_explicit_value,0,840,0.000000
ufocat,2020_plus,unknown,840,evidence_raw,raw_explicit_value,0,840,0.000000
ufocat,pre_1945,africa,18,coordinate_evidence,normalized_field_present,18,0,100.000000
ufocat,pre_1945,africa,18,source_coordinates,qualified_value,18,0,100.000000
ufocat,pre_1945,africa,18,coordinate_precision,normalized_field_present,18,0,100.000000
ufocat,pre_1945,africa,18,coordinate_pile_review_state,normalized_field_present,0,18,0.000000
ufocat,pre_1945,africa,18,occurrence_date_role,raw_field_present,18,0,100.000000
ufocat,pre_1945,africa,18,exact_date,qualified_value,8,10,44.444444
ufocat,pre_1945,africa,18,time_of_day_raw,raw_field_present,10,8,55.555556
ufocat,pre_1945,africa,18,time_of_day_normalized,qualified_value,0,18,0.000000
ufocat,pre_1945,africa,18,reported_date_role,raw_field_present,0,18,0.000000
ufocat,pre_1945,africa,18,reporting_delay_estimable,qualified_value,0,18,0.000000
ufocat,pre_1945,africa,18,craft_normalized,normalized_field_present,8,10,44.444444
ufocat,pre_1945,africa,18,craft_confidence,qualified_value,7,11,38.888889
ufocat,pre_1945,africa,18,craft_classification_source,normalized_field_present,9,9,50.000000
ufocat,pre_1945,africa,18,same_day_suitability,qualified_value,7,11,38.888889
ufocat,pre_1945,africa,18,duplicate_lineage,normalized_field_present,18,0,100.000000
ufocat,pre_1945,africa,18,publisher_lineage,normalized_field_present,18,0,100.000000
ufocat,pre_1945,africa,18,independent_source_identity,normalized_field_present,18,0,100.000000
ufocat,pre_1945,africa,18,country_assignment,derived_field_present,18,0,100.000000
ufocat,pre_1945,africa,18,administrative_region,normalized_field_present,0,18,0.000000
ufocat,pre_1945,africa,18,boundary_assignment_provenance,derived_field_present,18,0,100.000000
ufocat,pre_1945,africa,18,duration_raw,raw_field_present,6,12,33.333333
ufocat,pre_1945,africa,18,witness_count_raw,raw_explicit_value,0,18,0.000000
ufocat,pre_1945,africa,18,sound_raw,raw_explicit_value,1,17,5.555556
ufocat,pre_1945,africa,18,color_raw,raw_explicit_value,3,15,16.666667
ufocat,pre_1945,africa,18,light_positive_mention,raw_positive_mention,0,18,0.000000
ufocat,pre_1945,africa,18,behavior_raw,raw_explicit_value,0,18,0.000000
ufocat,pre_1945,africa,18,evidence_raw,raw_explicit_value,0,18,0.000000
ufocat,pre_1945,asia,49,coordinate_evidence,normalized_field_present,49,0,100.000000
ufocat,pre_1945,asia,49,source_coordinates,qualified_value,49,0,100.000000
ufocat,pre_1945,asia,49,coordinate_precision,normalized_field_present,49,0,100.000000
ufocat,pre_1945,asia,49,coordinate_pile_review_state,normalized_field_present,0,49,0.000000
ufocat,pre_1945,asia,49,occurrence_date_role,raw_field_present,49,0,100.000000
ufocat,pre_1945,asia,49,exact_date,qualified_value,33,16,67.346939
ufocat,pre_1945,asia,49,time_of_day_raw,raw_field_present,20,29,40.816327
ufocat,pre_1945,asia,49,time_of_day_normalized,qualified_value,3,46,6.122449
ufocat,pre_1945,asia,49,reported_date_role,raw_field_present,0,49,0.000000
ufocat,pre_1945,asia,49,reporting_delay_estimable,qualified_value,0,49,0.000000
ufocat,pre_1945,asia,49,craft_normalized,normalized_field_present,29,20,59.183673
ufocat,pre_1945,asia,49,craft_confidence,qualified_value,19,30,38.775510
ufocat,pre_1945,asia,49,craft_classification_source,normalized_field_present,37,12,75.510204
ufocat,pre_1945,asia,49,same_day_suitability,qualified_value,12,37,24.489796
ufocat,pre_1945,asia,49,duplicate_lineage,normalized_field_present,49,0,100.000000
ufocat,pre_1945,asia,49,publisher_lineage,normalized_field_present,49,0,100.000000
ufocat,pre_1945,asia,49,independent_source_identity,normalized_field_present,49,0,100.000000
ufocat,pre_1945,asia,49,country_assignment,derived_field_present,49,0,100.000000
ufocat,pre_1945,asia,49,administrative_region,normalized_field_present,0,49,0.000000
ufocat,pre_1945,asia,49,boundary_assignment_provenance,derived_field_present,49,0,100.000000
ufocat,pre_1945,asia,49,duration_raw,raw_field_present,14,35,28.571429
ufocat,pre_1945,asia,49,witness_count_raw,raw_explicit_value,0,49,0.000000
ufocat,pre_1945,asia,49,sound_raw,raw_explicit_value,2,47,4.081633
ufocat,pre_1945,asia,49,color_raw,raw_explicit_value,16,33,32.653061
ufocat,pre_1945,asia,49,light_positive_mention,raw_positive_mention,0,49,0.000000
ufocat,pre_1945,asia,49,behavior_raw,raw_explicit_value,0,49,0.000000
ufocat,pre_1945,asia,49,evidence_raw,raw_explicit_value,0,49,0.000000
ufocat,pre_1945,europe,1057,coordinate_evidence,normalized_field_present,1057,0,100.000000
ufocat,pre_1945,europe,1057,source_coordinates,qualified_value,983,74,92.999054
ufocat,pre_1945,europe,1057,coordinate_precision,normalized_field_present,1057,0,100.000000
ufocat,pre_1945,europe,1057,coordinate_pile_review_state,normalized_field_present,0,1057,0.000000
ufocat,pre_1945,europe,1057,occurrence_date_role,raw_field_present,1057,0,100.000000
ufocat,pre_1945,europe,1057,exact_date,qualified_value,689,368,65.184484
ufocat,pre_1945,europe,1057,time_of_day_raw,raw_field_present,575,482,54.399243
ufocat,pre_1945,europe,1057,time_of_day_normalized,qualified_value,50,1007,4.730369
ufocat,pre_1945,europe,1057,reported_date_role,raw_field_present,0,1057,0.000000
ufocat,pre_1945,europe,1057,reporting_delay_estimable,qualified_value,0,1057,0.000000
ufocat,pre_1945,europe,1057,craft_normalized,normalized_field_present,590,467,55.818354
ufocat,pre_1945,europe,1057,craft_confidence,qualified_value,446,611,42.194891
ufocat,pre_1945,europe,1057,craft_classification_source,normalized_field_present,700,357,66.225166
ufocat,pre_1945,europe,1057,same_day_suitability,qualified_value,289,768,27.341533
ufocat,pre_1945,europe,1057,duplicate_lineage,normalized_field_present,1057,0,100.000000
ufocat,pre_1945,europe,1057,publisher_lineage,normalized_field_present,1057,0,100.000000
ufocat,pre_1945,europe,1057,independent_source_identity,normalized_field_present,1057,0,100.000000
ufocat,pre_1945,europe,1057,country_assignment,derived_field_present,1057,0,100.000000
ufocat,pre_1945,europe,1057,administrative_region,normalized_field_present,0,1057,0.000000
ufocat,pre_1945,europe,1057,boundary_assignment_provenance,derived_field_present,1057,0,100.000000
ufocat,pre_1945,europe,1057,duration_raw,raw_field_present,259,798,24.503311
ufocat,pre_1945,europe,1057,witness_count_raw,raw_explicit_value,0,1057,0.000000
ufocat,pre_1945,europe,1057,sound_raw,raw_explicit_value,66,991,6.244087
ufocat,pre_1945,europe,1057,color_raw,raw_explicit_value,208,849,19.678335
ufocat,pre_1945,europe,1057,light_positive_mention,raw_positive_mention,0,1057,0.000000
ufocat,pre_1945,europe,1057,behavior_raw,raw_explicit_value,0,1057,0.000000
ufocat,pre_1945,europe,1057,evidence_raw,raw_explicit_value,0,1057,0.000000
ufocat,pre_1945,latin_america_caribbean,36,coordinate_evidence,normalized_field_present,36,0,100.000000
ufocat,pre_1945,latin_america_caribbean,36,source_coordinates,qualified_value,36,0,100.000000
ufocat,pre_1945,latin_america_caribbean,36,coordinate_precision,normalized_field_present,36,0,100.000000
ufocat,pre_1945,latin_america_caribbean,36,coordinate_pile_review_state,normalized_field_present,0,36,0.000000
ufocat,pre_1945,latin_america_caribbean,36,occurrence_date_role,raw_field_present,36,0,100.000000
ufocat,pre_1945,latin_america_caribbean,36,exact_date,qualified_value,9,27,25.000000
ufocat,pre_1945,latin_america_caribbean,36,time_of_day_raw,raw_field_present,16,20,44.444444
ufocat,pre_1945,latin_america_caribbean,36,time_of_day_normalized,qualified_value,0,36,0.000000
ufocat,pre_1945,latin_america_caribbean,36,reported_date_role,raw_field_present,0,36,0.000000
ufocat,pre_1945,latin_america_caribbean,36,reporting_delay_estimable,qualified_value,0,36,0.000000
ufocat,pre_1945,latin_america_caribbean,36,craft_normalized,normalized_field_present,14,22,38.888889
ufocat,pre_1945,latin_america_caribbean,36,craft_confidence,qualified_value,10,26,27.777778
ufocat,pre_1945,latin_america_caribbean,36,craft_classification_source,normalized_field_present,18,18,50.000000
ufocat,pre_1945,latin_america_caribbean,36,same_day_suitability,qualified_value,7,29,19.444444
ufocat,pre_1945,latin_america_caribbean,36,duplicate_lineage,normalized_field_present,36,0,100.000000
ufocat,pre_1945,latin_america_caribbean,36,publisher_lineage,normalized_field_present,36,0,100.000000
ufocat,pre_1945,latin_america_caribbean,36,independent_source_identity,normalized_field_present,36,0,100.000000
ufocat,pre_1945,latin_america_caribbean,36,country_assignment,derived_field_present,36,0,100.000000
ufocat,pre_1945,latin_america_caribbean,36,administrative_region,normalized_field_present,0,36,0.000000
ufocat,pre_1945,latin_america_caribbean,36,boundary_assignment_provenance,derived_field_present,36,0,100.000000
ufocat,pre_1945,latin_america_caribbean,36,duration_raw,raw_field_present,12,24,33.333333
ufocat,pre_1945,latin_america_caribbean,36,witness_count_raw,raw_explicit_value,0,36,0.000000
ufocat,pre_1945,latin_america_caribbean,36,sound_raw,raw_explicit_value,4,32,11.111111
ufocat,pre_1945,latin_america_caribbean,36,color_raw,raw_explicit_value,4,32,11.111111
ufocat,pre_1945,latin_america_caribbean,36,light_positive_mention,raw_positive_mention,0,36,0.000000
ufocat,pre_1945,latin_america_caribbean,36,behavior_raw,raw_explicit_value,0,36,0.000000
ufocat,pre_1945,latin_america_caribbean,36,evidence_raw,raw_explicit_value,0,36,0.000000
ufocat,pre_1945,northern_america,1956,coordinate_evidence,normalized_field_present,1956,0,100.000000
ufocat,pre_1945,northern_america,1956,source_coordinates,qualified_value,1615,341,82.566462
ufocat,pre_1945,northern_america,1956,coordinate_precision,normalized_field_present,1956,0,100.000000
ufocat,pre_1945,northern_america,1956,coordinate_pile_review_state,normalized_field_present,0,1956,0.000000
ufocat,pre_1945,northern_america,1956,occurrence_date_role,raw_field_present,1956,0,100.000000
ufocat,pre_1945,northern_america,1956,exact_date,qualified_value,1225,731,62.627812
ufocat,pre_1945,northern_america,1956,time_of_day_raw,raw_field_present,703,1253,35.940695
ufocat,pre_1945,northern_america,1956,time_of_day_normalized,qualified_value,46,1910,2.351738
ufocat,pre_1945,northern_america,1956,reported_date_role,raw_field_present,0,1956,0.000000
ufocat,pre_1945,northern_america,1956,reporting_delay_estimable,qualified_value,0,1956,0.000000
ufocat,pre_1945,northern_america,1956,craft_normalized,normalized_field_present,1120,836,57.259714
ufocat,pre_1945,northern_america,1956,craft_confidence,qualified_value,580,1376,29.652352
ufocat,pre_1945,northern_america,1956,craft_classification_source,normalized_field_present,1271,685,64.979550
ufocat,pre_1945,northern_america,1956,same_day_suitability,qualified_value,315,1641,16.104294
ufocat,pre_1945,northern_america,1956,duplicate_lineage,normalized_field_present,1956,0,100.000000
ufocat,pre_1945,northern_america,1956,publisher_lineage,normalized_field_present,1956,0,100.000000
ufocat,pre_1945,northern_america,1956,independent_source_identity,normalized_field_present,1956,0,100.000000
ufocat,pre_1945,northern_america,1956,country_assignment,derived_field_present,1956,0,100.000000
ufocat,pre_1945,northern_america,1956,administrative_region,normalized_field_present,0,1956,0.000000
ufocat,pre_1945,northern_america,1956,boundary_assignment_provenance,derived_field_present,1956,0,100.000000
ufocat,pre_1945,northern_america,1956,duration_raw,raw_field_present,255,1701,13.036810
ufocat,pre_1945,northern_america,1956,witness_count_raw,raw_explicit_value,0,1956,0.000000
ufocat,pre_1945,northern_america,1956,sound_raw,raw_explicit_value,45,1911,2.300613
ufocat,pre_1945,northern_america,1956,color_raw,raw_explicit_value,125,1831,6.390593
ufocat,pre_1945,northern_america,1956,light_positive_mention,raw_positive_mention,0,1956,0.000000
ufocat,pre_1945,northern_america,1956,behavior_raw,raw_explicit_value,0,1956,0.000000
ufocat,pre_1945,northern_america,1956,evidence_raw,raw_explicit_value,0,1956,0.000000
ufocat,pre_1945,oceania,80,coordinate_evidence,normalized_field_present,80,0,100.000000
ufocat,pre_1945,oceania,80,source_coordinates,qualified_value,70,10,87.500000
ufocat,pre_1945,oceania,80,coordinate_precision,normalized_field_present,80,0,100.000000
ufocat,pre_1945,oceania,80,coordinate_pile_review_state,normalized_field_present,0,80,0.000000
ufocat,pre_1945,oceania,80,occurrence_date_role,raw_field_present,80,0,100.000000
ufocat,pre_1945,oceania,80,exact_date,qualified_value,44,36,55.000000
ufocat,pre_1945,oceania,80,time_of_day_raw,raw_field_present,55,25,68.750000
ufocat,pre_1945,oceania,80,time_of_day_normalized,qualified_value,3,77,3.750000
ufocat,pre_1945,oceania,80,reported_date_role,raw_field_present,0,80,0.000000
ufocat,pre_1945,oceania,80,reporting_delay_estimable,qualified_value,0,80,0.000000
ufocat,pre_1945,oceania,80,craft_normalized,normalized_field_present,37,43,46.250000
ufocat,pre_1945,oceania,80,craft_confidence,qualified_value,27,53,33.750000
ufocat,pre_1945,oceania,80,craft_classification_source,normalized_field_present,46,34,57.500000
ufocat,pre_1945,oceania,80,same_day_suitability,qualified_value,26,54,32.500000
ufocat,pre_1945,oceania,80,duplicate_lineage,normalized_field_present,80,0,100.000000
ufocat,pre_1945,oceania,80,publisher_lineage,normalized_field_present,80,0,100.000000
ufocat,pre_1945,oceania,80,independent_source_identity,normalized_field_present,80,0,100.000000
ufocat,pre_1945,oceania,80,country_assignment,derived_field_present,80,0,100.000000
ufocat,pre_1945,oceania,80,administrative_region,normalized_field_present,0,80,0.000000
ufocat,pre_1945,oceania,80,boundary_assignment_provenance,derived_field_present,80,0,100.000000
ufocat,pre_1945,oceania,80,duration_raw,raw_field_present,19,61,23.750000
ufocat,pre_1945,oceania,80,witness_count_raw,raw_explicit_value,0,80,0.000000
ufocat,pre_1945,oceania,80,sound_raw,raw_explicit_value,9,71,11.250000
ufocat,pre_1945,oceania,80,color_raw,raw_explicit_value,9,71,11.250000
ufocat,pre_1945,oceania,80,light_positive_mention,raw_positive_mention,0,80,0.000000
ufocat,pre_1945,oceania,80,behavior_raw,raw_explicit_value,0,80,0.000000
ufocat,pre_1945,oceania,80,evidence_raw,raw_explicit_value,0,80,0.000000
ufocat,pre_1945,unknown,1631,coordinate_evidence,normalized_field_present,1631,0,100.000000
ufocat,pre_1945,unknown,1631,source_coordinates,qualified_value,129,1502,7.909258
ufocat,pre_1945,unknown,1631,coordinate_precision,normalized_field_present,1318,313,80.809319
ufocat,pre_1945,unknown,1631,coordinate_pile_review_state,normalized_field_present,0,1631,0.000000
ufocat,pre_1945,unknown,1631,occurrence_date_role,raw_field_present,1631,0,100.000000
ufocat,pre_1945,unknown,1631,exact_date,qualified_value,738,893,45.248314
ufocat,pre_1945,unknown,1631,time_of_day_raw,raw_field_present,495,1136,30.349479
ufocat,pre_1945,unknown,1631,time_of_day_normalized,qualified_value,55,1576,3.372164
ufocat,pre_1945,unknown,1631,reported_date_role,raw_field_present,0,1631,0.000000
ufocat,pre_1945,unknown,1631,reporting_delay_estimable,qualified_value,0,1631,0.000000
ufocat,pre_1945,unknown,1631,craft_normalized,normalized_field_present,609,1022,37.339056
ufocat,pre_1945,unknown,1631,craft_confidence,qualified_value,466,1165,28.571429
ufocat,pre_1945,unknown,1631,craft_classification_source,normalized_field_present,754,877,46.229307
ufocat,pre_1945,unknown,1631,same_day_suitability,qualified_value,232,1399,14.224402
ufocat,pre_1945,unknown,1631,duplicate_lineage,normalized_field_present,1631,0,100.000000
ufocat,pre_1945,unknown,1631,publisher_lineage,normalized_field_present,1631,0,100.000000
ufocat,pre_1945,unknown,1631,independent_source_identity,normalized_field_present,1631,0,100.000000
ufocat,pre_1945,unknown,1631,country_assignment,derived_field_present,0,1631,0.000000
ufocat,pre_1945,unknown,1631,administrative_region,normalized_field_present,0,1631,0.000000
ufocat,pre_1945,unknown,1631,boundary_assignment_provenance,derived_field_present,187,1444,11.465359
ufocat,pre_1945,unknown,1631,duration_raw,raw_field_present,174,1457,10.668302
ufocat,pre_1945,unknown,1631,witness_count_raw,raw_explicit_value,0,1631,0.000000
ufocat,pre_1945,unknown,1631,sound_raw,raw_explicit_value,41,1590,2.513795
ufocat,pre_1945,unknown,1631,color_raw,raw_explicit_value,153,1478,9.380748
ufocat,pre_1945,unknown,1631,light_positive_mention,raw_positive_mention,0,1631,0.000000
ufocat,pre_1945,unknown,1631,behavior_raw,raw_explicit_value,0,1631,0.000000
ufocat,pre_1945,unknown,1631,evidence_raw,raw_explicit_value,0,1631,0.000000
ufocat,unknown,africa,2,coordinate_evidence,normalized_field_present,2,0,100.000000
ufocat,unknown,africa,2,source_coordinates,qualified_value,2,0,100.000000
ufocat,unknown,africa,2,coordinate_precision,normalized_field_present,2,0,100.000000
ufocat,unknown,africa,2,coordinate_pile_review_state,normalized_field_present,0,2,0.000000
ufocat,unknown,africa,2,occurrence_date_role,raw_field_present,2,0,100.000000
ufocat,unknown,africa,2,exact_date,qualified_value,0,2,0.000000
ufocat,unknown,africa,2,time_of_day_raw,raw_field_present,0,2,0.000000
ufocat,unknown,africa,2,time_of_day_normalized,qualified_value,0,2,0.000000
ufocat,unknown,africa,2,reported_date_role,raw_field_present,0,2,0.000000
ufocat,unknown,africa,2,reporting_delay_estimable,qualified_value,0,2,0.000000
ufocat,unknown,africa,2,craft_normalized,normalized_field_present,2,0,100.000000
ufocat,unknown,africa,2,craft_confidence,qualified_value,2,0,100.000000
ufocat,unknown,africa,2,craft_classification_source,normalized_field_present,2,0,100.000000
ufocat,unknown,africa,2,same_day_suitability,qualified_value,2,0,100.000000
ufocat,unknown,africa,2,duplicate_lineage,normalized_field_present,2,0,100.000000
ufocat,unknown,africa,2,publisher_lineage,normalized_field_present,2,0,100.000000
ufocat,unknown,africa,2,independent_source_identity,normalized_field_present,2,0,100.000000
ufocat,unknown,africa,2,country_assignment,derived_field_present,2,0,100.000000
ufocat,unknown,africa,2,administrative_region,normalized_field_present,0,2,0.000000
ufocat,unknown,africa,2,boundary_assignment_provenance,derived_field_present,2,0,100.000000
ufocat,unknown,africa,2,duration_raw,raw_field_present,0,2,0.000000
ufocat,unknown,africa,2,witness_count_raw,raw_explicit_value,0,2,0.000000
ufocat,unknown,africa,2,sound_raw,raw_explicit_value,0,2,0.000000
ufocat,unknown,africa,2,color_raw,raw_explicit_value,0,2,0.000000
ufocat,unknown,africa,2,light_positive_mention,raw_positive_mention,0,2,0.000000
ufocat,unknown,africa,2,behavior_raw,raw_explicit_value,0,2,0.000000
ufocat,unknown,africa,2,evidence_raw,raw_explicit_value,0,2,0.000000
ufocat,unknown,asia,3,coordinate_evidence,normalized_field_present,3,0,100.000000
ufocat,unknown,asia,3,source_coordinates,qualified_value,3,0,100.000000
ufocat,unknown,asia,3,coordinate_precision,normalized_field_present,3,0,100.000000
ufocat,unknown,asia,3,coordinate_pile_review_state,normalized_field_present,0,3,0.000000
ufocat,unknown,asia,3,occurrence_date_role,raw_field_present,3,0,100.000000
ufocat,unknown,asia,3,exact_date,qualified_value,0,3,0.000000
ufocat,unknown,asia,3,time_of_day_raw,raw_field_present,1,2,33.333333
ufocat,unknown,asia,3,time_of_day_normalized,qualified_value,0,3,0.000000
ufocat,unknown,asia,3,reported_date_role,raw_field_present,0,3,0.000000
ufocat,unknown,asia,3,reporting_delay_estimable,qualified_value,0,3,0.000000
ufocat,unknown,asia,3,craft_normalized,normalized_field_present,1,2,33.333333
ufocat,unknown,asia,3,craft_confidence,qualified_value,1,2,33.333333
ufocat,unknown,asia,3,craft_classification_source,normalized_field_present,1,2,33.333333
ufocat,unknown,asia,3,same_day_suitability,qualified_value,1,2,33.333333
ufocat,unknown,asia,3,duplicate_lineage,normalized_field_present,3,0,100.000000
ufocat,unknown,asia,3,publisher_lineage,normalized_field_present,3,0,100.000000
ufocat,unknown,asia,3,independent_source_identity,normalized_field_present,3,0,100.000000
ufocat,unknown,asia,3,country_assignment,derived_field_present,3,0,100.000000
ufocat,unknown,asia,3,administrative_region,normalized_field_present,0,3,0.000000
ufocat,unknown,asia,3,boundary_assignment_provenance,derived_field_present,3,0,100.000000
ufocat,unknown,asia,3,duration_raw,raw_field_present,0,3,0.000000
ufocat,unknown,asia,3,witness_count_raw,raw_explicit_value,0,3,0.000000
ufocat,unknown,asia,3,sound_raw,raw_explicit_value,0,3,0.000000
ufocat,unknown,asia,3,color_raw,raw_explicit_value,0,3,0.000000
ufocat,unknown,asia,3,light_positive_mention,raw_positive_mention,0,3,0.000000
ufocat,unknown,asia,3,behavior_raw,raw_explicit_value,0,3,0.000000
ufocat,unknown,asia,3,evidence_raw,raw_explicit_value,0,3,0.000000
ufocat,unknown,europe,42,coordinate_evidence,normalized_field_present,42,0,100.000000
ufocat,unknown,europe,42,source_coordinates,qualified_value,42,0,100.000000
ufocat,unknown,europe,42,coordinate_precision,normalized_field_present,42,0,100.000000
ufocat,unknown,europe,42,coordinate_pile_review_state,normalized_field_present,0,42,0.000000
ufocat,unknown,europe,42,occurrence_date_role,raw_field_present,42,0,100.000000
ufocat,unknown,europe,42,exact_date,qualified_value,0,42,0.000000
ufocat,unknown,europe,42,time_of_day_raw,raw_field_present,11,31,26.190476
ufocat,unknown,europe,42,time_of_day_normalized,qualified_value,0,42,0.000000
ufocat,unknown,europe,42,reported_date_role,raw_field_present,0,42,0.000000
ufocat,unknown,europe,42,reporting_delay_estimable,qualified_value,0,42,0.000000
ufocat,unknown,europe,42,craft_normalized,normalized_field_present,23,19,54.761905
ufocat,unknown,europe,42,craft_confidence,qualified_value,16,26,38.095238
ufocat,unknown,europe,42,craft_classification_source,normalized_field_present,35,7,83.333333
ufocat,unknown,europe,42,same_day_suitability,qualified_value,15,27,35.714286
ufocat,unknown,europe,42,duplicate_lineage,normalized_field_present,42,0,100.000000
ufocat,unknown,europe,42,publisher_lineage,normalized_field_present,42,0,100.000000
ufocat,unknown,europe,42,independent_source_identity,normalized_field_present,42,0,100.000000
ufocat,unknown,europe,42,country_assignment,derived_field_present,42,0,100.000000
ufocat,unknown,europe,42,administrative_region,normalized_field_present,0,42,0.000000
ufocat,unknown,europe,42,boundary_assignment_provenance,derived_field_present,42,0,100.000000
ufocat,unknown,europe,42,duration_raw,raw_field_present,7,35,16.666667
ufocat,unknown,europe,42,witness_count_raw,raw_explicit_value,0,42,0.000000
ufocat,unknown,europe,42,sound_raw,raw_explicit_value,6,36,14.285714
ufocat,unknown,europe,42,color_raw,raw_explicit_value,9,33,21.428571
ufocat,unknown,europe,42,light_positive_mention,raw_positive_mention,0,42,0.000000
ufocat,unknown,europe,42,behavior_raw,raw_explicit_value,0,42,0.000000
ufocat,unknown,europe,42,evidence_raw,raw_explicit_value,0,42,0.000000
ufocat,unknown,latin_america_caribbean,10,coordinate_evidence,normalized_field_present,10,0,100.000000
ufocat,unknown,latin_america_caribbean,10,source_coordinates,qualified_value,10,0,100.000000
ufocat,unknown,latin_america_caribbean,10,coordinate_precision,normalized_field_present,10,0,100.000000
ufocat,unknown,latin_america_caribbean,10,coordinate_pile_review_state,normalized_field_present,0,10,0.000000
ufocat,unknown,latin_america_caribbean,10,occurrence_date_role,raw_field_present,10,0,100.000000
ufocat,unknown,latin_america_caribbean,10,exact_date,qualified_value,0,10,0.000000
ufocat,unknown,latin_america_caribbean,10,time_of_day_raw,raw_field_present,5,5,50.000000
ufocat,unknown,latin_america_caribbean,10,time_of_day_normalized,qualified_value,0,10,0.000000
ufocat,unknown,latin_america_caribbean,10,reported_date_role,raw_field_present,0,10,0.000000
ufocat,unknown,latin_america_caribbean,10,reporting_delay_estimable,qualified_value,0,10,0.000000
ufocat,unknown,latin_america_caribbean,10,craft_normalized,normalized_field_present,5,5,50.000000
ufocat,unknown,latin_america_caribbean,10,craft_confidence,qualified_value,4,6,40.000000
ufocat,unknown,latin_america_caribbean,10,craft_classification_source,normalized_field_present,7,3,70.000000
ufocat,unknown,latin_america_caribbean,10,same_day_suitability,qualified_value,4,6,40.000000
ufocat,unknown,latin_america_caribbean,10,duplicate_lineage,normalized_field_present,10,0,100.000000
ufocat,unknown,latin_america_caribbean,10,publisher_lineage,normalized_field_present,10,0,100.000000
ufocat,unknown,latin_america_caribbean,10,independent_source_identity,normalized_field_present,10,0,100.000000
ufocat,unknown,latin_america_caribbean,10,country_assignment,derived_field_present,10,0,100.000000
ufocat,unknown,latin_america_caribbean,10,administrative_region,normalized_field_present,0,10,0.000000
ufocat,unknown,latin_america_caribbean,10,boundary_assignment_provenance,derived_field_present,10,0,100.000000
ufocat,unknown,latin_america_caribbean,10,duration_raw,raw_field_present,4,6,40.000000
ufocat,unknown,latin_america_caribbean,10,witness_count_raw,raw_explicit_value,0,10,0.000000
ufocat,unknown,latin_america_caribbean,10,sound_raw,raw_explicit_value,0,10,0.000000
ufocat,unknown,latin_america_caribbean,10,color_raw,raw_explicit_value,1,9,10.000000
ufocat,unknown,latin_america_caribbean,10,light_positive_mention,raw_positive_mention,0,10,0.000000
ufocat,unknown,latin_america_caribbean,10,behavior_raw,raw_explicit_value,0,10,0.000000
ufocat,unknown,latin_america_caribbean,10,evidence_raw,raw_explicit_value,0,10,0.000000
ufocat,unknown,northern_america,242,coordinate_evidence,normalized_field_present,242,0,100.000000
ufocat,unknown,northern_america,242,source_coordinates,qualified_value,225,17,92.975207
ufocat,unknown,northern_america,242,coordinate_precision,normalized_field_present,242,0,100.000000
ufocat,unknown,northern_america,242,coordinate_pile_review_state,normalized_field_present,0,242,0.000000
ufocat,unknown,northern_america,242,occurrence_date_role,raw_field_present,242,0,100.000000
ufocat,unknown,northern_america,242,exact_date,qualified_value,0,242,0.000000
ufocat,unknown,northern_america,242,time_of_day_raw,raw_field_present,134,108,55.371901
ufocat,unknown,northern_america,242,time_of_day_normalized,qualified_value,0,242,0.000000
ufocat,unknown,northern_america,242,reported_date_role,raw_field_present,0,242,0.000000
ufocat,unknown,northern_america,242,reporting_delay_estimable,qualified_value,0,242,0.000000
ufocat,unknown,northern_america,242,craft_normalized,normalized_field_present,146,96,60.330579
ufocat,unknown,northern_america,242,craft_confidence,qualified_value,122,120,50.413223
ufocat,unknown,northern_america,242,craft_classification_source,normalized_field_present,189,53,78.099174
ufocat,unknown,northern_america,242,same_day_suitability,qualified_value,90,152,37.190083
ufocat,unknown,northern_america,242,duplicate_lineage,normalized_field_present,242,0,100.000000
ufocat,unknown,northern_america,242,publisher_lineage,normalized_field_present,242,0,100.000000
ufocat,unknown,northern_america,242,independent_source_identity,normalized_field_present,242,0,100.000000
ufocat,unknown,northern_america,242,country_assignment,derived_field_present,242,0,100.000000
ufocat,unknown,northern_america,242,administrative_region,normalized_field_present,0,242,0.000000
ufocat,unknown,northern_america,242,boundary_assignment_provenance,derived_field_present,242,0,100.000000
ufocat,unknown,northern_america,242,duration_raw,raw_field_present,56,186,23.140496
ufocat,unknown,northern_america,242,witness_count_raw,raw_explicit_value,0,242,0.000000
ufocat,unknown,northern_america,242,sound_raw,raw_explicit_value,27,215,11.157025
ufocat,unknown,northern_america,242,color_raw,raw_explicit_value,39,203,16.115702
ufocat,unknown,northern_america,242,light_positive_mention,raw_positive_mention,0,242,0.000000
ufocat,unknown,northern_america,242,behavior_raw,raw_explicit_value,0,242,0.000000
ufocat,unknown,northern_america,242,evidence_raw,raw_explicit_value,0,242,0.000000
ufocat,unknown,oceania,18,coordinate_evidence,normalized_field_present,18,0,100.000000
ufocat,unknown,oceania,18,source_coordinates,qualified_value,14,4,77.777778
ufocat,unknown,oceania,18,coordinate_precision,normalized_field_present,18,0,100.000000
ufocat,unknown,oceania,18,coordinate_pile_review_state,normalized_field_present,0,18,0.000000
ufocat,unknown,oceania,18,occurrence_date_role,raw_field_present,18,0,100.000000
ufocat,unknown,oceania,18,exact_date,qualified_value,0,18,0.000000
ufocat,unknown,oceania,18,time_of_day_raw,raw_field_present,9,9,50.000000
ufocat,unknown,oceania,18,time_of_day_normalized,qualified_value,0,18,0.000000
ufocat,unknown,oceania,18,reported_date_role,raw_field_present,0,18,0.000000
ufocat,unknown,oceania,18,reporting_delay_estimable,qualified_value,0,18,0.000000
ufocat,unknown,oceania,18,craft_normalized,normalized_field_present,5,13,27.777778
ufocat,unknown,oceania,18,craft_confidence,qualified_value,4,14,22.222222
ufocat,unknown,oceania,18,craft_classification_source,normalized_field_present,7,11,38.888889
ufocat,unknown,oceania,18,same_day_suitability,qualified_value,3,15,16.666667
ufocat,unknown,oceania,18,duplicate_lineage,normalized_field_present,18,0,100.000000
ufocat,unknown,oceania,18,publisher_lineage,normalized_field_present,18,0,100.000000
ufocat,unknown,oceania,18,independent_source_identity,normalized_field_present,18,0,100.000000
ufocat,unknown,oceania,18,country_assignment,derived_field_present,18,0,100.000000
ufocat,unknown,oceania,18,administrative_region,normalized_field_present,0,18,0.000000
ufocat,unknown,oceania,18,boundary_assignment_provenance,derived_field_present,18,0,100.000000
ufocat,unknown,oceania,18,duration_raw,raw_field_present,2,16,11.111111
ufocat,unknown,oceania,18,witness_count_raw,raw_explicit_value,0,18,0.000000
ufocat,unknown,oceania,18,sound_raw,raw_explicit_value,0,18,0.000000
ufocat,unknown,oceania,18,color_raw,raw_explicit_value,0,18,0.000000
ufocat,unknown,oceania,18,light_positive_mention,raw_positive_mention,0,18,0.000000
ufocat,unknown,oceania,18,behavior_raw,raw_explicit_value,0,18,0.000000
ufocat,unknown,oceania,18,evidence_raw,raw_explicit_value,0,18,0.000000
ufocat,unknown,unknown,144,coordinate_evidence,normalized_field_present,144,0,100.000000
ufocat,unknown,unknown,144,source_coordinates,qualified_value,24,120,16.666667
ufocat,unknown,unknown,144,coordinate_precision,normalized_field_present,133,11,92.361111
ufocat,unknown,unknown,144,coordinate_pile_review_state,normalized_field_present,0,144,0.000000
ufocat,unknown,unknown,144,occurrence_date_role,raw_field_present,136,8,94.444444
ufocat,unknown,unknown,144,exact_date,qualified_value,0,144,0.000000
ufocat,unknown,unknown,144,time_of_day_raw,raw_field_present,41,103,28.472222
ufocat,unknown,unknown,144,time_of_day_normalized,qualified_value,0,144,0.000000
ufocat,unknown,unknown,144,reported_date_role,raw_field_present,0,144,0.000000
ufocat,unknown,unknown,144,reporting_delay_estimable,qualified_value,0,144,0.000000
ufocat,unknown,unknown,144,craft_normalized,normalized_field_present,53,91,36.805556
ufocat,unknown,unknown,144,craft_confidence,qualified_value,41,103,28.472222
ufocat,unknown,unknown,144,craft_classification_source,normalized_field_present,93,51,64.583333
ufocat,unknown,unknown,144,same_day_suitability,qualified_value,28,116,19.444444
ufocat,unknown,unknown,144,duplicate_lineage,normalized_field_present,144,0,100.000000
ufocat,unknown,unknown,144,publisher_lineage,normalized_field_present,144,0,100.000000
ufocat,unknown,unknown,144,independent_source_identity,normalized_field_present,144,0,100.000000
ufocat,unknown,unknown,144,country_assignment,derived_field_present,0,144,0.000000
ufocat,unknown,unknown,144,administrative_region,normalized_field_present,0,144,0.000000
ufocat,unknown,unknown,144,boundary_assignment_provenance,derived_field_present,26,118,18.055556
ufocat,unknown,unknown,144,duration_raw,raw_field_present,15,129,10.416667
ufocat,unknown,unknown,144,witness_count_raw,raw_explicit_value,0,144,0.000000
ufocat,unknown,unknown,144,sound_raw,raw_explicit_value,5,139,3.472222
ufocat,unknown,unknown,144,color_raw,raw_explicit_value,15,129,10.416667
ufocat,unknown,unknown,144,light_positive_mention,raw_positive_mention,0,144,0.000000
ufocat,unknown,unknown,144,behavior_raw,raw_explicit_value,0,144,0.000000
ufocat,unknown,unknown,144,evidence_raw,raw_explicit_value,0,144,0.000000
